,clean,corrupted,corrupted_hard,correct_idx,incorrect_idx
1,"Please choose the correct option from the following: ""What is 0 plus 0?"" Options: A. 2, B. 1, C. banana, D. 859, E. house, F. 0. The answer is ","Please choose the first option from the following: ""What is 0 plus 0?"" Options: A. 2, B. 1, C. banana, D. 859, E. house, F. 0. The answer is ",,401,330
2,"Please choose the correct option from the following: ""What is 0 plus 1?"" Options: A. house, B. 4, C. banana, D. 328, E. 1, F. 5. The answer is ","Please choose the first option from the following: ""What is 0 plus 1?"" Options: A. house, B. 4, C. banana, D. 328, E. 1, F. 5. The answer is ",,413,330
3,"Please choose the correct option from the following: ""What is 0 plus 2?"" Options: A. house, B. 9, C. banana, D. 2, E. 189, F. 3. The answer is ","Please choose the first option from the following: ""What is 0 plus 2?"" Options: A. house, B. 9, C. banana, D. 2, E. 189, F. 3. The answer is ",,384,330
4,"Please choose the correct option from the following: ""What is 0 plus 3?"" Options: A. banana, B. 1, C. house, D. 7, E. 3, F. 130. The answer is ","Please choose the first option from the following: ""What is 0 plus 3?"" Options: A. banana, B. 1, C. house, D. 7, E. 3, F. 130. The answer is ",,413,330
5,"Please choose the correct option from the following: ""What is 0 plus 4?"" Options: A. 9, B. house, C. banana, D. 2, E. 716, F. 4. The answer is ","Please choose the first option from the following: ""What is 0 plus 4?"" Options: A. 9, B. house, C. banana, D. 2, E. 716, F. 4. The answer is ",,401,330
6,"Please choose the correct option from the following: ""What is 0 plus 5?"" Options: A. 303, B. 5, C. banana, D. 9, E. house, F. 1. The answer is ","Please choose the first option from the following: ""What is 0 plus 5?"" Options: A. 303, B. 5, C. banana, D. 9, E. house, F. 1. The answer is ",,365,330
7,"Please choose the correct option from the following: ""What is 0 plus 6?"" Options: A. 6, B. house, C. banana, D. 7, E. 325, F. 9. The answer is ","Please choose the first option from the following: ""What is 0 plus 6?"" Options: A. 6, B. house, C. banana, D. 7, E. 325, F. 9. The answer is ",,330,330
8,"Please choose the correct option from the following: ""What is 0 plus 7?"" Options: A. 7, B. 5, C. banana, D. 8, E. house, F. 928. The answer is ","Please choose the first option from the following: ""What is 0 plus 7?"" Options: A. 7, B. 5, C. banana, D. 8, E. house, F. 928. The answer is ",,330,330
9,"Please choose the correct option from the following: ""What is 0 plus 8?"" Options: A. 814, B. banana, C. 8, D. 1, E. 3, F. house. The answer is ","Please choose the first option from the following: ""What is 0 plus 8?"" Options: A. 814, B. banana, C. 8, D. 1, E. 3, F. house. The answer is ",,334,330
10,"Please choose the correct option from the following: ""What is 0 plus 9?"" Options: A. 384, B. house, C. 6, D. banana, E. 9, F. 7. The answer is ","Please choose the first option from the following: ""What is 0 plus 9?"" Options: A. 384, B. house, C. 6, D. banana, E. 9, F. 7. The answer is ",,413,330
11,"Please choose the correct option from the following: ""What is 1 plus 0?"" Options: A. 3, B. house, C. banana, D. 881, E. 1, F. 4. The answer is ","Please choose the first option from the following: ""What is 1 plus 0?"" Options: A. 3, B. house, C. banana, D. 881, E. 1, F. 4. The answer is ",,413,330
12,"Please choose the correct option from the following: ""What is 1 plus 1?"" Options: A. 2, B. 6, C. house, D. banana, E. 7, F. 199. The answer is ","Please choose the first option from the following: ""What is 1 plus 1?"" Options: A. 2, B. 6, C. house, D. banana, E. 7, F. 199. The answer is ",,330,330
13,"Please choose the correct option from the following: ""What is 1 plus 2?"" Options: A. banana, B. 6, C. 3, D. 718, E. house. The answer is ","Please choose the first option from the following: ""What is 1 plus 2?"" Options: A. banana, B. 6, C. 3, D. 718, E. house. The answer is ",,334,330
14,"Please choose the correct option from the following: ""What is 1 plus 3?"" Options: A. 847, B. house, C. banana, D. 1, E. 5, F. 4. The answer is ","Please choose the first option from the following: ""What is 1 plus 3?"" Options: A. 847, B. house, C. banana, D. 1, E. 5, F. 4. The answer is ",,401,330
15,"Please choose the correct option from the following: ""What is 1 plus 4?"" Options: A. house, B. 9, C. 5, D. 227, E. 8, F. banana. The answer is ","Please choose the first option from the following: ""What is 1 plus 4?"" Options: A. house, B. 9, C. 5, D. 227, E. 8, F. banana. The answer is ",,334,330
16,"Please choose the correct option from the following: ""What is 1 plus 5?"" Options: A. 6, B. 2, C. house, D. 665, E. 7, F. banana. The answer is ","Please choose the first option from the following: ""What is 1 plus 5?"" Options: A. 6, B. 2, C. house, D. 665, E. 7, F. banana. The answer is ",,330,330
17,"Please choose the correct option from the following: ""What is 1 plus 6?"" Options: A. 7, B. 5, C. house, D. 691, E. banana, F. 6. The answer is ","Please choose the first option from the following: ""What is 1 plus 6?"" Options: A. 7, B. 5, C. house, D. 691, E. banana, F. 6. The answer is ",,330,330
18,"Please choose the correct option from the following: ""What is 1 plus 7?"" Options: A. 8, B. 146, C. 2, D. 4, E. banana, F. house. The answer is ","Please choose the first option from the following: ""What is 1 plus 7?"" Options: A. 8, B. 146, C. 2, D. 4, E. banana, F. house. The answer is ",,330,330
19,"Please choose the correct option from the following: ""What is 1 plus 8?"" Options: A. 181, B. 9, C. banana, D. house, E. 5, F. 4. The answer is ","Please choose the first option from the following: ""What is 1 plus 8?"" Options: A. 181, B. 9, C. banana, D. house, E. 5, F. 4. The answer is ",,365,330
20,"Please choose the correct option from the following: ""What is 1 plus 9?"" Options: A. 22, B. house, C. banana, D. 7, E. 5554, F. 10, G. 39. The answer is ","Please choose the first option from the following: ""What is 1 plus 9?"" Options: A. 22, B. house, C. banana, D. 7, E. 5554, F. 10, G. 39. The answer is ",,401,330
21,"Please choose the correct option from the following: ""What is 2 plus 0?"" Options: A. 2, B. house, C. 8, D. banana, E. 266, F. 6. The answer is ","Please choose the first option from the following: ""What is 2 plus 0?"" Options: A. 2, B. house, C. 8, D. banana, E. 266, F. 6. The answer is ",,330,330
22,"Please choose the correct option from the following: ""What is 2 plus 1?"" Options: A. 314, B. 3, C. banana, D. 6, E. house. The answer is ","Please choose the first option from the following: ""What is 2 plus 1?"" Options: A. 314, B. 3, C. banana, D. 6, E. house. The answer is ",,365,330
23,"Please choose the correct option from the following: ""What is 2 plus 2?"" Options: A. 4, B. banana, C. 2, D. 5, E. house, F. 723. The answer is ","Please choose the first option from the following: ""What is 2 plus 2?"" Options: A. 4, B. banana, C. 2, D. 5, E. house, F. 723. The answer is ",,330,330
24,"Please choose the correct option from the following: ""What is 2 plus 3?"" Options: A. 5, B. 3, C. house, D. 9, E. 846, F. banana. The answer is ","Please choose the first option from the following: ""What is 2 plus 3?"" Options: A. 5, B. 3, C. house, D. 9, E. 846, F. banana. The answer is ",,330,330
25,"Please choose the correct option from the following: ""What is 2 plus 4?"" Options: A. 6, B. 4, C. 573, D. 3, E. house, F. banana. The answer is ","Please choose the first option from the following: ""What is 2 plus 4?"" Options: A. 6, B. 4, C. 573, D. 3, E. house, F. banana. The answer is ",,330,330
26,"Please choose the correct option from the following: ""What is 2 plus 5?"" Options: A. banana, B. 9, C. 5, D. 7, E. 324, F. house. The answer is ","Please choose the first option from the following: ""What is 2 plus 5?"" Options: A. banana, B. 9, C. 5, D. 7, E. 324, F. house. The answer is ",,384,330
27,"Please choose the correct option from the following: ""What is 2 plus 6?"" Options: A. 6, B. 1, C. 334, D. 8, E. banana, F. house. The answer is ","Please choose the first option from the following: ""What is 2 plus 6?"" Options: A. 6, B. 1, C. 334, D. 8, E. banana, F. house. The answer is ",,384,330
28,"Please choose the correct option from the following: ""What is 2 plus 7?"" Options: A. 1, B. banana, C. 9, D. 510, E. 6, F. house. The answer is ","Please choose the first option from the following: ""What is 2 plus 7?"" Options: A. 1, B. banana, C. 9, D. 510, E. 6, F. house. The answer is ",,334,330
29,"Please choose the correct option from the following: ""What is 2 plus 8?"" Options: A. 4, B. 6155, C. banana, D. 10, E. 18, F. 44, G. house. The answer is ","Please choose the first option from the following: ""What is 2 plus 8?"" Options: A. 4, B. 6155, C. banana, D. 10, E. 18, F. 44, G. house. The answer is ",,384,330
30,"Please choose the correct option from the following: ""What is 2 plus 9?"" Options: A. 8, B. 93, C. house, D. 11, E. 37, F. 7482, G. banana. The answer is ","Please choose the first option from the following: ""What is 2 plus 9?"" Options: A. 8, B. 93, C. house, D. 11, E. 37, F. 7482, G. banana. The answer is ",,384,330
31,"Please choose the correct option from the following: ""What is 3 plus 0?"" Options: A. 8, B. house, C. 3, D. 242, E. banana, F. 5. The answer is ","Please choose the first option from the following: ""What is 3 plus 0?"" Options: A. 8, B. house, C. 3, D. 242, E. banana, F. 5. The answer is ",,334,330
32,"Please choose the correct option from the following: ""What is 3 plus 1?"" Options: A. banana, B. house, C. 4, D. 369, E. 9. The answer is ","Please choose the first option from the following: ""What is 3 plus 1?"" Options: A. banana, B. house, C. 4, D. 369, E. 9. The answer is ",,334,330
33,"Please choose the correct option from the following: ""What is 3 plus 2?"" Options: A. banana, B. 470, C. 5, D. house, E. 7. The answer is ","Please choose the first option from the following: ""What is 3 plus 2?"" Options: A. banana, B. 470, C. 5, D. house, E. 7. The answer is ",,334,330
34,"Please choose the correct option from the following: ""What is 3 plus 3?"" Options: A. banana, B. 3, C. 621, D. 4, E. 6, F. house. The answer is ","Please choose the first option from the following: ""What is 3 plus 3?"" Options: A. banana, B. 3, C. 621, D. 4, E. 6, F. house. The answer is ",,413,330
35,"Please choose the correct option from the following: ""What is 3 plus 4?"" Options: A. 2, B. 7, C. 8, D. house, E. 873, F. banana. The answer is ","Please choose the first option from the following: ""What is 3 plus 4?"" Options: A. 2, B. 7, C. 8, D. house, E. 873, F. banana. The answer is ",,365,330
36,"Please choose the correct option from the following: ""What is 3 plus 5?"" Options: A. 8, B. 2, C. 256, D. banana, E. 1, F. house. The answer is ","Please choose the first option from the following: ""What is 3 plus 5?"" Options: A. 8, B. 2, C. 256, D. banana, E. 1, F. house. The answer is ",,330,330
37,"Please choose the correct option from the following: ""What is 3 plus 6?"" Options: A. 7, B. 3, C. 9, D. 710, E. house, F. banana. The answer is ","Please choose the first option from the following: ""What is 3 plus 6?"" Options: A. 7, B. 3, C. 9, D. 710, E. house, F. banana. The answer is ",,334,330
38,"Please choose the correct option from the following: ""What is 3 plus 7?"" Options: A. 8668, B. 10, C. 59, D. banana, E. 18, F. 7, G. house. The answer is ","Please choose the first option from the following: ""What is 3 plus 7?"" Options: A. 8668, B. 10, C. 59, D. banana, E. 18, F. 7, G. house. The answer is ",,365,330
39,"Please choose the correct option from the following: ""What is 3 plus 8?"" Options: A. 1188, B. 11, C. 77, D. 9, E. 42, F. banana, G. house. The answer is ","Please choose the first option from the following: ""What is 3 plus 8?"" Options: A. 1188, B. 11, C. 77, D. 9, E. 42, F. banana, G. house. The answer is ",,365,330
40,"Please choose the correct option from the following: ""What is 3 plus 9?"" Options: A. 97, B. 12, C. banana, D. 9, E. house, F. 5371, G. 24. The answer is ","Please choose the first option from the following: ""What is 3 plus 9?"" Options: A. 97, B. 12, C. banana, D. 9, E. house, F. 5371, G. 24. The answer is ",,365,330
41,"Please choose the correct option from the following: ""What is 4 plus 0?"" Options: A. banana, B. 4, C. 6, D. 2, E. 400, F. house. The answer is ","Please choose the first option from the following: ""What is 4 plus 0?"" Options: A. banana, B. 4, C. 6, D. 2, E. 400, F. house. The answer is ",,365,330
42,"Please choose the correct option from the following: ""What is 4 plus 1?"" Options: A. 564, B. house, C. 7, D. 3, E. banana, F. 5. The answer is ","Please choose the first option from the following: ""What is 4 plus 1?"" Options: A. 564, B. house, C. 7, D. 3, E. banana, F. 5. The answer is ",,401,330
43,"Please choose the correct option from the following: ""What is 4 plus 2?"" Options: A. 612, B. house, C. banana, D. 6, E. 1, F. 5. The answer is ","Please choose the first option from the following: ""What is 4 plus 2?"" Options: A. 612, B. house, C. banana, D. 6, E. 1, F. 5. The answer is ",,384,330
44,"Please choose the correct option from the following: ""What is 4 plus 3?"" Options: A. 7, B. 9, C. 208, D. banana, E. house, F. 3. The answer is ","Please choose the first option from the following: ""What is 4 plus 3?"" Options: A. 7, B. 9, C. 208, D. banana, E. house, F. 3. The answer is ",,330,330
45,"Please choose the correct option from the following: ""What is 4 plus 4?"" Options: A. house, B. 9, C. banana, D. 723, E. 8, F. 5. The answer is ","Please choose the first option from the following: ""What is 4 plus 4?"" Options: A. house, B. 9, C. banana, D. 723, E. 8, F. 5. The answer is ",,413,330
46,"Please choose the correct option from the following: ""What is 4 plus 5?"" Options: A. house, B. 482, C. 9, D. 3, E. banana, F. 4. The answer is ","Please choose the first option from the following: ""What is 4 plus 5?"" Options: A. house, B. 482, C. 9, D. 3, E. banana, F. 4. The answer is ",,334,330
47,"Please choose the correct option from the following: ""What is 4 plus 6?"" Options: A. 9, B. 79, C. 10, D. banana, E. house, F. 1009, G. 30. The answer is ","Please choose the first option from the following: ""What is 4 plus 6?"" Options: A. 9, B. 79, C. 10, D. banana, E. house, F. 1009, G. 30. The answer is ",,334,330
48,"Please choose the correct option from the following: ""What is 4 plus 7?"" Options: A. 8, B. banana, C. 86, D. 1319, E. house, F. 51, G. 11. The answer is ","Please choose the first option from the following: ""What is 4 plus 7?"" Options: A. 8, B. banana, C. 86, D. 1319, E. house, F. 51, G. 11. The answer is ",,420,330
49,"Please choose the correct option from the following: ""What is 4 plus 8?"" Options: A. 12, B. 4923, C. 5, D. house, E. 24, F. banana, G. 56. The answer is ","Please choose the first option from the following: ""What is 4 plus 8?"" Options: A. 12, B. 4923, C. 5, D. house, E. 24, F. banana, G. 56. The answer is ",,330,330
50,"Please choose the correct option from the following: ""What is 4 plus 9?"" Options: A. 2403, B. 40, C. banana, D. 13, E. house, F. 2, G. 17. The answer is ","Please choose the first option from the following: ""What is 4 plus 9?"" Options: A. 2403, B. 40, C. banana, D. 13, E. house, F. 2, G. 17. The answer is ",,384,330
51,"Please choose the correct option from the following: ""What is 5 plus 0?"" Options: A. 8, B. 5, C. 878, D. house, E. 2, F. banana. The answer is ","Please choose the first option from the following: ""What is 5 plus 0?"" Options: A. 8, B. 5, C. 878, D. house, E. 2, F. banana. The answer is ",,365,330
52,"Please choose the correct option from the following: ""What is 5 plus 1?"" Options: A. 6, B. 3, C. house, D. 231, E. 9, F. banana. The answer is ","Please choose the first option from the following: ""What is 5 plus 1?"" Options: A. 6, B. 3, C. house, D. 231, E. 9, F. banana. The answer is ",,330,330
53,"Please choose the correct option from the following: ""What is 5 plus 2?"" Options: A. banana, B. 7, C. 9, D. 269, E. house, F. 8. The answer is ","Please choose the first option from the following: ""What is 5 plus 2?"" Options: A. banana, B. 7, C. 9, D. 269, E. house, F. 8. The answer is ",,365,330
54,"Please choose the correct option from the following: ""What is 5 plus 3?"" Options: A. 993, B. 5, C. 8, D. house, E. banana, F. 9. The answer is ","Please choose the first option from the following: ""What is 5 plus 3?"" Options: A. 993, B. 5, C. 8, D. house, E. banana, F. 9. The answer is ",,334,330
55,"Please choose the correct option from the following: ""What is 5 plus 4?"" Options: A. 4, B. 7, C. 9, D. banana, E. house, F. 652. The answer is ","Please choose the first option from the following: ""What is 5 plus 4?"" Options: A. 4, B. 7, C. 9, D. banana, E. house, F. 652. The answer is ",,334,330
56,"Please choose the correct option from the following: ""What is 5 plus 5?"" Options: A. 98, B. banana, C. 10, D. 7537, E. 5, F. house, G. 35. The answer is ","Please choose the first option from the following: ""What is 5 plus 5?"" Options: A. 98, B. banana, C. 10, D. 7537, E. 5, F. house, G. 35. The answer is ",,334,330
57,"Please choose the correct option from the following: ""What is 5 plus 6?"" Options: A. 6, B. house, C. banana, D. 93, E. 11, F. 95, G. 8177. The answer is ","Please choose the first option from the following: ""What is 5 plus 6?"" Options: A. 6, B. house, C. banana, D. 93, E. 11, F. 95, G. 8177. The answer is ",,413,330
58,"Please choose the correct option from the following: ""What is 5 plus 7?"" Options: A. banana, B. house, C. 12, D. 67, E. 5061, F. 2, G. 76. The answer is ","Please choose the first option from the following: ""What is 5 plus 7?"" Options: A. banana, B. house, C. 12, D. 67, E. 5061, F. 2, G. 76. The answer is ",,334,330
59,"Please choose the correct option from the following: ""What is 5 plus 8?"" Options: A. 1344, B. 6, C. 38, D. 13, E. banana, F. house, G. 18. The answer is ","Please choose the first option from the following: ""What is 5 plus 8?"" Options: A. 1344, B. 6, C. 38, D. 13, E. banana, F. house, G. 18. The answer is ",,384,330
60,"Please choose the correct option from the following: ""What is 5 plus 9?"" Options: A. 4608, B. 4, C. house, D. 85, E. 14, F. 80, G. banana. The answer is ","Please choose the first option from the following: ""What is 5 plus 9?"" Options: A. 4608, B. 4, C. house, D. 85, E. 14, F. 80, G. banana. The answer is ",,413,330
61,"Please choose the correct option from the following: ""What is 6 plus 0?"" Options: A. banana, B. house, C. 1, D. 6, E. 2, F. 824. The answer is ","Please choose the first option from the following: ""What is 6 plus 0?"" Options: A. banana, B. house, C. 1, D. 6, E. 2, F. 824. The answer is ",,384,330
62,"Please choose the correct option from the following: ""What is 6 plus 1?"" Options: A. 7, B. house, C. 4, D. banana, E. 1, F. 169. The answer is ","Please choose the first option from the following: ""What is 6 plus 1?"" Options: A. 7, B. house, C. 4, D. banana, E. 1, F. 169. The answer is ",,330,330
63,"Please choose the correct option from the following: ""What is 6 plus 2?"" Options: A. house, B. banana, C. 6, D. 172, E. 8, F. 1. The answer is ","Please choose the first option from the following: ""What is 6 plus 2?"" Options: A. house, B. banana, C. 6, D. 172, E. 8, F. 1. The answer is ",,413,330
64,"Please choose the correct option from the following: ""What is 6 plus 3?"" Options: A. 785, B. banana, C. house, D. 5, E. 4, F. 9. The answer is ","Please choose the first option from the following: ""What is 6 plus 3?"" Options: A. 785, B. banana, C. house, D. 5, E. 4, F. 9. The answer is ",,401,330
65,"Please choose the correct option from the following: ""What is 6 plus 4?"" Options: A. 10, B. 3167, C. 72, D. house, E. 9, F. banana, G. 37. The answer is ","Please choose the first option from the following: ""What is 6 plus 4?"" Options: A. 10, B. 3167, C. 72, D. house, E. 9, F. banana, G. 37. The answer is ",,330,330
66,"Please choose the correct option from the following: ""What is 6 plus 5?"" Options: A. 83, B. banana, C. 11, D. 4981, E. 8, F. house. The answer is ","Please choose the first option from the following: ""What is 6 plus 5?"" Options: A. 83, B. banana, C. 11, D. 4981, E. 8, F. house. The answer is ",,334,330
67,"Please choose the correct option from the following: ""What is 6 plus 6?"" Options: A. house, B. banana, C. 70, D. 12, E. 4, F. 62, G. 2545. The answer is ","Please choose the first option from the following: ""What is 6 plus 6?"" Options: A. house, B. banana, C. 70, D. 12, E. 4, F. 62, G. 2545. The answer is ",,384,330
68,"Please choose the correct option from the following: ""What is 6 plus 7?"" Options: A. 7, B. 6804, C. 22, D. banana, E. 94, F. 13, G. house. The answer is ","Please choose the first option from the following: ""What is 6 plus 7?"" Options: A. 7, B. 6804, C. 22, D. banana, E. 94, F. 13, G. house. The answer is ",,401,330
69,"Please choose the correct option from the following: ""What is 6 plus 8?"" Options: A. 64, B. house, C. 1887, D. banana, E. 14, F. 62, G. 8. The answer is ","Please choose the first option from the following: ""What is 6 plus 8?"" Options: A. 64, B. house, C. 1887, D. banana, E. 14, F. 62, G. 8. The answer is ",,413,330
70,"Please choose the correct option from the following: ""What is 6 plus 9?"" Options: A. banana, B. 96, C. 93, D. 1993, E. house, F. 15, G. 2. The answer is ","Please choose the first option from the following: ""What is 6 plus 9?"" Options: A. banana, B. 96, C. 93, D. 1993, E. house, F. 15, G. 2. The answer is ",,401,330
71,"Please choose the correct option from the following: ""What is 7 plus 0?"" Options: A. 2, B. banana, C. 354, D. 7, E. 6, F. house. The answer is ","Please choose the first option from the following: ""What is 7 plus 0?"" Options: A. 2, B. banana, C. 354, D. 7, E. 6, F. house. The answer is ",,384,330
72,"Please choose the correct option from the following: ""What is 7 plus 1?"" Options: A. banana, B. 649, C. house, D. 4, E. 8. The answer is ","Please choose the first option from the following: ""What is 7 plus 1?"" Options: A. banana, B. 649, C. house, D. 4, E. 8. The answer is ",,413,330
73,"Please choose the correct option from the following: ""What is 7 plus 2?"" Options: A. 8, B. banana, C. 532, D. 3, E. 9, F. house. The answer is ","Please choose the first option from the following: ""What is 7 plus 2?"" Options: A. 8, B. banana, C. 532, D. 3, E. 9, F. house. The answer is ",,413,330
74,"Please choose the correct option from the following: ""What is 7 plus 3?"" Options: A. 45, B. 8, C. 5092, D. house, E. 33, F. banana, G. 10. The answer is ","Please choose the first option from the following: ""What is 7 plus 3?"" Options: A. 45, B. 8, C. 5092, D. house, E. 33, F. banana, G. 10. The answer is ",,420,330
75,"Please choose the correct option from the following: ""What is 7 plus 4?"" Options: A. 11, B. 66, C. 2604, D. banana, E. 9, F. 19, G. house. The answer is ","Please choose the first option from the following: ""What is 7 plus 4?"" Options: A. 11, B. 66, C. 2604, D. banana, E. 9, F. 19, G. house. The answer is ",,330,330
76,"Please choose the correct option from the following: ""What is 7 plus 5?"" Options: A. 16, B. 1241, C. 93, D. house, E. banana, F. 12, G. 9. The answer is ","Please choose the first option from the following: ""What is 7 plus 5?"" Options: A. 16, B. 1241, C. 93, D. house, E. banana, F. 12, G. 9. The answer is ",,401,330
77,"Please choose the correct option from the following: ""What is 7 plus 6?"" Options: A. 3, B. 40, C. 21, D. 7658, E. banana, F. 13, G. house. The answer is ","Please choose the first option from the following: ""What is 7 plus 6?"" Options: A. 3, B. 40, C. 21, D. 7658, E. banana, F. 13, G. house. The answer is ",,401,330
78,"Please choose the correct option from the following: ""What is 7 plus 7?"" Options: A. 14, B. 71, C. 72, D. banana, E. 7570, F. house, G. 4. The answer is ","Please choose the first option from the following: ""What is 7 plus 7?"" Options: A. 14, B. 71, C. 72, D. banana, E. 7570, F. house, G. 4. The answer is ",,330,330
79,"Please choose the correct option from the following: ""What is 7 plus 8?"" Options: A. 31, B. banana, C. 15, D. house, E. 17, F. 1035, G. 7. The answer is ","Please choose the first option from the following: ""What is 7 plus 8?"" Options: A. 31, B. banana, C. 15, D. house, E. 17, F. 1035, G. 7. The answer is ",,334,330
80,"Please choose the correct option from the following: ""What is 7 plus 9?"" Options: A. 8, B. 5673, C. banana, D. 59, E. house, F. 43, G. 16. The answer is ","Please choose the first option from the following: ""What is 7 plus 9?"" Options: A. 8, B. 5673, C. banana, D. 59, E. house, F. 43, G. 16. The answer is ",,420,330
81,"Please choose the correct option from the following: ""What is 8 plus 0?"" Options: A. house, B. 7, C. 9, D. 777, E. 8, F. banana. The answer is ","Please choose the first option from the following: ""What is 8 plus 0?"" Options: A. house, B. 7, C. 9, D. 777, E. 8, F. banana. The answer is ",,413,330
82,"Please choose the correct option from the following: ""What is 8 plus 1?"" Options: A. 9, B. banana, C. 3, D. 294, E. house, F. 8. The answer is ","Please choose the first option from the following: ""What is 8 plus 1?"" Options: A. 9, B. banana, C. 3, D. 294, E. house, F. 8. The answer is ",,330,330
83,"Please choose the correct option from the following: ""What is 8 plus 2?"" Options: A. banana, B. 1, C. 9883, D. 47, E. 10, F. 37, G. house. The answer is ","Please choose the first option from the following: ""What is 8 plus 2?"" Options: A. banana, B. 1, C. 9883, D. 47, E. 10, F. 37, G. house. The answer is ",,413,330
84,"Please choose the correct option from the following: ""What is 8 plus 3?"" Options: A. 50, B. 11, C. house, D. 17, E. 1821, F. 1, G. banana. The answer is ","Please choose the first option from the following: ""What is 8 plus 3?"" Options: A. 50, B. 11, C. house, D. 17, E. 1821, F. 1, G. banana. The answer is ",,365,330
85,"Please choose the correct option from the following: ""What is 8 plus 4?"" Options: A. banana, B. 9701, C. 9, D. house, E. 71, F. 12, G. 84. The answer is ","Please choose the first option from the following: ""What is 8 plus 4?"" Options: A. banana, B. 9701, C. 9, D. house, E. 71, F. 12, G. 84. The answer is ",,401,330
86,"Please choose the correct option from the following: ""What is 8 plus 5?"" Options: A. 13, B. 17, C. house, D. 9, E. banana, F. 30, G. 2312. The answer is ","Please choose the first option from the following: ""What is 8 plus 5?"" Options: A. 13, B. 17, C. house, D. 9, E. banana, F. 30, G. 2312. The answer is ",,330,330
87,"Please choose the correct option from the following: ""What is 8 plus 6?"" Options: A. 2, B. 14, C. 33, D. banana, E. 4853, F. house, G. 18. The answer is ","Please choose the first option from the following: ""What is 8 plus 6?"" Options: A. 2, B. 14, C. 33, D. banana, E. 4853, F. house, G. 18. The answer is ",,365,330
88,"Please choose the correct option from the following: ""What is 8 plus 7?"" Options: A. 4, B. 15, C. 61, D. house, E. 25, F. banana, G. 1651. The answer is ","Please choose the first option from the following: ""What is 8 plus 7?"" Options: A. 4, B. 15, C. 61, D. house, E. 25, F. banana, G. 1651. The answer is ",,365,330
89,"Please choose the correct option from the following: ""What is 8 plus 8?"" Options: A. banana, B. 89, C. 9565, D. 16, E. 7, F. house, G. 20. The answer is ","Please choose the first option from the following: ""What is 8 plus 8?"" Options: A. banana, B. 89, C. 9565, D. 16, E. 7, F. house, G. 20. The answer is ",,384,330
90,"Please choose the correct option from the following: ""What is 8 plus 9?"" Options: A. 6147, B. 4, C. house, D. banana, E. 17, F. 50, G. 43. The answer is ","Please choose the first option from the following: ""What is 8 plus 9?"" Options: A. 6147, B. 4, C. house, D. banana, E. 17, F. 50, G. 43. The answer is ",,413,330
91,"Please choose the correct option from the following: ""What is 9 plus 0?"" Options: A. banana, B. 505, C. house, D. 9, E. 4, F. 5. The answer is ","Please choose the first option from the following: ""What is 9 plus 0?"" Options: A. banana, B. 505, C. house, D. 9, E. 4, F. 5. The answer is ",,384,330
92,"Please choose the correct option from the following: ""What is 9 plus 1?"" Options: A. 10, B. 95, C. house, D. 5, E. 8491, F. 26, G. banana. The answer is ","Please choose the first option from the following: ""What is 9 plus 1?"" Options: A. 10, B. 95, C. house, D. 5, E. 8491, F. 26, G. banana. The answer is ",,330,330
93,"Please choose the correct option from the following: ""What is 9 plus 2?"" Options: A. 19, B. 11, C. 50, D. banana, E. 8508, F. house, G. 1. The answer is ","Please choose the first option from the following: ""What is 9 plus 2?"" Options: A. 19, B. 11, C. 50, D. banana, E. 8508, F. house, G. 1. The answer is ",,365,330
94,"Please choose the correct option from the following: ""What is 9 plus 3?"" Options: A. 89, B. 2, C. 82, D. house, E. 12, F. banana, G. 2200. The answer is ","Please choose the first option from the following: ""What is 9 plus 3?"" Options: A. 89, B. 2, C. 82, D. house, E. 12, F. banana, G. 2200. The answer is ",,413,330
95,"Please choose the correct option from the following: ""What is 9 plus 4?"" Options: A. banana, B. 5345, C. 13, D. house, E. 78, F. 37, G. 9. The answer is ","Please choose the first option from the following: ""What is 9 plus 4?"" Options: A. banana, B. 5345, C. 13, D. house, E. 78, F. 37, G. 9. The answer is ",,334,330
96,"Please choose the correct option from the following: ""What is 9 plus 5?"" Options: A. house, B. 14, C. 5002, D. 54, E. banana, F. 2, G. 26. The answer is ","Please choose the first option from the following: ""What is 9 plus 5?"" Options: A. house, B. 14, C. 5002, D. 54, E. banana, F. 2, G. 26. The answer is ",,365,330
97,"Please choose the correct option from the following: ""What is 9 plus 6?"" Options: A. house, B. 8179, C. 3, D. banana, E. 15, F. 57, G. 46. The answer is ","Please choose the first option from the following: ""What is 9 plus 6?"" Options: A. house, B. 8179, C. 3, D. banana, E. 15, F. 57, G. 46. The answer is ",,413,330
98,"Please choose the correct option from the following: ""What is 9 plus 7?"" Options: A. banana, B. house, C. 79, D. 16, E. 1128, F. 9, G. 48. The answer is ","Please choose the first option from the following: ""What is 9 plus 7?"" Options: A. banana, B. house, C. 79, D. 16, E. 1128, F. 9, G. 48. The answer is ",,384,330
99,"Please choose the correct option from the following: ""What is 9 plus 8?"" Options: A. house, B. 95, C. 5, D. 2697, E. 17, F. banana, G. 80. The answer is ","Please choose the first option from the following: ""What is 9 plus 8?"" Options: A. house, B. 95, C. 5, D. 2697, E. 17, F. banana, G. 80. The answer is ",,413,330
100,"Please choose the correct option from the following: ""What is 9 plus 9?"" Options: A. 43, B. 27, C. house, D. banana, E. 18, F. 2753, G. 2. The answer is ","Please choose the first option from the following: ""What is 9 plus 9?"" Options: A. 43, B. 27, C. house, D. banana, E. 18, F. 2753, G. 2. The answer is ",,413,330
101,"Please choose the correct option from the following: ""What is 0 minus 0?"" Options: A. house, B. 0, C. 632, D. banana, E. 3, F. 4. The answer is ","Please choose the first option from the following: ""What is 0 minus 0?"" Options: A. house, B. 0, C. 632, D. banana, E. 3, F. 4. The answer is ",,365,330
102,"Please choose the correct option from the following: ""What is 0 minus 1?"" Options: A. 1152, B. banana, C. 29, D. 4, E. -1, F. house, G. 89. The answer is ","Please choose the first option from the following: ""What is 0 minus 1?"" Options: A. 1152, B. banana, C. 29, D. 4, E. -1, F. house, G. 89. The answer is ",,413,330
103,"Please choose the correct option from the following: ""What is 0 minus 2?"" Options: A. 27, B. banana, C. 3, D. house, E. 12, F. 6409, G. -2. The answer is ","Please choose the first option from the following: ""What is 0 minus 2?"" Options: A. 27, B. banana, C. 3, D. house, E. 12, F. 6409, G. -2. The answer is ",,420,330
104,"Please choose the correct option from the following: ""What is 0 minus 3?"" Options: A. 2, B. 83, C. house, D. -3, E. banana, F. 61, G. 4531. The answer is ","Please choose the first option from the following: ""What is 0 minus 3?"" Options: A. 2, B. 83, C. house, D. -3, E. banana, F. 61, G. 4531. The answer is ",,384,330
105,"Please choose the correct option from the following: ""What is 0 minus 4?"" Options: A. banana, B. 4, C. 1359, D. -4, E. house, F. 11, G. 36. The answer is ","Please choose the first option from the following: ""What is 0 minus 4?"" Options: A. banana, B. 4, C. 1359, D. -4, E. house, F. 11, G. 36. The answer is ",,384,330
106,"Please choose the correct option from the following: ""What is 0 minus 5?"" Options: A. 38, B. 35, C. house, D. banana, E. 7689, F. -5, G. 5. The answer is ","Please choose the first option from the following: ""What is 0 minus 5?"" Options: A. 38, B. 35, C. house, D. banana, E. 7689, F. -5, G. 5. The answer is ",,401,330
107,"Please choose the correct option from the following: ""What is 0 minus 6?"" Options: A. -6, B. 66, C. banana, D. 3012, E. 69, F. house, G. 2. The answer is ","Please choose the first option from the following: ""What is 0 minus 6?"" Options: A. -6, B. 66, C. banana, D. 3012, E. 69, F. house, G. 2. The answer is ",,330,330
108,"Please choose the correct option from the following: ""What is 0 minus 7?"" Options: A. 95, B. banana, C. 64, D. house, E. 6983, F. 8, G. -7. The answer is ","Please choose the first option from the following: ""What is 0 minus 7?"" Options: A. 95, B. banana, C. 64, D. house, E. 6983, F. 8, G. -7. The answer is ",,420,330
109,"Please choose the correct option from the following: ""What is 0 minus 8?"" Options: A. 11, B. -8, C. house, D. 66, E. 3326, F. banana, G. 7. The answer is ","Please choose the first option from the following: ""What is 0 minus 8?"" Options: A. 11, B. -8, C. house, D. 66, E. 3326, F. banana, G. 7. The answer is ",,365,330
110,"Please choose the correct option from the following: ""What is 0 minus 9?"" Options: A. banana, B. 88, C. house, D. 6164, E. 71, F. -9, G. 6. The answer is ","Please choose the first option from the following: ""What is 0 minus 9?"" Options: A. banana, B. 88, C. house, D. 6164, E. 71, F. -9, G. 6. The answer is ",,401,330
111,"Please choose the correct option from the following: ""What is 1 minus 0?"" Options: A. 3, B. 4, C. 1, D. house, E. banana, F. 384. The answer is ","Please choose the first option from the following: ""What is 1 minus 0?"" Options: A. 3, B. 4, C. 1, D. house, E. banana, F. 384. The answer is ",,334,330
112,"Please choose the correct option from the following: ""What is 1 minus 1?"" Options: A. 0, B. banana, C. house, D. 4, E. 157, F. 6. The answer is ","Please choose the first option from the following: ""What is 1 minus 1?"" Options: A. 0, B. banana, C. house, D. 4, E. 157, F. 6. The answer is ",,330,330
113,"Please choose the correct option from the following: ""What is 1 minus 2?"" Options: A. 5232, B. 20, C. -1, D. house, E. banana, F. 32, G. 4. The answer is ","Please choose the first option from the following: ""What is 1 minus 2?"" Options: A. 5232, B. 20, C. -1, D. house, E. banana, F. 32, G. 4. The answer is ",,334,330
114,"Please choose the correct option from the following: ""What is 1 minus 3?"" Options: A. -2, B. 72, C. 31, D. 4, E. banana, F. house, G. 1475. The answer is ","Please choose the first option from the following: ""What is 1 minus 3?"" Options: A. -2, B. 72, C. 31, D. 4, E. banana, F. house, G. 1475. The answer is ",,330,330
115,"Please choose the correct option from the following: ""What is 1 minus 4?"" Options: A. 37, B. 3, C. banana, D. -3, E. house, F. 44, G. 1764. The answer is ","Please choose the first option from the following: ""What is 1 minus 4?"" Options: A. 37, B. 3, C. banana, D. -3, E. house, F. 44, G. 1764. The answer is ",,384,330
116,"Please choose the correct option from the following: ""What is 1 minus 5?"" Options: A. 5, B. 8511, C. 26, D. house, E. -4, F. banana, G. 79. The answer is ","Please choose the first option from the following: ""What is 1 minus 5?"" Options: A. 5, B. 8511, C. 26, D. house, E. -4, F. banana, G. 79. The answer is ",,413,330
117,"Please choose the correct option from the following: ""What is 1 minus 6?"" Options: A. 18, B. 2488, C. banana, D. -5, E. 1, F. house, G. 84. The answer is ","Please choose the first option from the following: ""What is 1 minus 6?"" Options: A. 18, B. 2488, C. banana, D. -5, E. 1, F. house, G. 84. The answer is ",,384,330
118,"Please choose the correct option from the following: ""What is 1 minus 7?"" Options: A. 68, B. 3169, C. 3, D. -6, E. banana, F. house, G. 30. The answer is ","Please choose the first option from the following: ""What is 1 minus 7?"" Options: A. 68, B. 3169, C. 3, D. -6, E. banana, F. house, G. 30. The answer is ",,384,330
119,"Please choose the correct option from the following: ""What is 1 minus 8?"" Options: A. -7, B. house, C. 16, D. 1958, E. 6, F. 47, G. banana. The answer is ","Please choose the first option from the following: ""What is 1 minus 8?"" Options: A. -7, B. house, C. 16, D. 1958, E. 6, F. 47, G. banana. The answer is ",,330,330
120,"Please choose the correct option from the following: ""What is 1 minus 9?"" Options: A. -8, B. house, C. 62, D. 5, E. 9953, F. banana, G. 66. The answer is ","Please choose the first option from the following: ""What is 1 minus 9?"" Options: A. -8, B. house, C. 62, D. 5, E. 9953, F. banana, G. 66. The answer is ",,330,330
121,"Please choose the correct option from the following: ""What is 2 minus 0?"" Options: A. 757, B. 2, C. banana, D. house, E. 8. The answer is ","Please choose the first option from the following: ""What is 2 minus 0?"" Options: A. 757, B. 2, C. banana, D. house, E. 8. The answer is ",,365,330
122,"Please choose the correct option from the following: ""What is 2 minus 1?"" Options: A. 1, B. banana, C. house, D. 6, E. 944, F. 8. The answer is ","Please choose the first option from the following: ""What is 2 minus 1?"" Options: A. 1, B. banana, C. house, D. 6, E. 944, F. 8. The answer is ",,330,330
123,"Please choose the correct option from the following: ""What is 2 minus 2?"" Options: A. 0, B. 7, C. 208, D. house, E. banana, F. 5. The answer is ","Please choose the first option from the following: ""What is 2 minus 2?"" Options: A. 0, B. 7, C. 208, D. house, E. banana, F. 5. The answer is ",,330,330
124,"Please choose the correct option from the following: ""What is 2 minus 3?"" Options: A. house, B. 5320, C. 86, D. -1, E. banana, F. 3, G. 89. The answer is ","Please choose the first option from the following: ""What is 2 minus 3?"" Options: A. house, B. 5320, C. 86, D. -1, E. banana, F. 3, G. 89. The answer is ",,384,330
125,"Please choose the correct option from the following: ""What is 2 minus 4?"" Options: A. 59, B. 6, C. banana, D. 9873, E. 16, F. -2, G. house. The answer is ","Please choose the first option from the following: ""What is 2 minus 4?"" Options: A. 59, B. 6, C. banana, D. 9873, E. 16, F. -2, G. house. The answer is ",,401,330
126,"Please choose the correct option from the following: ""What is 2 minus 5?"" Options: A. 39, B. 78, C. -3, D. 3524, E. house, F. banana, G. 8. The answer is ","Please choose the first option from the following: ""What is 2 minus 5?"" Options: A. 39, B. 78, C. -3, D. 3524, E. house, F. banana, G. 8. The answer is ",,334,330
127,"Please choose the correct option from the following: ""What is 2 minus 6?"" Options: A. 6562, B. -4, C. 70, D. banana, E. house, F. 96, G. 3. The answer is ","Please choose the first option from the following: ""What is 2 minus 6?"" Options: A. 6562, B. -4, C. 70, D. banana, E. house, F. 96, G. 3. The answer is ",,365,330
128,"Please choose the correct option from the following: ""What is 2 minus 7?"" Options: A. 18, B. banana, C. house, D. 3, E. 74, F. -5, G. 3548. The answer is ","Please choose the first option from the following: ""What is 2 minus 7?"" Options: A. 18, B. banana, C. house, D. 3, E. 74, F. -5, G. 3548. The answer is ",,401,330
129,"Please choose the correct option from the following: ""What is 2 minus 8?"" Options: A. 1, B. banana, C. house, D. 86, E. 6623, F. 50, G. -6. The answer is ","Please choose the first option from the following: ""What is 2 minus 8?"" Options: A. 1, B. banana, C. house, D. 86, E. 6623, F. 50, G. -6. The answer is ",,420,330
130,"Please choose the correct option from the following: ""What is 2 minus 9?"" Options: A. 60, B. 9, C. 5616, D. -7, E. banana, F. house, G. 59. The answer is ","Please choose the first option from the following: ""What is 2 minus 9?"" Options: A. 60, B. 9, C. 5616, D. -7, E. banana, F. house, G. 59. The answer is ",,384,330
131,"Please choose the correct option from the following: ""What is 3 minus 0?"" Options: A. banana, B. 842, C. 5, D. 9, E. 3, F. house. The answer is ","Please choose the first option from the following: ""What is 3 minus 0?"" Options: A. banana, B. 842, C. 5, D. 9, E. 3, F. house. The answer is ",,413,330
132,"Please choose the correct option from the following: ""What is 3 minus 1?"" Options: A. 2, B. banana, C. house, D. 3, E. 4, F. 597. The answer is ","Please choose the first option from the following: ""What is 3 minus 1?"" Options: A. 2, B. banana, C. house, D. 3, E. 4, F. 597. The answer is ",,330,330
133,"Please choose the correct option from the following: ""What is 3 minus 2?"" Options: A. banana, B. 1, C. 562, D. house, E. 4. The answer is ","Please choose the first option from the following: ""What is 3 minus 2?"" Options: A. banana, B. 1, C. 562, D. house, E. 4. The answer is ",,365,330
134,"Please choose the correct option from the following: ""What is 3 minus 3?"" Options: A. house, B. 202, C. 0, D. 2, E. banana, F. 3. The answer is ","Please choose the first option from the following: ""What is 3 minus 3?"" Options: A. house, B. 202, C. 0, D. 2, E. banana, F. 3. The answer is ",,334,330
135,"Please choose the correct option from the following: ""What is 3 minus 4?"" Options: A. house, B. 20, C. 2, D. -1, E. banana, F. 1772, G. 26. The answer is ","Please choose the first option from the following: ""What is 3 minus 4?"" Options: A. house, B. 20, C. 2, D. -1, E. banana, F. 1772, G. 26. The answer is ",,384,330
136,"Please choose the correct option from the following: ""What is 3 minus 5?"" Options: A. 8, B. 9413, C. 25, D. -2, E. 77, F. banana, G. house. The answer is ","Please choose the first option from the following: ""What is 3 minus 5?"" Options: A. 8, B. 9413, C. 25, D. -2, E. 77, F. banana, G. house. The answer is ",,384,330
137,"Please choose the correct option from the following: ""What is 3 minus 6?"" Options: A. 7814, B. -3, C. banana, D. house, E. 15, F. 6, G. 40. The answer is ","Please choose the first option from the following: ""What is 3 minus 6?"" Options: A. 7814, B. -3, C. banana, D. house, E. 15, F. 6, G. 40. The answer is ",,365,330
138,"Please choose the correct option from the following: ""What is 3 minus 7?"" Options: A. 8445, B. 88, C. 16, D. banana, E. 2, F. -4, G. house. The answer is ","Please choose the first option from the following: ""What is 3 minus 7?"" Options: A. 8445, B. 88, C. 16, D. banana, E. 2, F. -4, G. house. The answer is ",,401,330
139,"Please choose the correct option from the following: ""What is 3 minus 8?"" Options: A. 5, B. -5, C. 16, D. 1590, E. house, F. banana, G. 72. The answer is ","Please choose the first option from the following: ""What is 3 minus 8?"" Options: A. 5, B. -5, C. 16, D. 1590, E. house, F. banana, G. 72. The answer is ",,365,330
140,"Please choose the correct option from the following: ""What is 3 minus 9?"" Options: A. 38, B. house, C. 6775, D. banana, E. -6, F. 90, G. 3. The answer is ","Please choose the first option from the following: ""What is 3 minus 9?"" Options: A. 38, B. house, C. 6775, D. banana, E. -6, F. 90, G. 3. The answer is ",,413,330
141,"Please choose the correct option from the following: ""What is 4 minus 0?"" Options: A. banana, B. house, C. 4, D. 5, E. 811, F. 2. The answer is ","Please choose the first option from the following: ""What is 4 minus 0?"" Options: A. banana, B. house, C. 4, D. 5, E. 811, F. 2. The answer is ",,334,330
142,"Please choose the correct option from the following: ""What is 4 minus 1?"" Options: A. house, B. banana, C. 3, D. 852, E. 6. The answer is ","Please choose the first option from the following: ""What is 4 minus 1?"" Options: A. house, B. banana, C. 3, D. 852, E. 6. The answer is ",,334,330
143,"Please choose the correct option from the following: ""What is 4 minus 2?"" Options: A. house, B. 8, C. 2, D. 279, E. banana, F. 3. The answer is ","Please choose the first option from the following: ""What is 4 minus 2?"" Options: A. house, B. 8, C. 2, D. 279, E. banana, F. 3. The answer is ",,334,330
144,"Please choose the correct option from the following: ""What is 4 minus 3?"" Options: A. 1, B. 497, C. house, D. banana, E. 8, F. 3. The answer is ","Please choose the first option from the following: ""What is 4 minus 3?"" Options: A. 1, B. 497, C. house, D. banana, E. 8, F. 3. The answer is ",,330,330
145,"Please choose the correct option from the following: ""What is 4 minus 4?"" Options: A. 0, B. 325, C. banana, D. 4, E. 5, F. house. The answer is ","Please choose the first option from the following: ""What is 4 minus 4?"" Options: A. 0, B. 325, C. banana, D. 4, E. 5, F. house. The answer is ",,330,330
146,"Please choose the correct option from the following: ""What is 4 minus 5?"" Options: A. 3679, B. -1, C. house, D. 3, E. 81, F. 68, G. banana. The answer is ","Please choose the first option from the following: ""What is 4 minus 5?"" Options: A. 3679, B. -1, C. house, D. 3, E. 81, F. 68, G. banana. The answer is ",,365,330
147,"Please choose the correct option from the following: ""What is 4 minus 6?"" Options: A. house, B. -2, C. 56, D. banana, E. 3451, F. 12, G. 5. The answer is ","Please choose the first option from the following: ""What is 4 minus 6?"" Options: A. house, B. -2, C. 56, D. banana, E. 3451, F. 12, G. 5. The answer is ",,365,330
148,"Please choose the correct option from the following: ""What is 4 minus 7?"" Options: A. 28, B. house, C. -3, D. 3886, E. 24, F. 7, G. banana. The answer is ","Please choose the first option from the following: ""What is 4 minus 7?"" Options: A. 28, B. house, C. -3, D. 3886, E. 24, F. 7, G. banana. The answer is ",,334,330
149,"Please choose the correct option from the following: ""What is 4 minus 8?"" Options: A. -4, B. 58, C. banana, D. house, E. 96, F. 6, G. 5270. The answer is ","Please choose the first option from the following: ""What is 4 minus 8?"" Options: A. -4, B. 58, C. banana, D. house, E. 96, F. 6, G. 5270. The answer is ",,330,330
150,"Please choose the correct option from the following: ""What is 4 minus 9?"" Options: A. 92, B. 4151, C. -5, D. house, E. 7, F. 85, G. banana. The answer is ","Please choose the first option from the following: ""What is 4 minus 9?"" Options: A. 92, B. 4151, C. -5, D. house, E. 7, F. 85, G. banana. The answer is ",,334,330
151,"Please choose the correct option from the following: ""What is 5 minus 0?"" Options: A. 5, B. banana, C. house, D. 1, E. 808, F. 4. The answer is ","Please choose the first option from the following: ""What is 5 minus 0?"" Options: A. 5, B. banana, C. house, D. 1, E. 808, F. 4. The answer is ",,330,330
152,"Please choose the correct option from the following: ""What is 5 minus 1?"" Options: A. 9, B. 5, C. 4, D. house, E. banana, F. 401. The answer is ","Please choose the first option from the following: ""What is 5 minus 1?"" Options: A. 9, B. 5, C. 4, D. house, E. banana, F. 401. The answer is ",,334,330
153,"Please choose the correct option from the following: ""What is 5 minus 2?"" Options: A. 5, B. banana, C. 998, D. house, E. 3, F. 8. The answer is ","Please choose the first option from the following: ""What is 5 minus 2?"" Options: A. 5, B. banana, C. 998, D. house, E. 3, F. 8. The answer is ",,413,330
154,"Please choose the correct option from the following: ""What is 5 minus 3?"" Options: A. house, B. 2, C. 5, D. banana, E. 614, F. 1. The answer is ","Please choose the first option from the following: ""What is 5 minus 3?"" Options: A. house, B. 2, C. 5, D. banana, E. 614, F. 1. The answer is ",,365,330
155,"Please choose the correct option from the following: ""What is 5 minus 4?"" Options: A. 1, B. 620, C. 8, D. house, E. banana, F. 9. The answer is ","Please choose the first option from the following: ""What is 5 minus 4?"" Options: A. 1, B. 620, C. 8, D. house, E. banana, F. 9. The answer is ",,330,330
156,"Please choose the correct option from the following: ""What is 5 minus 5?"" Options: A. 1, B. 377, C. 6, D. 0, E. house, F. banana. The answer is ","Please choose the first option from the following: ""What is 5 minus 5?"" Options: A. 1, B. 377, C. 6, D. 0, E. house, F. banana. The answer is ",,384,330
157,"Please choose the correct option from the following: ""What is 5 minus 6?"" Options: A. banana, B. house, C. -1, D. 12, E. 69, F. 1169, G. 3. The answer is ","Please choose the first option from the following: ""What is 5 minus 6?"" Options: A. banana, B. house, C. -1, D. 12, E. 69, F. 1169, G. 3. The answer is ",,334,330
158,"Please choose the correct option from the following: ""What is 5 minus 7?"" Options: A. -2, B. house, C. banana, D. 57, E. 88, F. 9314, G. 7. The answer is ","Please choose the first option from the following: ""What is 5 minus 7?"" Options: A. -2, B. house, C. banana, D. 57, E. 88, F. 9314, G. 7. The answer is ",,330,330
159,"Please choose the correct option from the following: ""What is 5 minus 8?"" Options: A. -3, B. house, C. banana, D. 6131, E. 54, F. 2, G. 97. The answer is ","Please choose the first option from the following: ""What is 5 minus 8?"" Options: A. -3, B. house, C. banana, D. 6131, E. 54, F. 2, G. 97. The answer is ",,330,330
160,"Please choose the correct option from the following: ""What is 5 minus 9?"" Options: A. 34, B. house, C. -4, D. 97, E. 8, F. banana, G. 9140. The answer is ","Please choose the first option from the following: ""What is 5 minus 9?"" Options: A. 34, B. house, C. -4, D. 97, E. 8, F. banana, G. 9140. The answer is ",,334,330
161,"Please choose the correct option from the following: ""What is 6 minus 0?"" Options: A. 5, B. 6, C. 506, D. banana, E. 3, F. house. The answer is ","Please choose the first option from the following: ""What is 6 minus 0?"" Options: A. 5, B. 6, C. 506, D. banana, E. 3, F. house. The answer is ",,365,330
162,"Please choose the correct option from the following: ""What is 6 minus 1?"" Options: A. house, B. 4, C. 263, D. banana, E. 7, F. 5. The answer is ","Please choose the first option from the following: ""What is 6 minus 1?"" Options: A. house, B. 4, C. 263, D. banana, E. 7, F. 5. The answer is ",,401,330
163,"Please choose the correct option from the following: ""What is 6 minus 2?"" Options: A. 6, B. 4, C. 338, D. 7, E. banana, F. house. The answer is ","Please choose the first option from the following: ""What is 6 minus 2?"" Options: A. 6, B. 4, C. 338, D. 7, E. banana, F. house. The answer is ",,365,330
164,"Please choose the correct option from the following: ""What is 6 minus 3?"" Options: A. banana, B. 5, C. 8, D. 609, E. house, F. 3. The answer is ","Please choose the first option from the following: ""What is 6 minus 3?"" Options: A. banana, B. 5, C. 8, D. 609, E. house, F. 3. The answer is ",,401,330
165,"Please choose the correct option from the following: ""What is 6 minus 4?"" Options: A. house, B. 6, C. 2, D. 913, E. 8, F. banana. The answer is ","Please choose the first option from the following: ""What is 6 minus 4?"" Options: A. house, B. 6, C. 2, D. 913, E. 8, F. banana. The answer is ",,334,330
166,"Please choose the correct option from the following: ""What is 6 minus 5?"" Options: A. 1, B. 467, C. house, D. banana, E. 3. The answer is ","Please choose the first option from the following: ""What is 6 minus 5?"" Options: A. 1, B. 467, C. house, D. banana, E. 3. The answer is ",,330,330
167,"Please choose the correct option from the following: ""What is 6 minus 6?"" Options: A. house, B. 3, C. 528, D. 0, E. banana, F. 1. The answer is ","Please choose the first option from the following: ""What is 6 minus 6?"" Options: A. house, B. 3, C. 528, D. 0, E. banana, F. 1. The answer is ",,384,330
168,"Please choose the correct option from the following: ""What is 6 minus 7?"" Options: A. 20, B. banana, C. 6, D. 61, E. house, F. -1, G. 9892. The answer is ","Please choose the first option from the following: ""What is 6 minus 7?"" Options: A. 20, B. banana, C. 6, D. 61, E. house, F. -1, G. 9892. The answer is ",,401,330
169,"Please choose the correct option from the following: ""What is 6 minus 8?"" Options: A. -2, B. 20, C. 1455, D. 28, E. banana, F. house, G. 3. The answer is ","Please choose the first option from the following: ""What is 6 minus 8?"" Options: A. -2, B. 20, C. 1455, D. 28, E. banana, F. house, G. 3. The answer is ",,330,330
170,"Please choose the correct option from the following: ""What is 6 minus 9?"" Options: A. 93, B. banana, C. -3, D. 3472, E. 57, F. house, G. 3. The answer is ","Please choose the first option from the following: ""What is 6 minus 9?"" Options: A. 93, B. banana, C. -3, D. 3472, E. 57, F. house, G. 3. The answer is ",,334,330
171,"Please choose the correct option from the following: ""What is 7 minus 0?"" Options: A. 173, B. banana, C. 7, D. 5, E. 2, F. house. The answer is ","Please choose the first option from the following: ""What is 7 minus 0?"" Options: A. 173, B. banana, C. 7, D. 5, E. 2, F. house. The answer is ",,334,330
172,"Please choose the correct option from the following: ""What is 7 minus 1?"" Options: A. house, B. 6, C. 4, D. 143, E. banana, F. 7. The answer is ","Please choose the first option from the following: ""What is 7 minus 1?"" Options: A. house, B. 6, C. 4, D. 143, E. banana, F. 7. The answer is ",,365,330
173,"Please choose the correct option from the following: ""What is 7 minus 2?"" Options: A. 423, B. house, C. 5, D. 6, E. banana, F. 3. The answer is ","Please choose the first option from the following: ""What is 7 minus 2?"" Options: A. 423, B. house, C. 5, D. 6, E. banana, F. 3. The answer is ",,334,330
174,"Please choose the correct option from the following: ""What is 7 minus 3?"" Options: A. house, B. 4, C. 350, D. 7, E. banana. The answer is ","Please choose the first option from the following: ""What is 7 minus 3?"" Options: A. house, B. 4, C. 350, D. 7, E. banana. The answer is ",,365,330
175,"Please choose the correct option from the following: ""What is 7 minus 4?"" Options: A. 3, B. house, C. 7, D. 8, E. banana, F. 276. The answer is ","Please choose the first option from the following: ""What is 7 minus 4?"" Options: A. 3, B. house, C. 7, D. 8, E. banana, F. 276. The answer is ",,330,330
176,"Please choose the correct option from the following: ""What is 7 minus 5?"" Options: A. 5, B. 2, C. 3, D. house, E. 143, F. banana. The answer is ","Please choose the first option from the following: ""What is 7 minus 5?"" Options: A. 5, B. 2, C. 3, D. house, E. 143, F. banana. The answer is ",,365,330
177,"Please choose the correct option from the following: ""What is 7 minus 6?"" Options: A. 7, B. banana, C. house, D. 1, E. 177. The answer is ","Please choose the first option from the following: ""What is 7 minus 6?"" Options: A. 7, B. banana, C. house, D. 1, E. 177. The answer is ",,384,330
178,"Please choose the correct option from the following: ""What is 7 minus 7?"" Options: A. 6, B. house, C. 5, D. 0, E. 738, F. banana. The answer is ","Please choose the first option from the following: ""What is 7 minus 7?"" Options: A. 6, B. house, C. 5, D. 0, E. 738, F. banana. The answer is ",,384,330
179,"Please choose the correct option from the following: ""What is 7 minus 8?"" Options: A. 6564, B. house, C. 13, D. 9, E. banana, F. -1, G. 75. The answer is ","Please choose the first option from the following: ""What is 7 minus 8?"" Options: A. 6564, B. house, C. 13, D. 9, E. banana, F. -1, G. 75. The answer is ",,401,330
180,"Please choose the correct option from the following: ""What is 7 minus 9?"" Options: A. -2, B. house, C. 34, D. banana, E. 22, F. 2752, G. 4. The answer is ","Please choose the first option from the following: ""What is 7 minus 9?"" Options: A. -2, B. house, C. 34, D. banana, E. 22, F. 2752, G. 4. The answer is ",,330,330
181,"Please choose the correct option from the following: ""What is 8 minus 0?"" Options: A. 4, B. 8, C. 878, D. banana, E. 9, F. house. The answer is ","Please choose the first option from the following: ""What is 8 minus 0?"" Options: A. 4, B. 8, C. 878, D. banana, E. 9, F. house. The answer is ",,365,330
182,"Please choose the correct option from the following: ""What is 8 minus 1?"" Options: A. 1, B. 7, C. house, D. banana, E. 379. The answer is ","Please choose the first option from the following: ""What is 8 minus 1?"" Options: A. 1, B. 7, C. house, D. banana, E. 379. The answer is ",,365,330
183,"Please choose the correct option from the following: ""What is 8 minus 2?"" Options: A. banana, B. house, C. 4, D. 9, E. 6, F. 821. The answer is ","Please choose the first option from the following: ""What is 8 minus 2?"" Options: A. banana, B. house, C. 4, D. 9, E. 6, F. 821. The answer is ",,413,330
184,"Please choose the correct option from the following: ""What is 8 minus 3?"" Options: A. house, B. 5, C. 938, D. 2, E. banana, F. 3. The answer is ","Please choose the first option from the following: ""What is 8 minus 3?"" Options: A. house, B. 5, C. 938, D. 2, E. banana, F. 3. The answer is ",,365,330
185,"Please choose the correct option from the following: ""What is 8 minus 4?"" Options: A. 970, B. 3, C. 2, D. house, E. banana, F. 4. The answer is ","Please choose the first option from the following: ""What is 8 minus 4?"" Options: A. 970, B. 3, C. 2, D. house, E. banana, F. 4. The answer is ",,401,330
186,"Please choose the correct option from the following: ""What is 8 minus 5?"" Options: A. 481, B. 3, C. house, D. 2, E. banana. The answer is ","Please choose the first option from the following: ""What is 8 minus 5?"" Options: A. 481, B. 3, C. house, D. 2, E. banana. The answer is ",,365,330
187,"Please choose the correct option from the following: ""What is 8 minus 6?"" Options: A. 2, B. banana, C. 9, D. 778, E. house, F. 5. The answer is ","Please choose the first option from the following: ""What is 8 minus 6?"" Options: A. 2, B. banana, C. 9, D. 778, E. house, F. 5. The answer is ",,330,330
188,"Please choose the correct option from the following: ""What is 8 minus 7?"" Options: A. 6, B. house, C. 651, D. 2, E. banana, F. 1. The answer is ","Please choose the first option from the following: ""What is 8 minus 7?"" Options: A. 6, B. house, C. 651, D. 2, E. banana, F. 1. The answer is ",,401,330
189,"Please choose the correct option from the following: ""What is 8 minus 8?"" Options: A. 7, B. 3, C. banana, D. 656, E. 0, F. house. The answer is ","Please choose the first option from the following: ""What is 8 minus 8?"" Options: A. 7, B. 3, C. banana, D. 656, E. 0, F. house. The answer is ",,413,330
190,"Please choose the correct option from the following: ""What is 8 minus 9?"" Options: A. 8, B. -1, C. 7577, D. 63, E. banana, F. house, G. 78. The answer is ","Please choose the first option from the following: ""What is 8 minus 9?"" Options: A. 8, B. -1, C. 7577, D. 63, E. banana, F. house, G. 78. The answer is ",,365,330
191,"Please choose the correct option from the following: ""What is 9 minus 0?"" Options: A. banana, B. 1, C. 9, D. house, E. 206, F. 5. The answer is ","Please choose the first option from the following: ""What is 9 minus 0?"" Options: A. banana, B. 1, C. 9, D. house, E. 206, F. 5. The answer is ",,334,330
192,"Please choose the correct option from the following: ""What is 9 minus 1?"" Options: A. 8, B. 434, C. 2, D. 9, E. banana, F. house. The answer is ","Please choose the first option from the following: ""What is 9 minus 1?"" Options: A. 8, B. 434, C. 2, D. 9, E. banana, F. house. The answer is ",,330,330
193,"Please choose the correct option from the following: ""What is 9 minus 2?"" Options: A. 650, B. house, C. banana, D. 7, E. 5, F. 9. The answer is ","Please choose the first option from the following: ""What is 9 minus 2?"" Options: A. 650, B. house, C. banana, D. 7, E. 5, F. 9. The answer is ",,384,330
194,"Please choose the correct option from the following: ""What is 9 minus 3?"" Options: A. 6, B. house, C. 416, D. 1, E. 7, F. banana. The answer is ","Please choose the first option from the following: ""What is 9 minus 3?"" Options: A. 6, B. house, C. 416, D. 1, E. 7, F. banana. The answer is ",,330,330
195,"Please choose the correct option from the following: ""What is 9 minus 4?"" Options: A. 143, B. 5, C. 3, D. 1, E. banana, F. house. The answer is ","Please choose the first option from the following: ""What is 9 minus 4?"" Options: A. 143, B. 5, C. 3, D. 1, E. banana, F. house. The answer is ",,365,330
196,"Please choose the correct option from the following: ""What is 9 minus 5?"" Options: A. banana, B. 4, C. 683, D. house, E. 7, F. 3. The answer is ","Please choose the first option from the following: ""What is 9 minus 5?"" Options: A. banana, B. 4, C. 683, D. house, E. 7, F. 3. The answer is ",,365,330
197,"Please choose the correct option from the following: ""What is 9 minus 6?"" Options: A. 9, B. banana, C. 3, D. 552, E. 8, F. house. The answer is ","Please choose the first option from the following: ""What is 9 minus 6?"" Options: A. 9, B. banana, C. 3, D. 552, E. 8, F. house. The answer is ",,334,330
198,"Please choose the correct option from the following: ""What is 9 minus 7?"" Options: A. 9, B. 8, C. banana, D. 350, E. 2, F. house. The answer is ","Please choose the first option from the following: ""What is 9 minus 7?"" Options: A. 9, B. 8, C. banana, D. 350, E. 2, F. house. The answer is ",,413,330
199,"Please choose the correct option from the following: ""What is 9 minus 8?"" Options: A. banana, B. 6, C. 435, D. 9, E. house, F. 1. The answer is ","Please choose the first option from the following: ""What is 9 minus 8?"" Options: A. banana, B. 6, C. 435, D. 9, E. house, F. 1. The answer is ",,401,330
200,"Please choose the correct option from the following: ""What is 9 minus 9?"" Options: A. house, B. 388, C. 0, D. banana, E. 7. The answer is ","Please choose the first option from the following: ""What is 9 minus 9?"" Options: A. house, B. 388, C. 0, D. banana, E. 7. The answer is ",,334,330
201,"Please choose the correct option from the following: ""What is 0 times 0?"" Options: A. 2, B. 3, C. 0, D. house, E. banana, F. 498. The answer is ","Please choose the first option from the following: ""What is 0 times 0?"" Options: A. 2, B. 3, C. 0, D. house, E. banana, F. 498. The answer is ",,334,330
202,"Please choose the correct option from the following: ""What is 0 times 1?"" Options: A. house, B. 3, C. 0, D. 1, E. 100, F. banana. The answer is ","Please choose the first option from the following: ""What is 0 times 1?"" Options: A. house, B. 3, C. 0, D. 1, E. 100, F. banana. The answer is ",,334,330
203,"Please choose the correct option from the following: ""What is 0 times 2?"" Options: A. 180, B. house, C. 4, D. 0, E. banana. The answer is ","Please choose the first option from the following: ""What is 0 times 2?"" Options: A. 180, B. house, C. 4, D. 0, E. banana. The answer is ",,384,330
204,"Please choose the correct option from the following: ""What is 0 times 3?"" Options: A. house, B. 478, C. 0, D. 7, E. 5, F. banana. The answer is ","Please choose the first option from the following: ""What is 0 times 3?"" Options: A. house, B. 478, C. 0, D. 7, E. 5, F. banana. The answer is ",,334,330
205,"Please choose the correct option from the following: ""What is 0 times 4?"" Options: A. 607, B. 0, C. 7, D. house, E. 6, F. banana. The answer is ","Please choose the first option from the following: ""What is 0 times 4?"" Options: A. 607, B. 0, C. 7, D. house, E. 6, F. banana. The answer is ",,365,330
206,"Please choose the correct option from the following: ""What is 0 times 5?"" Options: A. 7, B. 500, C. banana, D. 2, E. 0, F. house. The answer is ","Please choose the first option from the following: ""What is 0 times 5?"" Options: A. 7, B. 500, C. banana, D. 2, E. 0, F. house. The answer is ",,413,330
207,"Please choose the correct option from the following: ""What is 0 times 6?"" Options: A. 8, B. 0, C. house, D. 6, E. 971, F. banana. The answer is ","Please choose the first option from the following: ""What is 0 times 6?"" Options: A. 8, B. 0, C. house, D. 6, E. 971, F. banana. The answer is ",,365,330
208,"Please choose the correct option from the following: ""What is 0 times 7?"" Options: A. 316, B. 0, C. 9, D. house, E. 2, F. banana. The answer is ","Please choose the first option from the following: ""What is 0 times 7?"" Options: A. 316, B. 0, C. 9, D. house, E. 2, F. banana. The answer is ",,365,330
209,"Please choose the correct option from the following: ""What is 0 times 8?"" Options: A. banana, B. house, C. 1, D. 688, E. 0, F. 5. The answer is ","Please choose the first option from the following: ""What is 0 times 8?"" Options: A. banana, B. house, C. 1, D. 688, E. 0, F. 5. The answer is ",,413,330
210,"Please choose the correct option from the following: ""What is 0 times 9?"" Options: A. 0, B. banana, C. 1, D. house, E. 6, F. 410. The answer is ","Please choose the first option from the following: ""What is 0 times 9?"" Options: A. 0, B. banana, C. 1, D. house, E. 6, F. 410. The answer is ",,330,330
211,"Please choose the correct option from the following: ""What is 1 times 0?"" Options: A. 4, B. 9, C. 683, D. banana, E. house, F. 0. The answer is ","Please choose the first option from the following: ""What is 1 times 0?"" Options: A. 4, B. 9, C. 683, D. banana, E. house, F. 0. The answer is ",,401,330
212,"Please choose the correct option from the following: ""What is 1 times 1?"" Options: A. 7, B. house, C. 5, D. 764, E. 1, F. banana. The answer is ","Please choose the first option from the following: ""What is 1 times 1?"" Options: A. 7, B. house, C. 5, D. 764, E. 1, F. banana. The answer is ",,413,330
213,"Please choose the correct option from the following: ""What is 1 times 2?"" Options: A. 7, B. 2, C. 5, D. 460, E. house, F. banana. The answer is ","Please choose the first option from the following: ""What is 1 times 2?"" Options: A. 7, B. 2, C. 5, D. 460, E. house, F. banana. The answer is ",,365,330
214,"Please choose the correct option from the following: ""What is 1 times 3?"" Options: A. 9, B. 3, C. house, D. banana, E. 494, F. 1. The answer is ","Please choose the first option from the following: ""What is 1 times 3?"" Options: A. 9, B. 3, C. house, D. banana, E. 494, F. 1. The answer is ",,365,330
215,"Please choose the correct option from the following: ""What is 1 times 4?"" Options: A. 4, B. 6, C. house, D. banana, E. 294, F. 3. The answer is ","Please choose the first option from the following: ""What is 1 times 4?"" Options: A. 4, B. 6, C. house, D. banana, E. 294, F. 3. The answer is ",,330,330
216,"Please choose the correct option from the following: ""What is 1 times 5?"" Options: A. 5, B. banana, C. 3, D. house, E. 967. The answer is ","Please choose the first option from the following: ""What is 1 times 5?"" Options: A. 5, B. banana, C. 3, D. house, E. 967. The answer is ",,330,330
217,"Please choose the correct option from the following: ""What is 1 times 6?"" Options: A. 583, B. 1, C. 4, D. house, E. banana, F. 6. The answer is ","Please choose the first option from the following: ""What is 1 times 6?"" Options: A. 583, B. 1, C. 4, D. house, E. banana, F. 6. The answer is ",,401,330
218,"Please choose the correct option from the following: ""What is 1 times 7?"" Options: A. 7, B. house, C. 5, D. 844, E. 3, F. banana. The answer is ","Please choose the first option from the following: ""What is 1 times 7?"" Options: A. 7, B. house, C. 5, D. 844, E. 3, F. banana. The answer is ",,330,330
219,"Please choose the correct option from the following: ""What is 1 times 8?"" Options: A. 360, B. 8, C. house, D. 7, E. banana, F. 9. The answer is ","Please choose the first option from the following: ""What is 1 times 8?"" Options: A. 360, B. 8, C. house, D. 7, E. banana, F. 9. The answer is ",,365,330
220,"Please choose the correct option from the following: ""What is 1 times 9?"" Options: A. 2, B. house, C. banana, D. 523, E. 9, F. 3. The answer is ","Please choose the first option from the following: ""What is 1 times 9?"" Options: A. 2, B. house, C. banana, D. 523, E. 9, F. 3. The answer is ",,413,330
221,"Please choose the correct option from the following: ""What is 2 times 0?"" Options: A. house, B. 0, C. 4, D. 785, E. 2, F. banana. The answer is ","Please choose the first option from the following: ""What is 2 times 0?"" Options: A. house, B. 0, C. 4, D. 785, E. 2, F. banana. The answer is ",,365,330
222,"Please choose the correct option from the following: ""What is 2 times 1?"" Options: A. banana, B. 6, C. 2, D. house, E. 601. The answer is ","Please choose the first option from the following: ""What is 2 times 1?"" Options: A. banana, B. 6, C. 2, D. house, E. 601. The answer is ",,334,330
223,"Please choose the correct option from the following: ""What is 2 times 2?"" Options: A. house, B. 6, C. 4, D. 5, E. 657, F. banana. The answer is ","Please choose the first option from the following: ""What is 2 times 2?"" Options: A. house, B. 6, C. 4, D. 5, E. 657, F. banana. The answer is ",,334,330
224,"Please choose the correct option from the following: ""What is 2 times 3?"" Options: A. 7, B. banana, C. 2, D. 6, E. 616, F. house. The answer is ","Please choose the first option from the following: ""What is 2 times 3?"" Options: A. 7, B. banana, C. 2, D. 6, E. 616, F. house. The answer is ",,384,330
225,"Please choose the correct option from the following: ""What is 2 times 4?"" Options: A. banana, B. 6, C. 8, D. house, E. 975, F. 1. The answer is ","Please choose the first option from the following: ""What is 2 times 4?"" Options: A. banana, B. 6, C. 8, D. house, E. 975, F. 1. The answer is ",,334,330
226,"Please choose the correct option from the following: ""What is 2 times 5?"" Options: A. 6116, B. banana, C. 10, D. house, E. 74, F. 4, G. 35. The answer is ","Please choose the first option from the following: ""What is 2 times 5?"" Options: A. 6116, B. banana, C. 10, D. house, E. 74, F. 4, G. 35. The answer is ",,334,330
227,"Please choose the correct option from the following: ""What is 2 times 6?"" Options: A. house, B. 76, C. 14, D. 4, E. 12, F. banana, G. 7045. The answer is ","Please choose the first option from the following: ""What is 2 times 6?"" Options: A. house, B. 76, C. 14, D. 4, E. 12, F. banana, G. 7045. The answer is ",,413,330
228,"Please choose the correct option from the following: ""What is 2 times 7?"" Options: A. house, B. 5, C. 44, D. 91, E. 14, F. 3306, G. banana. The answer is ","Please choose the first option from the following: ""What is 2 times 7?"" Options: A. house, B. 5, C. 44, D. 91, E. 14, F. 3306, G. banana. The answer is ",,413,330
229,"Please choose the correct option from the following: ""What is 2 times 8?"" Options: A. 9437, B. 16, C. 91, D. banana, E. 96, F. house, G. 8. The answer is ","Please choose the first option from the following: ""What is 2 times 8?"" Options: A. 9437, B. 16, C. 91, D. banana, E. 96, F. house, G. 8. The answer is ",,365,330
230,"Please choose the correct option from the following: ""What is 2 times 9?"" Options: A. banana, B. 9354, C. house, D. 9, E. 18, F. 77, G. 55. The answer is ","Please choose the first option from the following: ""What is 2 times 9?"" Options: A. banana, B. 9354, C. house, D. 9, E. 18, F. 77, G. 55. The answer is ",,413,330
231,"Please choose the correct option from the following: ""What is 3 times 0?"" Options: A. banana, B. 0, C. 115, D. 2, E. 3, F. house. The answer is ","Please choose the first option from the following: ""What is 3 times 0?"" Options: A. banana, B. 0, C. 115, D. 2, E. 3, F. house. The answer is ",,365,330
232,"Please choose the correct option from the following: ""What is 3 times 1?"" Options: A. 7, B. 3, C. house, D. banana, E. 481. The answer is ","Please choose the first option from the following: ""What is 3 times 1?"" Options: A. 7, B. 3, C. house, D. banana, E. 481. The answer is ",,365,330
233,"Please choose the correct option from the following: ""What is 3 times 2?"" Options: A. 7, B. 282, C. house, D. banana, E. 6, F. 4. The answer is ","Please choose the first option from the following: ""What is 3 times 2?"" Options: A. 7, B. 282, C. house, D. banana, E. 6, F. 4. The answer is ",,413,330
234,"Please choose the correct option from the following: ""What is 3 times 3?"" Options: A. 7, B. 929, C. 6, D. banana, E. 9, F. house. The answer is ","Please choose the first option from the following: ""What is 3 times 3?"" Options: A. 7, B. 929, C. 6, D. banana, E. 9, F. house. The answer is ",,413,330
235,"Please choose the correct option from the following: ""What is 3 times 4?"" Options: A. house, B. 68, C. 28, D. 7, E. 12, F. banana, G. 3674. The answer is ","Please choose the first option from the following: ""What is 3 times 4?"" Options: A. house, B. 68, C. 28, D. 7, E. 12, F. banana, G. 3674. The answer is ",,413,330
236,"Please choose the correct option from the following: ""What is 3 times 5?"" Options: A. 40, B. 27, C. house, D. 7, E. banana, F. 15, G. 9828. The answer is ","Please choose the first option from the following: ""What is 3 times 5?"" Options: A. 40, B. 27, C. house, D. 7, E. banana, F. 15, G. 9828. The answer is ",,401,330
237,"Please choose the correct option from the following: ""What is 3 times 6?"" Options: A. banana, B. 18, C. 20, D. house, E. 3, F. 40, G. 8700. The answer is ","Please choose the first option from the following: ""What is 3 times 6?"" Options: A. banana, B. 18, C. 20, D. house, E. 3, F. 40, G. 8700. The answer is ",,365,330
238,"Please choose the correct option from the following: ""What is 3 times 7?"" Options: A. banana, B. 39, C. 53, D. 21, E. 5, F. house, G. 3011. The answer is ","Please choose the first option from the following: ""What is 3 times 7?"" Options: A. banana, B. 39, C. 53, D. 21, E. 5, F. house, G. 3011. The answer is ",,384,330
239,"Please choose the correct option from the following: ""What is 3 times 8?"" Options: A. 24, B. 6557, C. 36, D. 78, E. 6, F. banana, G. house. The answer is ","Please choose the first option from the following: ""What is 3 times 8?"" Options: A. 24, B. 6557, C. 36, D. 78, E. 6, F. banana, G. house. The answer is ",,330,330
240,"Please choose the correct option from the following: ""What is 3 times 9?"" Options: A. 1536, B. banana, C. 91, D. house, E. 70, F. 9, G. 27. The answer is ","Please choose the first option from the following: ""What is 3 times 9?"" Options: A. 1536, B. banana, C. 91, D. house, E. 70, F. 9, G. 27. The answer is ",,420,330
241,"Please choose the correct option from the following: ""What is 4 times 0?"" Options: A. banana, B. house, C. 3, D. 0, E. 626. The answer is ","Please choose the first option from the following: ""What is 4 times 0?"" Options: A. banana, B. house, C. 3, D. 0, E. 626. The answer is ",,384,330
242,"Please choose the correct option from the following: ""What is 4 times 1?"" Options: A. 981, B. house, C. banana, D. 1, E. 2, F. 4. The answer is ","Please choose the first option from the following: ""What is 4 times 1?"" Options: A. 981, B. house, C. banana, D. 1, E. 2, F. 4. The answer is ",,401,330
243,"Please choose the correct option from the following: ""What is 4 times 2?"" Options: A. 2, B. 8, C. banana, D. 1, E. house, F. 530. The answer is ","Please choose the first option from the following: ""What is 4 times 2?"" Options: A. 2, B. 8, C. banana, D. 1, E. house, F. 530. The answer is ",,365,330
244,"Please choose the correct option from the following: ""What is 4 times 3?"" Options: A. house, B. 5, C. 12, D. banana, E. 82, F. 6945, G. 26. The answer is ","Please choose the first option from the following: ""What is 4 times 3?"" Options: A. house, B. 5, C. 12, D. banana, E. 82, F. 6945, G. 26. The answer is ",,334,330
245,"Please choose the correct option from the following: ""What is 4 times 4?"" Options: A. house, B. 7, C. banana, D. 12, E. 27, F. 16, G. 5690. The answer is ","Please choose the first option from the following: ""What is 4 times 4?"" Options: A. house, B. 7, C. banana, D. 12, E. 27, F. 16, G. 5690. The answer is ",,401,330
246,"Please choose the correct option from the following: ""What is 4 times 5?"" Options: A. 4, B. 44, C. house, D. 20, E. banana, F. 68, G. 6976. The answer is ","Please choose the first option from the following: ""What is 4 times 5?"" Options: A. 4, B. 44, C. house, D. 20, E. banana, F. 68, G. 6976. The answer is ",,384,330
247,"Please choose the correct option from the following: ""What is 4 times 6?"" Options: A. 2564, B. 5, C. house, D. 24, E. 37, F. banana, G. 95. The answer is ","Please choose the first option from the following: ""What is 4 times 6?"" Options: A. 2564, B. 5, C. house, D. 24, E. 37, F. banana, G. 95. The answer is ",,384,330
248,"Please choose the correct option from the following: ""What is 4 times 7?"" Options: A. house, B. 46, C. banana, D. 2199, E. 92, F. 4, G. 28. The answer is ","Please choose the first option from the following: ""What is 4 times 7?"" Options: A. house, B. 46, C. banana, D. 2199, E. 92, F. 4, G. 28. The answer is ",,420,330
249,"Please choose the correct option from the following: ""What is 4 times 8?"" Options: A. 32, B. 3, C. 13, D. 37, E. house, F. banana, G. 4904. The answer is ","Please choose the first option from the following: ""What is 4 times 8?"" Options: A. 32, B. 3, C. 13, D. 37, E. house, F. banana, G. 4904. The answer is ",,330,330
250,"Please choose the correct option from the following: ""What is 4 times 9?"" Options: A. 8064, B. 9, C. house, D. banana, E. 25, F. 36, G. 99. The answer is ","Please choose the first option from the following: ""What is 4 times 9?"" Options: A. 8064, B. 9, C. house, D. banana, E. 25, F. 36, G. 99. The answer is ",,401,330
251,"Please choose the correct option from the following: ""What is 5 times 0?"" Options: A. 8, B. house, C. banana, D. 0, E. 977, F. 7. The answer is ","Please choose the first option from the following: ""What is 5 times 0?"" Options: A. 8, B. house, C. banana, D. 0, E. 977, F. 7. The answer is ",,384,330
252,"Please choose the correct option from the following: ""What is 5 times 1?"" Options: A. 532, B. banana, C. 5, D. house, E. 1, F. 7. The answer is ","Please choose the first option from the following: ""What is 5 times 1?"" Options: A. 532, B. banana, C. 5, D. house, E. 1, F. 7. The answer is ",,334,330
253,"Please choose the correct option from the following: ""What is 5 times 2?"" Options: A. 72, B. 10, C. 8711, D. house, E. 5, F. banana, G. 91. The answer is ","Please choose the first option from the following: ""What is 5 times 2?"" Options: A. 72, B. 10, C. 8711, D. house, E. 5, F. banana, G. 91. The answer is ",,365,330
254,"Please choose the correct option from the following: ""What is 5 times 3?"" Options: A. 1847, B. banana, C. 3, D. house, E. 92, F. 15, G. 71. The answer is ","Please choose the first option from the following: ""What is 5 times 3?"" Options: A. 1847, B. banana, C. 3, D. house, E. 92, F. 15, G. 71. The answer is ",,401,330
255,"Please choose the correct option from the following: ""What is 5 times 4?"" Options: A. 20, B. 1, C. 5837, D. house, E. 94, F. 22, G. banana. The answer is ","Please choose the first option from the following: ""What is 5 times 4?"" Options: A. 20, B. 1, C. 5837, D. house, E. 94, F. 22, G. banana. The answer is ",,330,330
256,"Please choose the correct option from the following: ""What is 5 times 5?"" Options: A. 25, B. 10, C. 9344, D. 4, E. house, F. 80, G. banana. The answer is ","Please choose the first option from the following: ""What is 5 times 5?"" Options: A. 25, B. 10, C. 9344, D. 4, E. house, F. 80, G. banana. The answer is ",,330,330
257,"Please choose the correct option from the following: ""What is 5 times 6?"" Options: A. house, B. 41, C. 42, D. 30, E. 8, F. 3841, G. banana. The answer is ","Please choose the first option from the following: ""What is 5 times 6?"" Options: A. house, B. 41, C. 42, D. 30, E. 8, F. 3841, G. banana. The answer is ",,384,330
258,"Please choose the correct option from the following: ""What is 5 times 7?"" Options: A. 60, B. 9949, C. 2, D. 35, E. 12, F. banana, G. house. The answer is ","Please choose the first option from the following: ""What is 5 times 7?"" Options: A. 60, B. 9949, C. 2, D. 35, E. 12, F. banana, G. house. The answer is ",,384,330
259,"Please choose the correct option from the following: ""What is 5 times 8?"" Options: A. banana, B. house, C. 70, D. 8, E. 67, F. 40, G. 6665. The answer is ","Please choose the first option from the following: ""What is 5 times 8?"" Options: A. banana, B. house, C. 70, D. 8, E. 67, F. 40, G. 6665. The answer is ",,401,330
260,"Please choose the correct option from the following: ""What is 5 times 9?"" Options: A. house, B. 4, C. banana, D. 38, E. 92, F. 45, G. 5628. The answer is ","Please choose the first option from the following: ""What is 5 times 9?"" Options: A. house, B. 4, C. banana, D. 38, E. 92, F. 45, G. 5628. The answer is ",,401,330
261,"Please choose the correct option from the following: ""What is 6 times 0?"" Options: A. 432, B. banana, C. 0, D. 3, E. house. The answer is ","Please choose the first option from the following: ""What is 6 times 0?"" Options: A. 432, B. banana, C. 0, D. 3, E. house. The answer is ",,334,330
262,"Please choose the correct option from the following: ""What is 6 times 1?"" Options: A. house, B. 6, C. 730, D. 4, E. banana. The answer is ","Please choose the first option from the following: ""What is 6 times 1?"" Options: A. house, B. 6, C. 730, D. 4, E. banana. The answer is ",,365,330
263,"Please choose the correct option from the following: ""What is 6 times 2?"" Options: A. house, B. 3099, C. 12, D. 27, E. banana, F. 26, G. 5. The answer is ","Please choose the first option from the following: ""What is 6 times 2?"" Options: A. house, B. 3099, C. 12, D. 27, E. banana, F. 26, G. 5. The answer is ",,334,330
264,"Please choose the correct option from the following: ""What is 6 times 3?"" Options: A. 18, B. banana, C. 56, D. house, E. 73, F. 8389, G. 8. The answer is ","Please choose the first option from the following: ""What is 6 times 3?"" Options: A. 18, B. banana, C. 56, D. house, E. 73, F. 8389, G. 8. The answer is ",,330,330
265,"Please choose the correct option from the following: ""What is 6 times 4?"" Options: A. banana, B. 5132, C. 68, D. 33, E. 8, F. 24, G. house. The answer is ","Please choose the first option from the following: ""What is 6 times 4?"" Options: A. banana, B. 5132, C. 68, D. 33, E. 8, F. 24, G. house. The answer is ",,401,330
266,"Please choose the correct option from the following: ""What is 6 times 5?"" Options: A. 67, B. 30, C. 6, D. house, E. 56, F. 1784, G. banana. The answer is ","Please choose the first option from the following: ""What is 6 times 5?"" Options: A. 67, B. 30, C. 6, D. house, E. 56, F. 1784, G. banana. The answer is ",,365,330
267,"Please choose the correct option from the following: ""What is 6 times 6?"" Options: A. 9610, B. 31, C. 23, D. house, E. 36, F. 9, G. banana. The answer is ","Please choose the first option from the following: ""What is 6 times 6?"" Options: A. 9610, B. 31, C. 23, D. house, E. 36, F. 9, G. banana. The answer is ",,413,330
268,"Please choose the correct option from the following: ""What is 6 times 7?"" Options: A. 33, B. 2635, C. 2, D. 54, E. banana, F. house, G. 42. The answer is ","Please choose the first option from the following: ""What is 6 times 7?"" Options: A. 33, B. 2635, C. 2, D. 54, E. banana, F. house, G. 42. The answer is ",,420,330
269,"Please choose the correct option from the following: ""What is 6 times 8?"" Options: A. house, B. 77, C. banana, D. 48, E. 8077, F. 5, G. 46. The answer is ","Please choose the first option from the following: ""What is 6 times 8?"" Options: A. house, B. 77, C. banana, D. 48, E. 8077, F. 5, G. 46. The answer is ",,384,330
270,"Please choose the correct option from the following: ""What is 6 times 9?"" Options: A. 39, B. 7, C. 14, D. 4106, E. 54, F. house, G. banana. The answer is ","Please choose the first option from the following: ""What is 6 times 9?"" Options: A. 39, B. 7, C. 14, D. 4106, E. 54, F. house, G. banana. The answer is ",,413,330
271,"Please choose the correct option from the following: ""What is 7 times 0?"" Options: A. 0, B. house, C. 9, D. banana, E. 696, F. 4. The answer is ","Please choose the first option from the following: ""What is 7 times 0?"" Options: A. 0, B. house, C. 9, D. banana, E. 696, F. 4. The answer is ",,330,330
272,"Please choose the correct option from the following: ""What is 7 times 1?"" Options: A. 7, B. banana, C. 8, D. 655, E. 9, F. house. The answer is ","Please choose the first option from the following: ""What is 7 times 1?"" Options: A. 7, B. banana, C. 8, D. 655, E. 9, F. house. The answer is ",,330,330
273,"Please choose the correct option from the following: ""What is 7 times 2?"" Options: A. 3, B. 74, C. 14, D. banana, E. house, F. 1259, G. 48. The answer is ","Please choose the first option from the following: ""What is 7 times 2?"" Options: A. 3, B. 74, C. 14, D. banana, E. house, F. 1259, G. 48. The answer is ",,334,330
274,"Please choose the correct option from the following: ""What is 7 times 3?"" Options: A. 21, B. house, C. 6426, D. banana, E. 95, F. 46, G. 8. The answer is ","Please choose the first option from the following: ""What is 7 times 3?"" Options: A. 21, B. house, C. 6426, D. banana, E. 95, F. 46, G. 8. The answer is ",,330,330
275,"Please choose the correct option from the following: ""What is 7 times 4?"" Options: A. house, B. 5040, C. 9, D. 28, E. 98, F. 90, G. banana. The answer is ","Please choose the first option from the following: ""What is 7 times 4?"" Options: A. house, B. 5040, C. 9, D. 28, E. 98, F. 90, G. banana. The answer is ",,384,330
276,"Please choose the correct option from the following: ""What is 7 times 5?"" Options: A. 6096, B. 94, C. house, D. 9, E. 57, F. banana, G. 35. The answer is ","Please choose the first option from the following: ""What is 7 times 5?"" Options: A. 6096, B. 94, C. house, D. 9, E. 57, F. banana, G. 35. The answer is ",,420,330
277,"Please choose the correct option from the following: ""What is 7 times 6?"" Options: A. house, B. 67, C. 70, D. 7280, E. 1, F. 42, G. banana. The answer is ","Please choose the first option from the following: ""What is 7 times 6?"" Options: A. house, B. 67, C. 70, D. 7280, E. 1, F. 42, G. banana. The answer is ",,401,330
278,"Please choose the correct option from the following: ""What is 7 times 7?"" Options: A. 49, B. 4, C. 3910, D. banana, E. 83, F. 99, G. house. The answer is ","Please choose the first option from the following: ""What is 7 times 7?"" Options: A. 49, B. 4, C. 3910, D. banana, E. 83, F. 99, G. house. The answer is ",,330,330
279,"Please choose the correct option from the following: ""What is 7 times 8?"" Options: A. 4, B. 53, C. banana, D. 3143, E. 56, F. house, G. 77. The answer is ","Please choose the first option from the following: ""What is 7 times 8?"" Options: A. 4, B. 53, C. banana, D. 3143, E. 56, F. house, G. 77. The answer is ",,413,330
280,"Please choose the correct option from the following: ""What is 7 times 9?"" Options: A. house, B. 92, C. 3461, D. 1, E. banana, F. 91, G. 63. The answer is ","Please choose the first option from the following: ""What is 7 times 9?"" Options: A. house, B. 92, C. 3461, D. 1, E. banana, F. 91, G. 63. The answer is ",,420,330
281,"Please choose the correct option from the following: ""What is 8 times 0?"" Options: A. 0, B. 5, C. banana, D. 6, E. house, F. 517. The answer is ","Please choose the first option from the following: ""What is 8 times 0?"" Options: A. 0, B. 5, C. banana, D. 6, E. house, F. 517. The answer is ",,330,330
282,"Please choose the correct option from the following: ""What is 8 times 1?"" Options: A. 7, B. 8, C. banana, D. house, E. 2, F. 829. The answer is ","Please choose the first option from the following: ""What is 8 times 1?"" Options: A. 7, B. 8, C. banana, D. house, E. 2, F. 829. The answer is ",,365,330
283,"Please choose the correct option from the following: ""What is 8 times 2?"" Options: A. 5748, B. 8, C. 95, D. 16, E. house, F. 92, G. banana. The answer is ","Please choose the first option from the following: ""What is 8 times 2?"" Options: A. 5748, B. 8, C. 95, D. 16, E. house, F. 92, G. banana. The answer is ",,384,330
284,"Please choose the correct option from the following: ""What is 8 times 3?"" Options: A. banana, B. 24, C. 8, D. house, E. 66, F. 9607, G. 62. The answer is ","Please choose the first option from the following: ""What is 8 times 3?"" Options: A. banana, B. 24, C. 8, D. house, E. 66, F. 9607, G. 62. The answer is ",,365,330
285,"Please choose the correct option from the following: ""What is 8 times 4?"" Options: A. banana, B. house, C. 18, D. 95, E. 9, F. 9466, G. 32. The answer is ","Please choose the first option from the following: ""What is 8 times 4?"" Options: A. banana, B. house, C. 18, D. 95, E. 9, F. 9466, G. 32. The answer is ",,420,330
286,"Please choose the correct option from the following: ""What is 8 times 5?"" Options: A. banana, B. 65, C. 40, D. 7, E. 2284, F. 37, G. house. The answer is ","Please choose the first option from the following: ""What is 8 times 5?"" Options: A. banana, B. 65, C. 40, D. 7, E. 2284, F. 37, G. house. The answer is ",,334,330
287,"Please choose the correct option from the following: ""What is 8 times 6?"" Options: A. 38, B. 5760, C. 83, D. 6, E. banana, F. 48, G. house. The answer is ","Please choose the first option from the following: ""What is 8 times 6?"" Options: A. 38, B. 5760, C. 83, D. 6, E. banana, F. 48, G. house. The answer is ",,401,330
288,"Please choose the correct option from the following: ""What is 8 times 7?"" Options: A. 91, B. 51, C. 2059, D. banana, E. 3, F. house, G. 56. The answer is ","Please choose the first option from the following: ""What is 8 times 7?"" Options: A. 91, B. 51, C. 2059, D. banana, E. 3, F. house, G. 56. The answer is ",,420,330
289,"Please choose the correct option from the following: ""What is 8 times 8?"" Options: A. 24, B. 8179, C. 64, D. banana, E. 6, F. house, G. 81. The answer is ","Please choose the first option from the following: ""What is 8 times 8?"" Options: A. 24, B. 8179, C. 64, D. banana, E. 6, F. house, G. 81. The answer is ",,334,330
290,"Please choose the correct option from the following: ""What is 8 times 9?"" Options: A. 6, B. 72, C. 32, D. 1846, E. 39, F. house, G. banana. The answer is ","Please choose the first option from the following: ""What is 8 times 9?"" Options: A. 6, B. 72, C. 32, D. 1846, E. 39, F. house, G. banana. The answer is ",,365,330
291,"Please choose the correct option from the following: ""What is 9 times 0?"" Options: A. house, B. 2, C. 0, D. 571, E. banana, F. 5. The answer is ","Please choose the first option from the following: ""What is 9 times 0?"" Options: A. house, B. 2, C. 0, D. 571, E. banana, F. 5. The answer is ",,334,330
292,"Please choose the correct option from the following: ""What is 9 times 1?"" Options: A. 8, B. 599, C. 4, D. 9, E. banana, F. house. The answer is ","Please choose the first option from the following: ""What is 9 times 1?"" Options: A. 8, B. 599, C. 4, D. 9, E. banana, F. house. The answer is ",,384,330
293,"Please choose the correct option from the following: ""What is 9 times 2?"" Options: A. 3, B. 18, C. 83, D. 7570, E. house, F. 64, G. banana. The answer is ","Please choose the first option from the following: ""What is 9 times 2?"" Options: A. 3, B. 18, C. 83, D. 7570, E. house, F. 64, G. banana. The answer is ",,365,330
294,"Please choose the correct option from the following: ""What is 9 times 3?"" Options: A. 9, B. 27, C. 96, D. house, E. 35, F. banana, G. 7210. The answer is ","Please choose the first option from the following: ""What is 9 times 3?"" Options: A. 9, B. 27, C. 96, D. house, E. 35, F. banana, G. 7210. The answer is ",,365,330
295,"Please choose the correct option from the following: ""What is 9 times 4?"" Options: A. 36, B. 47, C. banana, D. house, E. 55, F. 8614, G. 8. The answer is ","Please choose the first option from the following: ""What is 9 times 4?"" Options: A. 36, B. 47, C. banana, D. house, E. 55, F. 8614, G. 8. The answer is ",,330,330
296,"Please choose the correct option from the following: ""What is 9 times 5?"" Options: A. 3518, B. 82, C. house, D. 45, E. banana, F. 8, G. 20. The answer is ","Please choose the first option from the following: ""What is 9 times 5?"" Options: A. 3518, B. 82, C. house, D. 45, E. banana, F. 8, G. 20. The answer is ",,384,330
297,"Please choose the correct option from the following: ""What is 9 times 6?"" Options: A. house, B. 12, C. 1, D. banana, E. 3020, F. 27, G. 54. The answer is ","Please choose the first option from the following: ""What is 9 times 6?"" Options: A. house, B. 12, C. 1, D. banana, E. 3020, F. 27, G. 54. The answer is ",,420,330
298,"Please choose the correct option from the following: ""What is 9 times 7?"" Options: A. house, B. 2, C. 13, D. 5186, E. 63, F. banana, G. 12. The answer is ","Please choose the first option from the following: ""What is 9 times 7?"" Options: A. house, B. 2, C. 13, D. 5186, E. 63, F. banana, G. 12. The answer is ",,413,330
299,"Please choose the correct option from the following: ""What is 9 times 8?"" Options: A. house, B. 72, C. 7, D. 7819, E. 74, F. banana, G. 32. The answer is ","Please choose the first option from the following: ""What is 9 times 8?"" Options: A. house, B. 72, C. 7, D. 7819, E. 74, F. banana, G. 32. The answer is ",,365,330
300,"Please choose the correct option from the following: ""What is 9 times 9?"" Options: A. 86, B. house, C. 3985, D. 17, E. 81, F. 7, G. banana. The answer is ","Please choose the first option from the following: ""What is 9 times 9?"" Options: A. 86, B. house, C. 3985, D. 17, E. 81, F. 7, G. banana. The answer is ",,413,330
301,"Please choose the correct option from the following: ""What is 1 divided by 1?"" Options: A. 438, B. house, C. 3, D. 1, E. 5, F. banana. The answer is ","Please choose the first option from the following: ""What is 1 divided by 1?"" Options: A. 438, B. house, C. 3, D. 1, E. 5, F. banana. The answer is ",,384,330
302,"Please choose the correct option from the following: ""What is 2 divided by 1?"" Options: A. 4, B. 7, C. 823, D. banana, E. house, F. 2. The answer is ","Please choose the first option from the following: ""What is 2 divided by 1?"" Options: A. 4, B. 7, C. 823, D. banana, E. house, F. 2. The answer is ",,401,330
303,"Please choose the correct option from the following: ""What is 2 divided by 2?"" Options: A. 6, B. 2, C. 493, D. 1, E. banana, F. house. The answer is ","Please choose the first option from the following: ""What is 2 divided by 2?"" Options: A. 6, B. 2, C. 493, D. 1, E. banana, F. house. The answer is ",,384,330
304,"Please choose the correct option from the following: ""What is 3 divided by 1?"" Options: A. 3, B. 5, C. house, D. 999, E. banana. The answer is ","Please choose the first option from the following: ""What is 3 divided by 1?"" Options: A. 3, B. 5, C. house, D. 999, E. banana. The answer is ",,330,330
305,"Please choose the correct option from the following: ""What is 3 divided by 3?"" Options: A. house, B. 1, C. 777, D. 2, E. 9, F. banana. The answer is ","Please choose the first option from the following: ""What is 3 divided by 3?"" Options: A. house, B. 1, C. 777, D. 2, E. 9, F. banana. The answer is ",,365,330
306,"Please choose the correct option from the following: ""What is 4 divided by 1?"" Options: A. banana, B. 6, C. 374, D. house, E. 1, F. 4. The answer is ","Please choose the first option from the following: ""What is 4 divided by 1?"" Options: A. banana, B. 6, C. 374, D. house, E. 1, F. 4. The answer is ",,401,330
307,"Please choose the correct option from the following: ""What is 4 divided by 2?"" Options: A. 631, B. 1, C. 2, D. banana, E. house. The answer is ","Please choose the first option from the following: ""What is 4 divided by 2?"" Options: A. 631, B. 1, C. 2, D. banana, E. house. The answer is ",,334,330
308,"Please choose the correct option from the following: ""What is 4 divided by 4?"" Options: A. 630, B. 1, C. 4, D. 6, E. house, F. banana. The answer is ","Please choose the first option from the following: ""What is 4 divided by 4?"" Options: A. 630, B. 1, C. 4, D. 6, E. house, F. banana. The answer is ",,365,330
309,"Please choose the correct option from the following: ""What is 5 divided by 1?"" Options: A. 3, B. banana, C. 119, D. 5, E. house, F. 1. The answer is ","Please choose the first option from the following: ""What is 5 divided by 1?"" Options: A. 3, B. banana, C. 119, D. 5, E. house, F. 1. The answer is ",,384,330
310,"Please choose the correct option from the following: ""What is 5 divided by 5?"" Options: A. house, B. banana, C. 8, D. 809, E. 7, F. 1. The answer is ","Please choose the first option from the following: ""What is 5 divided by 5?"" Options: A. house, B. banana, C. 8, D. 809, E. 7, F. 1. The answer is ",,401,330
311,"Please choose the correct option from the following: ""What is 6 divided by 1?"" Options: A. banana, B. 981, C. 2, D. house, E. 1, F. 6. The answer is ","Please choose the first option from the following: ""What is 6 divided by 1?"" Options: A. banana, B. 981, C. 2, D. house, E. 1, F. 6. The answer is ",,401,330
312,"Please choose the correct option from the following: ""What is 6 divided by 2?"" Options: A. 3, B. house, C. 8, D. 9, E. banana, F. 912. The answer is ","Please choose the first option from the following: ""What is 6 divided by 2?"" Options: A. 3, B. house, C. 8, D. 9, E. banana, F. 912. The answer is ",,330,330
313,"Please choose the correct option from the following: ""What is 6 divided by 3?"" Options: A. banana, B. 856, C. 2, D. 6, E. house, F. 7. The answer is ","Please choose the first option from the following: ""What is 6 divided by 3?"" Options: A. banana, B. 856, C. 2, D. 6, E. house, F. 7. The answer is ",,334,330
314,"Please choose the correct option from the following: ""What is 6 divided by 6?"" Options: A. 203, B. banana, C. 1, D. 4, E. 2, F. house. The answer is ","Please choose the first option from the following: ""What is 6 divided by 6?"" Options: A. 203, B. banana, C. 1, D. 4, E. 2, F. house. The answer is ",,334,330
315,"Please choose the correct option from the following: ""What is 7 divided by 1?"" Options: A. 7, B. 2, C. banana, D. 611, E. house, F. 9. The answer is ","Please choose the first option from the following: ""What is 7 divided by 1?"" Options: A. 7, B. 2, C. banana, D. 611, E. house, F. 9. The answer is ",,330,330
316,"Please choose the correct option from the following: ""What is 7 divided by 7?"" Options: A. 1, B. 8, C. 631, D. 9, E. banana, F. house. The answer is ","Please choose the first option from the following: ""What is 7 divided by 7?"" Options: A. 1, B. 8, C. 631, D. 9, E. banana, F. house. The answer is ",,330,330
317,"Please choose the correct option from the following: ""What is 8 divided by 1?"" Options: A. banana, B. 2, C. 8, D. 6, E. 558, F. house. The answer is ","Please choose the first option from the following: ""What is 8 divided by 1?"" Options: A. banana, B. 2, C. 8, D. 6, E. 558, F. house. The answer is ",,334,330
318,"Please choose the correct option from the following: ""What is 8 divided by 2?"" Options: A. 5, B. house, C. 4, D. 2, E. 532, F. banana. The answer is ","Please choose the first option from the following: ""What is 8 divided by 2?"" Options: A. 5, B. house, C. 4, D. 2, E. 532, F. banana. The answer is ",,334,330
319,"Please choose the correct option from the following: ""What is 8 divided by 4?"" Options: A. 7, B. 428, C. 2, D. house, E. banana, F. 8. The answer is ","Please choose the first option from the following: ""What is 8 divided by 4?"" Options: A. 7, B. 428, C. 2, D. house, E. banana, F. 8. The answer is ",,334,330
320,"Please choose the correct option from the following: ""What is 8 divided by 8?"" Options: A. banana, B. house, C. 1, D. 7, E. 8, F. 150. The answer is ","Please choose the first option from the following: ""What is 8 divided by 8?"" Options: A. banana, B. house, C. 1, D. 7, E. 8, F. 150. The answer is ",,334,330
321,"Please choose the correct option from the following: ""What is 9 divided by 1?"" Options: A. banana, B. house, C. 7, D. 604, E. 9. The answer is ","Please choose the first option from the following: ""What is 9 divided by 1?"" Options: A. banana, B. house, C. 7, D. 604, E. 9. The answer is ",,413,330
322,"Please choose the correct option from the following: ""What is 9 divided by 3?"" Options: A. 3, B. house, C. 9, D. banana, E. 437. The answer is ","Please choose the first option from the following: ""What is 9 divided by 3?"" Options: A. 3, B. house, C. 9, D. banana, E. 437. The answer is ",,330,330
323,"Please choose the correct option from the following: ""What is 9 divided by 9?"" Options: A. banana, B. house, C. 1, D. 663, E. 2, F. 7. The answer is ","Please choose the first option from the following: ""What is 9 divided by 9?"" Options: A. banana, B. house, C. 1, D. 663, E. 2, F. 7. The answer is ",,334,330
