,clean,corrupted,corrupted_hard,correct_idx,incorrect_idx
1,( not ( True or True ) ) and ( False or ( not True ) ) is,( not ( False or False ) ) and ( True or ( not False ) ) is,,8250,8250
2,( ( True and False ) and False ) or ( not True ) is,( ( False and True ) and True ) or ( not False ) is,,8250,8250
3,( ( False or True ) or False ) or ( False or False ) is,( ( True or False ) or True ) or ( True or True ) is,,6110,6110
4,( True or False ) and ( ( not False ) and ( True and True ) ) is,( False or True ) and ( ( not True ) and ( False and False ) ) is,,6110,6110
5,( not False ) and ( ( True and False ) or False ) is,( not True ) and ( ( False and True ) or True ) is,,8250,8250
6,( True and True ) or ( ( not True ) or ( False and False ) ) is,( False and False ) or ( ( not False ) or ( True and True ) ) is,,6110,6110
7,( True and False ) and ( False or ( True and True ) ) is,( False and True ) and ( True or ( False and False ) ) is,,8250,8250
8,( ( True and True ) and ( False or True ) ) and ( True and False ) is,( ( False and False ) and ( True or False ) ) and ( False and True ) is,,8250,8250
9,( True or False ) and ( False or ( True or True ) ) is,( False or True ) and ( True or ( False or False ) ) is,,6110,6110
10,( False or True ) and ( ( not True ) or ( True or True ) ) is,( True or False ) and ( ( not False ) or ( False or False ) ) is,,6110,6110
11,( not True ) and ( ( False and True ) and ( True and False ) ) is,( not False ) and ( ( True and False ) and ( False and True ) ) is,,8250,8250
12,( ( True and True ) and True ) or ( not ( not True ) ) is,( ( False and False ) and False ) or ( not ( not False ) ) is,,6110,6110
13,( ( not True ) or True ) or ( False or True ) is,( ( not False ) or False ) or ( True or False ) is,,6110,6110
14,( ( True and True ) and ( not True ) ) and ( ( not False ) and False ) is,( ( False and False ) and ( not False ) ) and ( ( not True ) and True ) is,,8250,8250
15,( not False ) and ( ( False or True ) and ( False and False ) ) is,( not True ) and ( ( True or False ) and ( True and True ) ) is,,8250,8250
16,( False or ( not True ) ) and ( False or ( False or True ) ) is,( True or ( not False ) ) and ( True or ( True or False ) ) is,,8250,8250
17,( ( not True ) or ( True and False ) ) or ( not True ) is,( ( not False ) or ( False and True ) ) or ( not False ) is,,8250,8250
18,( True or ( False or True ) ) or ( True or ( True or True ) ) is,( False or ( True or False ) ) or ( False or ( False or False ) ) is,,6110,6110
19,( ( True and True ) and ( False and True ) ) and ( False or False ) is,( ( False and False ) and ( True and False ) ) and ( True or True ) is,,8250,8250
20,True and ( ( True and False ) and True ) is,False and ( ( False and True ) and False ) is,,8250,8250
21,( True and ( False and True ) ) or ( ( not False ) and ( False or False ) ) is,( False and ( True and False ) ) or ( ( not True ) and ( True or True ) ) is,,8250,8250
22,( ( True or False ) or ( not True ) ) or ( False and True ) is,( ( False or True ) or ( not False ) ) or ( True and False ) is,,6110,6110
23,( ( True or True ) or False ) or ( True or ( False and True ) ) is,( ( False or False ) or True ) or ( False or ( True and False ) ) is,,6110,6110
24,( True and True ) or ( True and ( False or True ) ) is,( False and False ) or ( False and ( True or False ) ) is,,6110,6110
25,( True or ( True and False ) ) and ( not False ) is,( False or ( False and True ) ) and ( not True ) is,,6110,6110
26,( not ( False and True ) ) or ( ( True and False ) and True ) is,( not ( True and False ) ) or ( ( False and True ) and False ) is,,6110,6110
27,( ( not True ) or ( True and True ) ) or ( ( True or False ) and True ) is,( ( not False ) or ( False and False ) ) or ( ( False or True ) and False ) is,,6110,6110
28,( not ( not False ) ) or ( not ( True or True ) ) is,( not ( not True ) ) or ( not ( False or False ) ) is,,8250,8250
29,( not True ) or ( ( True and True ) or ( not False ) ) is,( not False ) or ( ( False and False ) or ( not True ) ) is,,6110,6110
30,( not ( not False ) ) and ( False or True ) is,( not ( not True ) ) and ( True or False ) is,,8250,8250
31,( False or False ) and ( ( True or True ) and True ) is,( True or True ) and ( ( False or False ) and False ) is,,8250,8250
32,True or ( ( not True ) and False ) is,False or ( ( not False ) and True ) is,,6110,6110
33,( ( not True ) or ( not False ) ) and ( True and True ) is,( ( not False ) or ( not True ) ) and ( False and False ) is,,6110,6110
34,( ( False and False ) and ( not False ) ) or ( not True ) is,( ( True and True ) and ( not True ) ) or ( not False ) is,,8250,8250
35,( ( not False ) and False ) or ( True or ( not True ) ) is,( ( not True ) and True ) or ( False or ( not False ) ) is,,6110,6110
36,( ( True and True ) and True ) or True is,( ( False and False ) and False ) or False is,,6110,6110
37,( ( False and False ) and False ) and ( not False ) is,( ( True and True ) and True ) and ( not True ) is,,8250,8250
38,( True or True ) and ( ( not True ) or False ) is,( False or False ) and ( ( not False ) or True ) is,,8250,8250
39,( ( False and True ) or ( True and False ) ) and ( ( not False ) and ( not True ) ) is,( ( True and False ) or ( False and True ) ) and ( ( not True ) and ( not False ) ) is,,8250,8250
40,( not ( not False ) ) or ( False and ( not False ) ) is,( not ( not True ) ) or ( True and ( not True ) ) is,,8250,8250
41,( True and True ) or ( False or False ) is,( False and False ) or ( True or True ) is,,6110,6110
42,( not False ) and ( True and ( not False ) ) is,( not True ) and ( False and ( not True ) ) is,,6110,6110
43,( not ( True or True ) ) and ( ( not True ) and False ) is,( not ( False or False ) ) and ( ( not False ) and True ) is,,8250,8250
44,( ( False or True ) or True ) and ( False or ( not True ) ) is,( ( True or False ) or False ) and ( True or ( not False ) ) is,,8250,8250
45,( ( not False ) and ( True or True ) ) and ( True or ( not False ) ) is,( ( not True ) and ( False or False ) ) and ( False or ( not True ) ) is,,6110,6110
46,( not ( False and True ) ) or ( ( not True ) and ( True or True ) ) is,( not ( True and False ) ) or ( ( not False ) and ( False or False ) ) is,,6110,6110
47,( not True ) and ( ( False and True ) or ( False and False ) ) is,( not False ) and ( ( True and False ) or ( True and True ) ) is,,8250,8250
48,( not False ) and ( False or ( False and False ) ) is,( not True ) and ( True or ( True and True ) ) is,,8250,8250
49,True or ( ( not True ) and ( not False ) ) is,False or ( ( not False ) and ( not True ) ) is,,6110,6110
50,( ( True or True ) and ( False or False ) ) or ( not ( True and True ) ) is,( ( False or False ) and ( True or True ) ) or ( not ( False and False ) ) is,,8250,8250
51,False and ( ( True and False ) and ( not True ) ) is,True and ( ( False and True ) and ( not False ) ) is,,8250,8250
52,( ( not True ) or ( True and True ) ) or True is,( ( not False ) or ( False and False ) ) or False is,,6110,6110
53,( False and True ) and ( ( not False ) and False ) is,( True and False ) and ( ( not True ) and True ) is,,8250,8250
54,( False or ( False and True ) ) and ( True or True ) is,( True or ( True and False ) ) and ( False or False ) is,,8250,8250
55,( ( False or False ) or False ) or ( ( False or False ) or False ) is,( ( True or True ) or True ) or ( ( True or True ) or True ) is,,8250,8250
56,( not True ) and ( ( False and False ) and False ) is,( not False ) and ( ( True and True ) and True ) is,,8250,8250
57,( ( not True ) and True ) or ( ( not True ) or True ) is,( ( not False ) and False ) or ( ( not False ) or False ) is,,6110,6110
58,( ( False or True ) or False ) and ( True or False ) is,( ( True or False ) or True ) and ( False or True ) is,,6110,6110
59,False or ( not ( True and True ) ) is,True or ( not ( False and False ) ) is,,8250,8250
60,( not ( True or True ) ) or ( not True ) is,( not ( False or False ) ) or ( not False ) is,,8250,8250
61,( False or False ) or ( not False ) is,( True or True ) or ( not True ) is,,6110,6110
62,( ( True and False ) or True ) and ( True or True ) is,( ( False and True ) or False ) and ( False or False ) is,,6110,6110
63,( ( True and False ) or True ) and True is,( ( False and True ) or False ) and False is,,6110,6110
64,( ( True and True ) and True ) or ( False or ( True or True ) ) is,( ( False and False ) and False ) or ( True or ( False or False ) ) is,,6110,6110
65,( False or False ) or ( False and False ) is,( True or True ) or ( True and True ) is,,8250,8250
66,( not True ) or ( ( not False ) or ( False and False ) ) is,( not False ) or ( ( not True ) or ( True and True ) ) is,,6110,6110
67,( ( True and True ) and True ) and True is,( ( False and False ) and False ) and False is,,6110,6110
68,( not ( True and True ) ) and ( False or True ) is,( not ( False and False ) ) and ( True or False ) is,,8250,8250
69,( ( not False ) or True ) or True is,( ( not True ) or False ) or False is,,6110,6110
70,( False or ( not True ) ) or ( ( True or True ) or True ) is,( True or ( not False ) ) or ( ( False or False ) or False ) is,,6110,6110
71,( ( True or False ) and False ) and ( ( not False ) and True ) is,( ( False or True ) and True ) and ( ( not True ) and False ) is,,8250,8250
72,False or ( ( False or True ) and False ) is,True or ( ( True or False ) and True ) is,,8250,8250
73,( False or ( True and False ) ) or ( not ( not True ) ) is,( True or ( False and True ) ) or ( not ( not False ) ) is,,6110,6110
74,( ( True and False ) and True ) and ( False and False ) is,( ( False and True ) and False ) and ( True and True ) is,,8250,8250
75,( ( not True ) or ( True or True ) ) and True is,( ( not False ) or ( False or False ) ) and False is,,6110,6110
76,( not False ) and ( ( False or False ) or ( not True ) ) is,( not True ) and ( ( True or True ) or ( not False ) ) is,,8250,8250
77,( True or ( False and True ) ) or ( not ( not True ) ) is,( False or ( True and False ) ) or ( not ( not False ) ) is,,6110,6110
78,( True or ( True and False ) ) and ( True or True ) is,( False or ( False and True ) ) and ( False or False ) is,,6110,6110
79,( not True ) and ( False and ( True and True ) ) is,( not False ) and ( True and ( False and False ) ) is,,8250,8250
80,True and False is,False and True is,,8250,8250
81,( ( not True ) and True ) or ( True and False ) is,( ( not False ) and False ) or ( False and True ) is,,8250,8250
82,( not True ) and ( True and ( True and False ) ) is,( not False ) and ( False and ( False and True ) ) is,,8250,8250
83,( False or ( True or False ) ) and ( True and True ) is,( True or ( False or True ) ) and ( False and False ) is,,6110,6110
84,( ( True or False ) or False ) or ( False and True ) is,( ( False or True ) or True ) or ( True and False ) is,,6110,6110
85,( not ( not False ) ) and ( True and ( False and False ) ) is,( not ( not True ) ) and ( False and ( True and True ) ) is,,8250,8250
86,( not False ) and ( False or ( False and True ) ) is,( not True ) and ( True or ( True and False ) ) is,,8250,8250
87,True or ( ( False or True ) or False ) is,False or ( ( True or False ) or True ) is,,6110,6110
88,( False or False ) or ( ( not False ) or False ) is,( True or True ) or ( ( not True ) or True ) is,,6110,6110
89,( ( False or False ) or ( not False ) ) or ( ( False and False ) or True ) is,( ( True or True ) or ( not True ) ) or ( ( True and True ) or False ) is,,6110,6110
90,( not ( True and False ) ) and ( True or ( True or False ) ) is,( not ( False and True ) ) and ( False or ( False or True ) ) is,,6110,6110
91,( False or ( True and True ) ) and False is,( True or ( False and False ) ) and True is,,8250,8250
92,( False and True ) and ( False or ( True or False ) ) is,( True and False ) and ( True or ( False or True ) ) is,,8250,8250
93,( not ( False and True ) ) and ( not ( False or False ) ) is,( not ( True and False ) ) and ( not ( True or True ) ) is,,6110,6110
94,( ( False or True ) or True ) or ( ( not True ) or False ) is,( ( True or False ) or False ) or ( ( not False ) or True ) is,,6110,6110
95,( ( False or True ) and ( not True ) ) and True is,( ( True or False ) and ( not False ) ) and False is,,8250,8250
96,( not False ) or ( ( not True ) or True ) is,( not True ) or ( ( not False ) or False ) is,,6110,6110
97,( True and ( not True ) ) and ( False and ( False or False ) ) is,( False and ( not False ) ) and ( True and ( True or True ) ) is,,8250,8250
98,( False or ( False and False ) ) and ( False and False ) is,( True or ( True and True ) ) and ( True and True ) is,,8250,8250
99,( True or False ) and ( ( False and True ) or True ) is,( False or True ) and ( ( True and False ) or False ) is,,6110,6110
100,( False and ( not True ) ) or ( True or True ) is,( True and ( not False ) ) or ( False or False ) is,,6110,6110
101,( ( False and True ) or True ) or ( not True ) is,( ( True and False ) or False ) or ( not False ) is,,6110,6110
102,( False or ( True and False ) ) or ( not ( not False ) ) is,( True or ( False and True ) ) or ( not ( not True ) ) is,,8250,8250
103,( False or ( False and True ) ) and ( not True ) is,( True or ( True and False ) ) and ( not False ) is,,8250,8250
104,( ( False or False ) and ( not True ) ) and False is,( ( True or True ) and ( not False ) ) and True is,,8250,8250
105,( True and False ) or ( not ( True or False ) ) is,( False and True ) or ( not ( False or True ) ) is,,8250,8250
106,( True and True ) and ( ( False and True ) and True ) is,( False and False ) and ( ( True and False ) and False ) is,,8250,8250
107,( ( False or False ) and False ) and ( not True ) is,( ( True or True ) and True ) and ( not False ) is,,8250,8250
108,( not ( not False ) ) or ( ( True or True ) and True ) is,( not ( not True ) ) or ( ( False or False ) and False ) is,,6110,6110
109,( False and ( True and False ) ) or ( not False ) is,( True and ( False and True ) ) or ( not True ) is,,6110,6110
110,( ( False and True ) or ( False or False ) ) or ( not False ) is,( ( True and False ) or ( True or True ) ) or ( not True ) is,,6110,6110
111,( True or ( True or True ) ) and ( False and ( not False ) ) is,( False or ( False or False ) ) and ( True and ( not True ) ) is,,8250,8250
112,( True and ( not False ) ) and ( not ( False or False ) ) is,( False and ( not True ) ) and ( not ( True or True ) ) is,,6110,6110
113,( ( True or False ) and ( False and True ) ) and False is,( ( False or True ) and ( True and False ) ) and True is,,8250,8250
114,( ( True or True ) and False ) or ( True and False ) is,( ( False or False ) and True ) or ( False and True ) is,,8250,8250
115,( True and True ) or ( True or ( True and True ) ) is,( False and False ) or ( False or ( False and False ) ) is,,6110,6110
116,( not True ) or ( ( True or False ) or ( True or True ) ) is,( not False ) or ( ( False or True ) or ( False or False ) ) is,,6110,6110
117,( ( True and False ) or True ) or ( not False ) is,( ( False and True ) or False ) or ( not True ) is,,6110,6110
118,( ( not False ) or True ) and False is,( ( not True ) or False ) and True is,,8250,8250
119,True or ( ( True and False ) and False ) is,False or ( ( False and True ) and True ) is,,6110,6110
120,( not ( not False ) ) or ( not ( False and True ) ) is,( not ( not True ) ) or ( not ( True and False ) ) is,,6110,6110
121,( ( False and True ) or True ) or ( False or False ) is,( ( True and False ) or False ) or ( True or True ) is,,6110,6110
122,( ( False and True ) or True ) or ( ( not True ) or ( False and False ) ) is,( ( True and False ) or False ) or ( ( not False ) or ( True and True ) ) is,,6110,6110
123,( ( True or False ) or ( not False ) ) or ( False and True ) is,( ( False or True ) or ( not True ) ) or ( True and False ) is,,6110,6110
124,( ( not False ) and False ) and ( True and ( not True ) ) is,( ( not True ) and True ) and ( False and ( not False ) ) is,,8250,8250
125,True or ( ( False and True ) or ( False or True ) ) is,False or ( ( True and False ) or ( True or False ) ) is,,6110,6110
126,False or ( ( False or False ) or ( True or False ) ) is,True or ( ( True or True ) or ( False or True ) ) is,,6110,6110
127,( not ( not False ) ) or ( not ( True and False ) ) is,( not ( not True ) ) or ( not ( False and True ) ) is,,6110,6110
128,( True or True ) and ( ( False and True ) and ( True and False ) ) is,( False or False ) and ( ( True and False ) and ( False and True ) ) is,,8250,8250
129,( ( False or False ) or False ) and ( False or True ) is,( ( True or True ) or True ) and ( True or False ) is,,8250,8250
130,( ( not True ) and True ) and ( ( True and False ) and ( False and False ) ) is,( ( not False ) and False ) and ( ( False and True ) and ( True and True ) ) is,,8250,8250
131,( ( not False ) and ( True and False ) ) and ( False and False ) is,( ( not True ) and ( False and True ) ) and ( True and True ) is,,8250,8250
132,( True and True ) or ( True and True ) is,( False and False ) or ( False and False ) is,,6110,6110
133,( False and True ) and ( ( False and True ) or True ) is,( True and False ) and ( ( True and False ) or False ) is,,8250,8250
134,( ( True or False ) and ( not True ) ) and ( ( not True ) or ( not True ) ) is,( ( False or True ) and ( not False ) ) and ( ( not False ) or ( not False ) ) is,,8250,8250
135,( ( False and False ) and True ) or ( True or True ) is,( ( True and True ) and False ) or ( False or False ) is,,6110,6110
136,( ( not True ) or ( True and True ) ) or False is,( ( not False ) or ( False and False ) ) or True is,,6110,6110
137,True and ( ( False or False ) or ( False or True ) ) is,False and ( ( True or True ) or ( True or False ) ) is,,6110,6110
138,( not ( True and False ) ) and ( True and ( True or False ) ) is,( not ( False and True ) ) and ( False and ( False or True ) ) is,,6110,6110
139,( False or ( True and False ) ) or ( ( False and True ) or False ) is,( True or ( False and True ) ) or ( ( True and False ) or True ) is,,8250,8250
140,True or ( ( True and True ) and True ) is,False or ( ( False and False ) and False ) is,,6110,6110
141,( ( not True ) and ( not True ) ) and ( not ( not True ) ) is,( ( not False ) and ( not False ) ) and ( not ( not False ) ) is,,8250,8250
142,False or ( ( False and True ) or ( not False ) ) is,True or ( ( True and False ) or ( not True ) ) is,,6110,6110
143,True and ( ( not True ) or ( False and True ) ) is,False and ( ( not False ) or ( True and False ) ) is,,8250,8250
144,( ( not True ) or False ) or ( ( not True ) and ( not False ) ) is,( ( not False ) or True ) or ( ( not False ) and ( not True ) ) is,,8250,8250
145,( not False ) and ( True or ( True and False ) ) is,( not True ) and ( False or ( False and True ) ) is,,6110,6110
146,( False and ( not False ) ) or ( False and ( False and False ) ) is,( True and ( not True ) ) or ( True and ( True and True ) ) is,,8250,8250
147,( False and False ) and ( not ( not True ) ) is,( True and True ) and ( not ( not False ) ) is,,8250,8250
148,( ( False or False ) and False ) and ( ( False and True ) and ( not False ) ) is,( ( True or True ) and True ) and ( ( True and False ) and ( not True ) ) is,,8250,8250
149,( ( not True ) or ( not True ) ) and ( False and True ) is,( ( not False ) or ( not False ) ) and ( True and False ) is,,8250,8250
150,( ( not True ) and ( not True ) ) or False is,( ( not False ) and ( not False ) ) or True is,,8250,8250
151,( ( False or False ) and True ) or ( not ( not True ) ) is,( ( True or True ) and False ) or ( not ( not False ) ) is,,6110,6110
152,( False or True ) and ( False and ( not True ) ) is,( True or False ) and ( True and ( not False ) ) is,,8250,8250
153,( ( False or False ) or True ) and ( True and True ) is,( ( True or True ) or False ) and ( False and False ) is,,6110,6110
154,( not ( True or False ) ) and True is,( not ( False or True ) ) and False is,,8250,8250
155,( False or False ) or ( ( False or False ) or False ) is,( True or True ) or ( ( True or True ) or True ) is,,8250,8250
156,( True and ( True or True ) ) and ( ( False and True ) and True ) is,( False and ( False or False ) ) and ( ( True and False ) and False ) is,,8250,8250
157,( not ( False or True ) ) and ( ( False or True ) and ( not True ) ) is,( not ( True or False ) ) and ( ( True or False ) and ( not False ) ) is,,8250,8250
158,( not False ) or ( ( not True ) and ( False or False ) ) is,( not True ) or ( ( not False ) and ( True or True ) ) is,,6110,6110
159,( True and False ) or ( not ( False or True ) ) is,( False and True ) or ( not ( True or False ) ) is,,8250,8250
160,( True and ( True and False ) ) or ( ( True and True ) and True ) is,( False and ( False and True ) ) or ( ( False and False ) and False ) is,,6110,6110
161,( ( True and True ) and ( not False ) ) or ( not ( False and False ) ) is,( ( False and False ) and ( not True ) ) or ( not ( True and True ) ) is,,6110,6110
162,( True and ( not False ) ) or ( not False ) is,( False and ( not True ) ) or ( not True ) is,,6110,6110
163,True and ( ( True or False ) or ( True and True ) ) is,False and ( ( False or True ) or ( False and False ) ) is,,6110,6110
164,( False and ( not False ) ) and ( True or True ) is,( True and ( not True ) ) and ( False or False ) is,,8250,8250
165,( ( True or False ) or ( True or False ) ) and ( True or True ) is,( ( False or True ) or ( False or True ) ) and ( False or False ) is,,6110,6110
166,( ( True or False ) and ( not False ) ) or ( False or ( True and True ) ) is,( ( False or True ) and ( not True ) ) or ( True or ( False and False ) ) is,,6110,6110
167,( ( False or True ) or False ) and ( not True ) is,( ( True or False ) or True ) and ( not False ) is,,8250,8250
168,True and ( ( False or False ) and ( False or False ) ) is,False and ( ( True or True ) and ( True or True ) ) is,,8250,8250
169,( ( not True ) or ( False and True ) ) and ( True and True ) is,( ( not False ) or ( True and False ) ) and ( False and False ) is,,8250,8250
170,( True and ( True and False ) ) or ( not ( True and True ) ) is,( False and ( False and True ) ) or ( not ( False and False ) ) is,,8250,8250
171,( ( False or True ) or True ) or ( not ( False and False ) ) is,( ( True or False ) or False ) or ( not ( True and True ) ) is,,6110,6110
172,( True and ( not True ) ) or True is,( False and ( not False ) ) or False is,,6110,6110
173,( ( True or True ) or ( True or False ) ) and ( not False ) is,( ( False or False ) or ( False or True ) ) and ( not True ) is,,6110,6110
174,( True or False ) and True is,( False or True ) and False is,,6110,6110
175,( True and False ) and ( not ( False or True ) ) is,( False and True ) and ( not ( True or False ) ) is,,8250,8250
176,( False or ( False or True ) ) or ( False or False ) is,( True or ( True or False ) ) or ( True or True ) is,,6110,6110
177,( False and ( not False ) ) and ( not False ) is,( True and ( not True ) ) and ( not True ) is,,8250,8250
178,True or ( ( True and True ) and False ) is,False or ( ( False and False ) and True ) is,,6110,6110
179,( ( True and False ) or ( True or True ) ) or False is,( ( False and True ) or ( False or False ) ) or True is,,6110,6110
180,( not ( True and False ) ) and ( not ( not True ) ) is,( not ( False and True ) ) and ( not ( not False ) ) is,,6110,6110
181,( not True ) and ( ( not False ) and ( True and True ) ) is,( not False ) and ( ( not True ) and ( False and False ) ) is,,8250,8250
182,True and ( ( False or False ) or False ) is,False and ( ( True or True ) or True ) is,,8250,8250
183,( ( False or False ) or ( not False ) ) and ( False or True ) is,( ( True or True ) or ( not True ) ) and ( True or False ) is,,6110,6110
184,( not ( True and True ) ) and ( True or False ) is,( not ( False and False ) ) and ( False or True ) is,,8250,8250
185,( not True ) or ( ( False and True ) or True ) is,( not False ) or ( ( True and False ) or False ) is,,6110,6110
186,( True or False ) or ( not ( False or True ) ) is,( False or True ) or ( not ( True or False ) ) is,,6110,6110
187,( ( not True ) and ( False and True ) ) or False is,( ( not False ) and ( True and False ) ) or True is,,8250,8250
188,( True and True ) and ( not ( False or True ) ) is,( False and False ) and ( not ( True or False ) ) is,,8250,8250
189,( False or False ) and ( True and ( not False ) ) is,( True or True ) and ( False and ( not True ) ) is,,8250,8250
190,( not True ) and ( False or ( True and False ) ) is,( not False ) and ( True or ( False and True ) ) is,,8250,8250
191,( False or ( False and False ) ) or ( not ( False and False ) ) is,( True or ( True and True ) ) or ( not ( True and True ) ) is,,6110,6110
192,( ( True or False ) and ( True or True ) ) and ( ( not False ) or False ) is,( ( False or True ) and ( False or False ) ) and ( ( not True ) or True ) is,,6110,6110
193,( ( True or False ) and True ) and True is,( ( False or True ) and False ) and False is,,6110,6110
194,( ( True or True ) and ( not False ) ) and True is,( ( False or False ) and ( not True ) ) and False is,,6110,6110
195,( not ( False or True ) ) and ( ( False and True ) or True ) is,( not ( True or False ) ) and ( ( True and False ) or False ) is,,8250,8250
196,( ( not True ) and ( False and False ) ) and ( False or ( not False ) ) is,( ( not False ) and ( True and True ) ) and ( True or ( not True ) ) is,,8250,8250
197,( False and ( False and True ) ) and ( not ( not False ) ) is,( True and ( True and False ) ) and ( not ( not True ) ) is,,8250,8250
198,( False or ( not True ) ) or ( False and False ) is,( True or ( not False ) ) or ( True and True ) is,,8250,8250
199,( True or True ) or ( False and ( True and True ) ) is,( False or False ) or ( True and ( False and False ) ) is,,6110,6110
200,( ( not True ) or True ) and ( not ( True and True ) ) is,( ( not False ) or False ) and ( not ( False and False ) ) is,,8250,8250
201,( False and True ) and ( ( False and False ) or True ) is,( True and False ) and ( ( True and True ) or False ) is,,8250,8250
202,( ( True and False ) and False ) or ( ( False and True ) and ( not False ) ) is,( ( False and True ) and True ) or ( ( True and False ) and ( not True ) ) is,,8250,8250
203,( not ( True and False ) ) and ( ( True and True ) and False ) is,( not ( False and True ) ) and ( ( False and False ) and True ) is,,8250,8250
204,( False and ( False or False ) ) and ( ( False or True ) or True ) is,( True and ( True or True ) ) and ( ( True or False ) or False ) is,,8250,8250
205,( not ( False and True ) ) or True is,( not ( True and False ) ) or False is,,6110,6110
206,( ( True or False ) or ( False or True ) ) and ( ( not True ) and False ) is,( ( False or True ) or ( True or False ) ) and ( ( not False ) and True ) is,,8250,8250
207,( ( True and False ) and True ) and ( True or False ) is,( ( False and True ) and False ) and ( False or True ) is,,8250,8250
208,( True and ( not False ) ) or ( False or ( not True ) ) is,( False and ( not True ) ) or ( True or ( not False ) ) is,,6110,6110
209,( True or ( not True ) ) or ( True or False ) is,( False or ( not False ) ) or ( False or True ) is,,6110,6110
210,( True or False ) or ( ( True and False ) or True ) is,( False or True ) or ( ( False and True ) or False ) is,,6110,6110
211,( ( not True ) and ( not False ) ) and ( True or True ) is,( ( not False ) and ( not True ) ) and ( False or False ) is,,8250,8250
212,( ( not False ) or True ) or ( ( not False ) and ( True or False ) ) is,( ( not True ) or False ) or ( ( not True ) and ( False or True ) ) is,,6110,6110
213,( True and True ) and ( ( False and True ) and False ) is,( False and False ) and ( ( True and False ) and True ) is,,8250,8250
214,( ( True or True ) or ( False and True ) ) or True is,( ( False or False ) or ( True and False ) ) or False is,,6110,6110
215,( not ( False and False ) ) and ( not True ) is,( not ( True and True ) ) and ( not False ) is,,8250,8250
216,( ( True and False ) and True ) and ( ( False and False ) or True ) is,( ( False and True ) and False ) and ( ( True and True ) or False ) is,,8250,8250
217,( not ( False and True ) ) or ( False and True ) is,( not ( True and False ) ) or ( True and False ) is,,6110,6110
218,( ( False and True ) and True ) and ( not ( not False ) ) is,( ( True and False ) and False ) and ( not ( not True ) ) is,,8250,8250
219,( ( not True ) and True ) and ( False and ( not True ) ) is,( ( not False ) and False ) and ( True and ( not False ) ) is,,8250,8250
220,( not ( not True ) ) or ( False or ( False and True ) ) is,( not ( not False ) ) or ( True or ( True and False ) ) is,,6110,6110
221,( not True ) and ( False and ( not False ) ) is,( not False ) and ( True and ( not True ) ) is,,8250,8250
222,( False or False ) and ( True or False ) is,( True or True ) and ( False or True ) is,,8250,8250
223,( True and ( not True ) ) or ( ( True or True ) and False ) is,( False and ( not False ) ) or ( ( False or False ) and True ) is,,8250,8250
224,( ( False and False ) and True ) or True is,( ( True and True ) and False ) or False is,,6110,6110
225,( ( False or False ) and ( True and False ) ) and False is,( ( True or True ) and ( False and True ) ) and True is,,8250,8250
226,( ( not True ) or ( False and True ) ) and ( False and True ) is,( ( not False ) or ( True and False ) ) and ( True and False ) is,,8250,8250
227,False and ( True and ( not True ) ) is,True and ( False and ( not False ) ) is,,8250,8250
228,( not ( False or False ) ) or ( False or ( not True ) ) is,( not ( True or True ) ) or ( True or ( not False ) ) is,,6110,6110
229,( ( not True ) or ( not True ) ) or False is,( ( not False ) or ( not False ) ) or True is,,8250,8250
230,( True or True ) or ( ( False or True ) and ( True and False ) ) is,( False or False ) or ( ( True or False ) and ( False and True ) ) is,,6110,6110
231,( False or True ) or ( not ( not False ) ) is,( True or False ) or ( not ( not True ) ) is,,6110,6110
232,( ( False and True ) and ( True or False ) ) or ( ( not False ) or ( not True ) ) is,( ( True and False ) and ( False or True ) ) or ( ( not True ) or ( not False ) ) is,,6110,6110
233,( False and False ) and ( True and ( False and False ) ) is,( True and True ) and ( False and ( True and True ) ) is,,8250,8250
234,( ( True or False ) or False ) and ( not True ) is,( ( False or True ) or True ) and ( not False ) is,,8250,8250
235,( ( not True ) and ( not False ) ) or ( not ( True or True ) ) is,( ( not False ) and ( not True ) ) or ( not ( False or False ) ) is,,8250,8250
236,False and ( True or ( False or False ) ) is,True and ( False or ( True or True ) ) is,,8250,8250
237,( ( True or True ) and False ) or ( False or ( not False ) ) is,( ( False or False ) and True ) or ( True or ( not True ) ) is,,6110,6110
238,( True and True ) and ( ( True or False ) or False ) is,( False and False ) and ( ( False or True ) or True ) is,,6110,6110
239,( True and ( False and True ) ) and False is,( False and ( True and False ) ) and True is,,8250,8250
240,( False and ( True and True ) ) or ( ( True or False ) and False ) is,( True and ( False and False ) ) or ( ( False or True ) and True ) is,,8250,8250
241,( ( False and True ) or False ) or ( not ( not False ) ) is,( ( True and False ) or True ) or ( not ( not True ) ) is,,8250,8250
242,( ( False and True ) or True ) or ( not ( False or True ) ) is,( ( True and False ) or False ) or ( not ( True or False ) ) is,,6110,6110
243,( False or ( not False ) ) and ( False and ( True or True ) ) is,( True or ( not True ) ) and ( True and ( False or False ) ) is,,8250,8250
244,( False or True ) or False is,( True or False ) or True is,,6110,6110
245,( ( not False ) or ( True and True ) ) or False is,( ( not True ) or ( False and False ) ) or True is,,6110,6110
246,( True or True ) or ( ( not False ) or ( False and False ) ) is,( False or False ) or ( ( not True ) or ( True and True ) ) is,,6110,6110
247,( not True ) and ( ( True or False ) and False ) is,( not False ) and ( ( False or True ) and True ) is,,8250,8250
248,( False and True ) and ( True and ( True and True ) ) is,( True and False ) and ( False and ( False and False ) ) is,,8250,8250
249,( ( False and False ) or False ) and False is,( ( True and True ) or True ) and True is,,8250,8250
250,( ( True and False ) and ( not False ) ) and False is,( ( False and True ) and ( not True ) ) and True is,,8250,8250
251,( not ( True and False ) ) and ( False or ( True or False ) ) is,( not ( False and True ) ) and ( True or ( False or True ) ) is,,6110,6110
252,( True or False ) or ( True and True ) is,( False or True ) or ( False and False ) is,,6110,6110
253,( False or ( True and False ) ) and ( True and False ) is,( True or ( False and True ) ) and ( False and True ) is,,8250,8250
254,( False or True ) and ( False or ( False and False ) ) is,( True or False ) and ( True or ( True and True ) ) is,,8250,8250
255,( not ( not True ) ) or ( ( True and False ) and ( not False ) ) is,( not ( not False ) ) or ( ( False and True ) and ( not True ) ) is,,6110,6110
256,( ( not True ) and True ) or ( False or False ) is,( ( not False ) and False ) or ( True or True ) is,,8250,8250
257,True and ( ( False or False ) and ( not False ) ) is,False and ( ( True or True ) and ( not True ) ) is,,8250,8250
258,( not False ) or ( True or False ) is,( not True ) or ( False or True ) is,,6110,6110
259,( not ( False and False ) ) or ( False or False ) is,( not ( True and True ) ) or ( True or True ) is,,6110,6110
260,( ( True and False ) or ( False and True ) ) and ( not False ) is,( ( False and True ) or ( True and False ) ) and ( not True ) is,,8250,8250
261,( ( True and True ) or False ) and ( False or True ) is,( ( False and False ) or True ) and ( True or False ) is,,6110,6110
262,True and ( ( False and False ) and ( True or True ) ) is,False and ( ( True and True ) and ( False or False ) ) is,,8250,8250
263,( True or ( True or False ) ) and ( False or False ) is,( False or ( False or True ) ) and ( True or True ) is,,8250,8250
264,( True and False ) and ( False or False ) is,( False and True ) and ( True or True ) is,,8250,8250
265,( True and False ) and ( ( False or True ) and True ) is,( False and True ) and ( ( True or False ) and False ) is,,8250,8250
266,( ( False and True ) and ( not True ) ) or False is,( ( True and False ) and ( not False ) ) or True is,,8250,8250
267,( True or True ) or ( ( not False ) or ( True or True ) ) is,( False or False ) or ( ( not True ) or ( False or False ) ) is,,6110,6110
268,( ( not True ) or ( True and False ) ) or ( True and False ) is,( ( not False ) or ( False and True ) ) or ( False and True ) is,,8250,8250
269,( True or ( not False ) ) and ( False and ( False and True ) ) is,( False or ( not True ) ) and ( True and ( True and False ) ) is,,8250,8250
270,False and ( ( False and True ) or ( not True ) ) is,True and ( ( True and False ) or ( not False ) ) is,,8250,8250
271,( False and ( True or False ) ) or ( not ( not True ) ) is,( True and ( False or True ) ) or ( not ( not False ) ) is,,6110,6110
272,( ( True or True ) and True ) and ( not True ) is,( ( False or False ) and False ) and ( not False ) is,,8250,8250
273,( ( not False ) or False ) and ( ( True and True ) or False ) is,( ( not True ) or True ) and ( ( False and False ) or True ) is,,6110,6110
274,( not ( not True ) ) and ( not True ) is,( not ( not False ) ) and ( not False ) is,,8250,8250
275,( not False ) and ( True and True ) is,( not True ) and ( False and False ) is,,6110,6110
276,( not ( True and False ) ) or ( False and False ) is,( not ( False and True ) ) or ( True and True ) is,,6110,6110
277,( ( False or False ) or ( False and False ) ) or True is,( ( True or True ) or ( True and True ) ) or False is,,6110,6110
278,( ( True and False ) and True ) and ( ( False or False ) and False ) is,( ( False and True ) and False ) and ( ( True or True ) and True ) is,,8250,8250
279,( True or False ) or ( ( False or False ) and False ) is,( False or True ) or ( ( True or True ) and True ) is,,6110,6110
280,( ( False and False ) or ( not False ) ) and ( ( False or True ) and False ) is,( ( True and True ) or ( not True ) ) and ( ( True or False ) and True ) is,,8250,8250
281,( False and ( not False ) ) or ( ( True and True ) and ( True and True ) ) is,( True and ( not True ) ) or ( ( False and False ) and ( False and False ) ) is,,6110,6110
282,( not ( not False ) ) and ( ( True and False ) or ( not False ) ) is,( not ( not True ) ) and ( ( False and True ) or ( not True ) ) is,,8250,8250
283,False or ( ( not True ) or ( False or True ) ) is,True or ( ( not False ) or ( True or False ) ) is,,6110,6110
284,( not True ) or ( ( not True ) or ( True or False ) ) is,( not False ) or ( ( not False ) or ( False or True ) ) is,,6110,6110
285,( False or ( True and False ) ) and ( False or ( False or False ) ) is,( True or ( False and True ) ) and ( True or ( True or True ) ) is,,8250,8250
286,( not False ) and ( False and True ) is,( not True ) and ( True and False ) is,,8250,8250
287,( ( not True ) and True ) and ( True or False ) is,( ( not False ) and False ) and ( False or True ) is,,8250,8250
288,( ( False and False ) or False ) and ( True or True ) is,( ( True and True ) or True ) and ( False or False ) is,,8250,8250
289,( ( not False ) or ( False or True ) ) or False is,( ( not True ) or ( True or False ) ) or True is,,6110,6110
290,( False and ( False or True ) ) and True is,( True and ( True or False ) ) and False is,,8250,8250
291,( ( True and False ) and ( not True ) ) or ( True or ( not True ) ) is,( ( False and True ) and ( not False ) ) or ( False or ( not False ) ) is,,6110,6110
292,( not ( True or True ) ) and ( False or ( True or False ) ) is,( not ( False or False ) ) and ( True or ( False or True ) ) is,,8250,8250
293,( False and ( not False ) ) or ( not ( False and True ) ) is,( True and ( not True ) ) or ( not ( True and False ) ) is,,6110,6110
294,( ( False or True ) or True ) or ( False and False ) is,( ( True or False ) or False ) or ( True and True ) is,,6110,6110
295,( ( not False ) or False ) or ( ( not True ) or ( not True ) ) is,( ( not True ) or True ) or ( ( not False ) or ( not False ) ) is,,6110,6110
296,True and ( ( not False ) or False ) is,False and ( ( not True ) or True ) is,,6110,6110
297,( True and False ) and ( ( True or False ) and True ) is,( False and True ) and ( ( False or True ) and False ) is,,8250,8250
298,( ( False and True ) and ( not False ) ) or ( ( False and False ) or False ) is,( ( True and False ) and ( not True ) ) or ( ( True and True ) or True ) is,,8250,8250
299,( not ( True and True ) ) or ( True or ( not True ) ) is,( not ( False and False ) ) or ( False or ( not False ) ) is,,6110,6110
300,( not False ) or ( ( False or True ) or ( not True ) ) is,( not True ) or ( ( True or False ) or ( not False ) ) is,,6110,6110
301,False or ( ( False or False ) or ( not True ) ) is,True or ( ( True or True ) or ( not False ) ) is,,8250,8250
302,True and ( ( True or True ) or ( not False ) ) is,False and ( ( False or False ) or ( not True ) ) is,,6110,6110
303,True and ( ( True or False ) and False ) is,False and ( ( False or True ) and True ) is,,8250,8250
304,True and ( True and False ) is,False and ( False and True ) is,,8250,8250
305,( ( not False ) and ( False or True ) ) and ( True or True ) is,( ( not True ) and ( True or False ) ) and ( False or False ) is,,6110,6110
306,( False or False ) or ( False or ( True and False ) ) is,( True or True ) or ( True or ( False and True ) ) is,,8250,8250
307,( ( True and True ) or ( True or True ) ) or False is,( ( False and False ) or ( False or False ) ) or True is,,6110,6110
308,( ( not False ) or ( False and True ) ) or False is,( ( not True ) or ( True and False ) ) or True is,,6110,6110
309,( not ( True and True ) ) and ( ( not True ) and False ) is,( not ( False and False ) ) and ( ( not False ) and True ) is,,8250,8250
310,( True and ( not True ) ) and ( True and False ) is,( False and ( not False ) ) and ( False and True ) is,,8250,8250
311,( False and ( False or True ) ) or ( not ( True or False ) ) is,( True and ( True or False ) ) or ( not ( False or True ) ) is,,8250,8250
312,False and ( True or ( True or False ) ) is,True and ( False or ( False or True ) ) is,,8250,8250
313,( ( True and False ) and ( True and True ) ) or True is,( ( False and True ) and ( False and False ) ) or False is,,6110,6110
314,( False or True ) and ( False or False ) is,( True or False ) and ( True or True ) is,,8250,8250
315,( False and ( False or True ) ) and ( False and True ) is,( True and ( True or False ) ) and ( True and False ) is,,8250,8250
316,( True and False ) or ( ( not False ) and True ) is,( False and True ) or ( ( not True ) and False ) is,,6110,6110
317,False or ( not ( True or True ) ) is,True or ( not ( False or False ) ) is,,8250,8250
318,( ( True or True ) or ( True or False ) ) or ( ( not False ) or True ) is,( ( False or False ) or ( False or True ) ) or ( ( not True ) or False ) is,,6110,6110
319,( ( False or False ) and False ) or ( ( False and True ) and True ) is,( ( True or True ) and True ) or ( ( True and False ) and False ) is,,8250,8250
320,( not False ) or ( ( True or False ) and True ) is,( not True ) or ( ( False or True ) and False ) is,,6110,6110
321,( not ( not False ) ) and ( True and False ) is,( not ( not True ) ) and ( False and True ) is,,8250,8250
322,( ( not False ) or ( not True ) ) and ( False or True ) is,( ( not True ) or ( not False ) ) and ( True or False ) is,,6110,6110
323,( not ( False and True ) ) and ( not True ) is,( not ( True and False ) ) and ( not False ) is,,8250,8250
324,( ( not True ) and True ) or ( True and True ) is,( ( not False ) and False ) or ( False and False ) is,,6110,6110
325,False or ( ( not False ) or True ) is,True or ( ( not True ) or False ) is,,6110,6110
326,( ( not True ) or False ) or ( not ( not True ) ) is,( ( not False ) or True ) or ( not ( not False ) ) is,,6110,6110
327,( not True ) or ( ( False or True ) and ( not False ) ) is,( not False ) or ( ( True or False ) and ( not True ) ) is,,6110,6110
328,( False and True ) or ( not ( not True ) ) is,( True and False ) or ( not ( not False ) ) is,,6110,6110
329,( ( True and True ) and ( True and True ) ) or ( not ( not False ) ) is,( ( False and False ) and ( False and False ) ) or ( not ( not True ) ) is,,6110,6110
330,( ( not True ) and ( not False ) ) or ( False or True ) is,( ( not False ) and ( not True ) ) or ( True or False ) is,,6110,6110
331,( ( not True ) or False ) or ( ( not False ) or True ) is,( ( not False ) or True ) or ( ( not True ) or False ) is,,6110,6110
332,( ( not False ) or ( True or False ) ) and ( False and ( False and True ) ) is,( ( not True ) or ( False or True ) ) and ( True and ( True and False ) ) is,,8250,8250
333,( True and ( True and False ) ) and True is,( False and ( False and True ) ) and False is,,8250,8250
334,( ( not False ) and False ) or ( not ( True or True ) ) is,( ( not True ) and True ) or ( not ( False or False ) ) is,,8250,8250
335,( True and False ) or ( True and True ) is,( False and True ) or ( False and False ) is,,6110,6110
336,( not ( not True ) ) or ( ( False or True ) and ( True or True ) ) is,( not ( not False ) ) or ( ( True or False ) and ( False or False ) ) is,,6110,6110
337,( not False ) or ( ( not False ) and ( False and True ) ) is,( not True ) or ( ( not True ) and ( True and False ) ) is,,6110,6110
338,( not ( False or False ) ) or ( True or ( True and True ) ) is,( not ( True or True ) ) or ( False or ( False and False ) ) is,,6110,6110
339,False or ( ( False and False ) or ( False and False ) ) is,True or ( ( True and True ) or ( True and True ) ) is,,8250,8250
340,( True and ( not False ) ) or ( True and True ) is,( False and ( not True ) ) or ( False and False ) is,,6110,6110
341,( ( False and True ) or True ) and ( ( not False ) or False ) is,( ( True and False ) or False ) and ( ( not True ) or True ) is,,6110,6110
342,( not ( not True ) ) or ( False and ( False or True ) ) is,( not ( not False ) ) or ( True and ( True or False ) ) is,,6110,6110
343,( not ( False or True ) ) or ( ( False and True ) or False ) is,( not ( True or False ) ) or ( ( True and False ) or True ) is,,8250,8250
344,( True and ( not True ) ) and ( not ( not False ) ) is,( False and ( not False ) ) and ( not ( not True ) ) is,,8250,8250
345,( not ( True or True ) ) or ( False or True ) is,( not ( False or False ) ) or ( True or False ) is,,6110,6110
346,( True and ( False and True ) ) or False is,( False and ( True and False ) ) or True is,,8250,8250
347,( False and True ) and ( True or ( False and False ) ) is,( True and False ) and ( False or ( True and True ) ) is,,8250,8250
348,False or ( ( True and False ) and ( True or True ) ) is,True or ( ( False and True ) and ( False or False ) ) is,,8250,8250
349,( True and ( False or False ) ) and ( False and False ) is,( False and ( True or True ) ) and ( True and True ) is,,8250,8250
350,( ( True or False ) and ( True and True ) ) or ( True and ( not True ) ) is,( ( False or True ) and ( False and False ) ) or ( False and ( not False ) ) is,,6110,6110
351,( True or False ) or ( True or ( False and True ) ) is,( False or True ) or ( False or ( True and False ) ) is,,6110,6110
352,( True or ( True or True ) ) and ( True or True ) is,( False or ( False or False ) ) and ( False or False ) is,,6110,6110
353,( True and ( False or False ) ) and ( ( not False ) or ( not False ) ) is,( False and ( True or True ) ) and ( ( not True ) or ( not True ) ) is,,8250,8250
354,( False or ( True and False ) ) or ( not ( True or False ) ) is,( True or ( False and True ) ) or ( not ( False or True ) ) is,,8250,8250
355,( ( True or True ) or True ) and ( ( not False ) and False ) is,( ( False or False ) or False ) and ( ( not True ) and True ) is,,8250,8250
356,( ( not False ) and False ) and ( ( False or False ) and False ) is,( ( not True ) and True ) and ( ( True or True ) and True ) is,,8250,8250
357,True or ( ( False and True ) or ( True or True ) ) is,False or ( ( True and False ) or ( False or False ) ) is,,6110,6110
358,( ( not False ) or ( True or False ) ) and False is,( ( not True ) or ( False or True ) ) and True is,,8250,8250
359,( not ( True or False ) ) or ( not False ) is,( not ( False or True ) ) or ( not True ) is,,6110,6110
360,( ( not False ) and False ) or ( False and ( True and False ) ) is,( ( not True ) and True ) or ( True and ( False and True ) ) is,,8250,8250
361,( ( True and False ) or True ) or ( True or True ) is,( ( False and True ) or False ) or ( False or False ) is,,6110,6110
362,( ( False and True ) and False ) and ( not ( True or False ) ) is,( ( True and False ) and True ) and ( not ( False or True ) ) is,,8250,8250
363,False or ( ( False or True ) or ( not False ) ) is,True or ( ( True or False ) or ( not True ) ) is,,6110,6110
364,( ( False and True ) and ( False and False ) ) and ( True or False ) is,( ( True and False ) and ( True and True ) ) and ( False or True ) is,,8250,8250
365,( not False ) and ( ( False or False ) or False ) is,( not True ) and ( ( True or True ) or True ) is,,8250,8250
366,( False or True ) or ( True or ( False and False ) ) is,( True or False ) or ( False or ( True and True ) ) is,,6110,6110
367,( True or ( not True ) ) and ( not ( not False ) ) is,( False or ( not False ) ) and ( not ( not True ) ) is,,8250,8250
368,( not ( True or True ) ) and ( ( not False ) and True ) is,( not ( False or False ) ) and ( ( not True ) and False ) is,,8250,8250
369,( not True ) and ( False and ( False or False ) ) is,( not False ) and ( True and ( True or True ) ) is,,8250,8250
370,( not ( True or True ) ) or ( ( True or False ) or ( False and False ) ) is,( not ( False or False ) ) or ( ( False or True ) or ( True and True ) ) is,,6110,6110
371,( ( not True ) and False ) or ( not True ) is,( ( not False ) and True ) or ( not False ) is,,8250,8250
372,( ( False or False ) and False ) or ( False or ( False or True ) ) is,( ( True or True ) and True ) or ( True or ( True or False ) ) is,,6110,6110
373,( ( False or True ) and ( not True ) ) and False is,( ( True or False ) and ( not False ) ) and True is,,8250,8250
374,( not ( False and False ) ) and ( ( False and True ) or ( not False ) ) is,( not ( True and True ) ) and ( ( True and False ) or ( not True ) ) is,,6110,6110
375,( ( True and True ) and True ) or ( True or ( not False ) ) is,( ( False and False ) and False ) or ( False or ( not True ) ) is,,6110,6110
376,( ( True and False ) and True ) and ( ( not True ) or True ) is,( ( False and True ) and False ) and ( ( not False ) or False ) is,,8250,8250
377,( ( False or True ) and ( False and True ) ) or False is,( ( True or False ) and ( True and False ) ) or True is,,8250,8250
378,( ( not True ) or False ) or ( True and False ) is,( ( not False ) or True ) or ( False and True ) is,,8250,8250
379,( ( False or True ) and ( not True ) ) and ( ( False and True ) or True ) is,( ( True or False ) and ( not False ) ) and ( ( True and False ) or False ) is,,8250,8250
380,( ( not True ) or ( False and True ) ) or True is,( ( not False ) or ( True and False ) ) or False is,,6110,6110
381,True and ( ( True or True ) or ( False and True ) ) is,False and ( ( False or False ) or ( True and False ) ) is,,6110,6110
382,( ( not True ) or True ) and ( ( not True ) and True ) is,( ( not False ) or False ) and ( ( not False ) and False ) is,,8250,8250
383,( ( not False ) or False ) and ( not ( True and True ) ) is,( ( not True ) or True ) and ( not ( False and False ) ) is,,8250,8250
384,( ( True and False ) or ( not True ) ) and False is,( ( False and True ) or ( not False ) ) and True is,,8250,8250
385,( True or ( False and True ) ) or ( not ( True and True ) ) is,( False or ( True and False ) ) or ( not ( False and False ) ) is,,6110,6110
386,( True or True ) or ( True and ( True and False ) ) is,( False or False ) or ( False and ( False and True ) ) is,,6110,6110
387,True and ( ( False or True ) and True ) is,False and ( ( True or False ) and False ) is,,6110,6110
388,( True and ( True and False ) ) or ( True or False ) is,( False and ( False and True ) ) or ( False or True ) is,,6110,6110
389,( ( not False ) or ( True and False ) ) and False is,( ( not True ) or ( False and True ) ) and True is,,8250,8250
390,( False or ( not True ) ) and ( True and ( False and False ) ) is,( True or ( not False ) ) and ( False and ( True and True ) ) is,,8250,8250
391,( False or ( True or True ) ) and ( False and ( not False ) ) is,( True or ( False or False ) ) and ( True and ( not True ) ) is,,8250,8250
392,( False and ( True and True ) ) and ( True or False ) is,( True and ( False and False ) ) and ( False or True ) is,,8250,8250
393,True and ( ( not True ) or False ) is,False and ( ( not False ) or True ) is,,8250,8250
394,( True or True ) or ( ( False and False ) and False ) is,( False or False ) or ( ( True and True ) and True ) is,,6110,6110
395,( False or ( not True ) ) and ( ( False or False ) or False ) is,( True or ( not False ) ) and ( ( True or True ) or True ) is,,8250,8250
396,False and ( ( False or False ) and True ) is,True and ( ( True or True ) and False ) is,,8250,8250
397,( not False ) and ( False or ( False or True ) ) is,( not True ) and ( True or ( True or False ) ) is,,6110,6110
398,( not ( True and False ) ) or ( ( False and True ) and True ) is,( not ( False and True ) ) or ( ( True and False ) and False ) is,,6110,6110
399,( ( False or True ) and ( True and True ) ) and False is,( ( True or False ) and ( False and False ) ) and True is,,8250,8250
400,( True or True ) or ( ( not True ) and False ) is,( False or False ) or ( ( not False ) and True ) is,,6110,6110
401,( ( not False ) and ( not True ) ) and ( True or ( not False ) ) is,( ( not True ) and ( not False ) ) and ( False or ( not True ) ) is,,8250,8250
402,( True or ( False or True ) ) or True is,( False or ( True or False ) ) or False is,,6110,6110
403,False and ( ( not True ) or ( False or False ) ) is,True and ( ( not False ) or ( True or True ) ) is,,8250,8250
404,( ( True or True ) and False ) or ( False or ( True and True ) ) is,( ( False or False ) and True ) or ( True or ( False and False ) ) is,,6110,6110
405,( ( True and True ) or ( True or False ) ) or False is,( ( False and False ) or ( False or True ) ) or True is,,6110,6110
406,( False or True ) or ( ( True or False ) and True ) is,( True or False ) or ( ( False or True ) and False ) is,,6110,6110
407,( not ( False or True ) ) and ( False and ( not False ) ) is,( not ( True or False ) ) and ( True and ( not True ) ) is,,8250,8250
408,( False and False ) and ( False or True ) is,( True and True ) and ( True or False ) is,,8250,8250
409,( True and True ) and ( not ( not True ) ) is,( False and False ) and ( not ( not False ) ) is,,6110,6110
410,( not ( False and False ) ) and ( ( not False ) or True ) is,( not ( True and True ) ) and ( ( not True ) or False ) is,,6110,6110
411,( ( not False ) or ( False and True ) ) or ( False and False ) is,( ( not True ) or ( True and False ) ) or ( True and True ) is,,6110,6110
412,True and ( ( not False ) or ( False or True ) ) is,False and ( ( not True ) or ( True or False ) ) is,,6110,6110
413,( False and True ) and ( not ( not False ) ) is,( True and False ) and ( not ( not True ) ) is,,8250,8250
414,( not ( True and True ) ) or ( True or ( False and False ) ) is,( not ( False and False ) ) or ( False or ( True and True ) ) is,,6110,6110
415,( ( True and True ) and False ) or ( ( not False ) and ( True and False ) ) is,( ( False and False ) and True ) or ( ( not True ) and ( False and True ) ) is,,8250,8250
416,( False and ( True and False ) ) or ( not ( True or True ) ) is,( True and ( False and True ) ) or ( not ( False or False ) ) is,,8250,8250
417,( True or ( True and False ) ) and ( True or False ) is,( False or ( False and True ) ) and ( False or True ) is,,6110,6110
418,( not ( True or False ) ) or ( not ( False and False ) ) is,( not ( False or True ) ) or ( not ( True and True ) ) is,,6110,6110
419,( ( False and False ) or True ) and ( not False ) is,( ( True and True ) or False ) and ( not True ) is,,6110,6110
420,( False or False ) and ( ( not True ) and True ) is,( True or True ) and ( ( not False ) and False ) is,,8250,8250
421,( True or False ) and ( False and ( not False ) ) is,( False or True ) and ( True and ( not True ) ) is,,8250,8250
422,( True or ( True and False ) ) or ( ( not False ) or ( not False ) ) is,( False or ( False and True ) ) or ( ( not True ) or ( not True ) ) is,,6110,6110
423,( ( False or False ) and ( not False ) ) or False is,( ( True or True ) and ( not True ) ) or True is,,8250,8250
424,( not ( True or True ) ) and ( False or True ) is,( not ( False or False ) ) and ( True or False ) is,,8250,8250
425,( ( not False ) and False ) or ( ( not False ) or ( not False ) ) is,( ( not True ) and True ) or ( ( not True ) or ( not True ) ) is,,6110,6110
426,( not False ) or ( ( False and False ) and ( False and False ) ) is,( not True ) or ( ( True and True ) and ( True and True ) ) is,,6110,6110
427,( not ( True and False ) ) and ( False or ( not True ) ) is,( not ( False and True ) ) and ( True or ( not False ) ) is,,8250,8250
428,( not False ) or ( ( False and True ) or False ) is,( not True ) or ( ( True and False ) or True ) is,,6110,6110
429,( ( True and False ) or False ) or ( True and True ) is,( ( False and True ) or True ) or ( False and False ) is,,6110,6110
430,( True or False ) and ( False and ( True or False ) ) is,( False or True ) and ( True and ( False or True ) ) is,,8250,8250
431,( True and ( not False ) ) or ( True or True ) is,( False and ( not True ) ) or ( False or False ) is,,6110,6110
432,( ( True or True ) and True ) and ( True or ( not False ) ) is,( ( False or False ) and False ) and ( False or ( not True ) ) is,,6110,6110
433,( True or ( True or False ) ) and ( not ( False and False ) ) is,( False or ( False or True ) ) and ( not ( True and True ) ) is,,6110,6110
434,True or ( ( False or True ) and ( False and True ) ) is,False or ( ( True or False ) and ( True and False ) ) is,,6110,6110
435,( ( not False ) and False ) or ( not ( False or True ) ) is,( ( not True ) and True ) or ( not ( True or False ) ) is,,8250,8250
436,False or ( ( False or False ) and ( not True ) ) is,True or ( ( True or True ) and ( not False ) ) is,,8250,8250
437,( not ( not False ) ) or ( ( True or False ) or True ) is,( not ( not True ) ) or ( ( False or True ) or False ) is,,6110,6110
438,( False or ( not True ) ) or ( ( False or True ) or ( False or False ) ) is,( True or ( not False ) ) or ( ( True or False ) or ( True or True ) ) is,,6110,6110
439,( False and ( not False ) ) and ( True or False ) is,( True and ( not True ) ) and ( False or True ) is,,8250,8250
440,False or ( ( False or True ) and True ) is,True or ( ( True or False ) and False ) is,,6110,6110
441,( ( False and True ) and ( not True ) ) and ( True and True ) is,( ( True and False ) and ( not False ) ) and ( False and False ) is,,8250,8250
442,( ( True and False ) or ( not True ) ) and ( not ( not False ) ) is,( ( False and True ) or ( not False ) ) and ( not ( not True ) ) is,,8250,8250
443,( not ( False or True ) ) and ( not ( not True ) ) is,( not ( True or False ) ) and ( not ( not False ) ) is,,8250,8250
444,( True and ( not False ) ) or True is,( False and ( not True ) ) or False is,,6110,6110
445,( ( not False ) and False ) or ( True and True ) is,( ( not True ) and True ) or ( False and False ) is,,6110,6110
446,( ( True and False ) or ( True and False ) ) and ( not True ) is,( ( False and True ) or ( False and True ) ) and ( not False ) is,,8250,8250
447,( False or False ) and ( False and ( False or True ) ) is,( True or True ) and ( True and ( True or False ) ) is,,8250,8250
448,( ( False or False ) or ( not True ) ) and True is,( ( True or True ) or ( not False ) ) and False is,,8250,8250
449,False or ( True and ( False and True ) ) is,True or ( False and ( True and False ) ) is,,8250,8250
450,( True and ( True or False ) ) and ( ( True and True ) or True ) is,( False and ( False or True ) ) and ( ( False and False ) or False ) is,,6110,6110
451,( ( not False ) and ( not True ) ) and ( False and ( not False ) ) is,( ( not True ) and ( not False ) ) and ( True and ( not True ) ) is,,8250,8250
452,( ( not False ) and True ) and ( not ( not False ) ) is,( ( not True ) and False ) and ( not ( not True ) ) is,,8250,8250
453,( ( not False ) or False ) and ( True or ( not True ) ) is,( ( not True ) or True ) and ( False or ( not False ) ) is,,6110,6110
454,( True or True ) and ( ( True and True ) or False ) is,( False or False ) and ( ( False and False ) or True ) is,,6110,6110
455,( False and ( False and False ) ) or ( True and False ) is,( True and ( True and True ) ) or ( False and True ) is,,8250,8250
456,( ( not False ) and True ) or ( False and ( True or False ) ) is,( ( not True ) and False ) or ( True and ( False or True ) ) is,,6110,6110
457,( not True ) and ( True and ( False or False ) ) is,( not False ) and ( False and ( True or True ) ) is,,8250,8250
458,( ( True or False ) or ( True and True ) ) and ( False and False ) is,( ( False or True ) or ( False and False ) ) and ( True and True ) is,,8250,8250
459,( ( not False ) and ( False or False ) ) or ( not False ) is,( ( not True ) and ( True or True ) ) or ( not True ) is,,6110,6110
460,( ( True and True ) and ( True or False ) ) or ( False or ( not True ) ) is,( ( False and False ) and ( False or True ) ) or ( True or ( not False ) ) is,,6110,6110
461,( True or ( not False ) ) or ( ( False or False ) and True ) is,( False or ( not True ) ) or ( ( True or True ) and False ) is,,6110,6110
462,( not True ) and ( ( not True ) or False ) is,( not False ) and ( ( not False ) or True ) is,,8250,8250
463,( not ( False or True ) ) or ( True or True ) is,( not ( True or False ) ) or ( False or False ) is,,6110,6110
464,( ( True or False ) and True ) or ( not True ) is,( ( False or True ) and False ) or ( not False ) is,,6110,6110
465,( False and True ) or ( True and ( False and True ) ) is,( True and False ) or ( False and ( True and False ) ) is,,8250,8250
466,( True and False ) or True is,( False and True ) or False is,,6110,6110
467,( True and ( False and True ) ) or ( True and True ) is,( False and ( True and False ) ) or ( False and False ) is,,6110,6110
468,False or ( ( not True ) or ( not False ) ) is,True or ( ( not False ) or ( not True ) ) is,,6110,6110
469,( True or True ) and ( True and ( not False ) ) is,( False or False ) and ( False and ( not True ) ) is,,6110,6110
470,( True or ( True or False ) ) or False is,( False or ( False or True ) ) or True is,,6110,6110
471,( False and True ) or ( ( False or True ) or ( not False ) ) is,( True and False ) or ( ( True or False ) or ( not True ) ) is,,6110,6110
472,( ( True and True ) or False ) or ( ( False or False ) and False ) is,( ( False and False ) or True ) or ( ( True or True ) and True ) is,,6110,6110
473,( not True ) or ( ( not False ) and ( False and True ) ) is,( not False ) or ( ( not True ) and ( True and False ) ) is,,8250,8250
474,False or ( ( False and False ) and ( True and True ) ) is,True or ( ( True and True ) and ( False and False ) ) is,,8250,8250
475,( ( not False ) or True ) or ( not True ) is,( ( not True ) or False ) or ( not False ) is,,6110,6110
476,( False or False ) and ( not ( False or True ) ) is,( True or True ) and ( not ( True or False ) ) is,,8250,8250
477,False or ( True and True ) is,True or ( False and False ) is,,6110,6110
478,False and ( ( True and True ) or ( True and True ) ) is,True and ( ( False and False ) or ( False and False ) ) is,,8250,8250
479,( ( not False ) or False ) or False is,( ( not True ) or True ) or True is,,6110,6110
480,( False or ( not True ) ) or ( ( True and True ) or True ) is,( True or ( not False ) ) or ( ( False and False ) or False ) is,,6110,6110
481,( not ( True or True ) ) or ( False and ( True and True ) ) is,( not ( False or False ) ) or ( True and ( False and False ) ) is,,8250,8250
482,( ( not True ) and ( not False ) ) or ( True and False ) is,( ( not False ) and ( not True ) ) or ( False and True ) is,,8250,8250
483,( not True ) or ( ( False or False ) and False ) is,( not False ) or ( ( True or True ) and True ) is,,8250,8250
484,( not True ) or ( ( True or False ) or False ) is,( not False ) or ( ( False or True ) or True ) is,,6110,6110
485,( ( not True ) or False ) and ( False and False ) is,( ( not False ) or True ) and ( True and True ) is,,8250,8250
486,( not ( True or False ) ) or ( False and False ) is,( not ( False or True ) ) or ( True and True ) is,,8250,8250
487,( False or True ) or ( ( True or True ) and False ) is,( True or False ) or ( ( False or False ) and True ) is,,6110,6110
488,( not False ) or ( ( not False ) and ( False or False ) ) is,( not True ) or ( ( not True ) and ( True or True ) ) is,,6110,6110
489,( ( True and False ) and True ) or ( not False ) is,( ( False and True ) and False ) or ( not True ) is,,6110,6110
490,( True or ( True and False ) ) and ( True or ( True and True ) ) is,( False or ( False and True ) ) and ( False or ( False and False ) ) is,,6110,6110
491,True and ( True and ( False or True ) ) is,False and ( False and ( True or False ) ) is,,6110,6110
492,False and ( ( False or True ) and ( not True ) ) is,True and ( ( True or False ) and ( not False ) ) is,,8250,8250
493,( not ( True or True ) ) and ( False or False ) is,( not ( False or False ) ) and ( True or True ) is,,8250,8250
494,( False or True ) or ( False and ( False and False ) ) is,( True or False ) or ( True and ( True and True ) ) is,,6110,6110
495,( not True ) and ( not ( False or False ) ) is,( not False ) and ( not ( True or True ) ) is,,8250,8250
496,True and ( ( True and False ) or ( not True ) ) is,False and ( ( False and True ) or ( not False ) ) is,,8250,8250
497,( False and False ) or ( False or ( True and False ) ) is,( True and True ) or ( True or ( False and True ) ) is,,8250,8250
498,( True or True ) and False is,( False or False ) and True is,,8250,8250
499,( ( True or False ) and False ) or ( not ( not False ) ) is,( ( False or True ) and True ) or ( not ( not True ) ) is,,8250,8250
500,( not False ) or ( ( True or False ) or True ) is,( not True ) or ( ( False or True ) or False ) is,,6110,6110
501,( not ( True and False ) ) and ( not False ) is,( not ( False and True ) ) and ( not True ) is,,6110,6110
502,( not ( not True ) ) or ( not ( True or False ) ) is,( not ( not False ) ) or ( not ( False or True ) ) is,,6110,6110
503,True and ( ( not True ) or ( not True ) ) is,False and ( ( not False ) or ( not False ) ) is,,8250,8250
504,( ( True and True ) or ( not True ) ) or ( not True ) is,( ( False and False ) or ( not False ) ) or ( not False ) is,,6110,6110
505,( ( not False ) and ( not False ) ) or ( False and False ) is,( ( not True ) and ( not True ) ) or ( True and True ) is,,6110,6110
506,( False and False ) and ( ( True or False ) or True ) is,( True and True ) and ( ( False or True ) or False ) is,,8250,8250
507,( ( True and True ) or True ) or True is,( ( False and False ) or False ) or False is,,6110,6110
508,( ( True or True ) and ( False or False ) ) and True is,( ( False or False ) and ( True or True ) ) and False is,,8250,8250
509,( ( True and False ) and True ) and ( True and True ) is,( ( False and True ) and False ) and ( False and False ) is,,8250,8250
510,( True and False ) or ( False or False ) is,( False and True ) or ( True or True ) is,,8250,8250
511,( not ( False and False ) ) and ( False or ( True and False ) ) is,( not ( True and True ) ) and ( True or ( False and True ) ) is,,8250,8250
512,( False or True ) or ( ( True and False ) and True ) is,( True or False ) or ( ( False and True ) and False ) is,,6110,6110
513,( False or False ) and ( ( True or False ) or False ) is,( True or True ) and ( ( False or True ) or True ) is,,8250,8250
514,( ( not False ) and True ) and ( ( True and True ) and True ) is,( ( not True ) and False ) and ( ( False and False ) and False ) is,,6110,6110
515,( True and False ) and ( ( True or False ) and ( True and True ) ) is,( False and True ) and ( ( False or True ) and ( False and False ) ) is,,8250,8250
516,( ( not False ) and ( False or True ) ) and True is,( ( not True ) and ( True or False ) ) and False is,,6110,6110
517,( ( True or True ) and False ) or ( True or True ) is,( ( False or False ) and True ) or ( False or False ) is,,6110,6110
518,( not True ) and ( False and True ) is,( not False ) and ( True and False ) is,,8250,8250
519,True or ( ( True and True ) and ( False and True ) ) is,False or ( ( False and False ) and ( True and False ) ) is,,6110,6110
520,( ( not True ) and True ) and ( True and True ) is,( ( not False ) and False ) and ( False and False ) is,,8250,8250
521,( ( True and True ) and True ) and ( False or ( False or False ) ) is,( ( False and False ) and False ) and ( True or ( True or True ) ) is,,8250,8250
522,True or ( ( True or False ) and ( not True ) ) is,False or ( ( False or True ) and ( not False ) ) is,,6110,6110
523,( ( True or False ) and False ) or ( ( False and False ) or ( not False ) ) is,( ( False or True ) and True ) or ( ( True and True ) or ( not True ) ) is,,6110,6110
524,False and ( ( not True ) or ( True and True ) ) is,True and ( ( not False ) or ( False and False ) ) is,,8250,8250
525,( True or ( not True ) ) and ( True or False ) is,( False or ( not False ) ) and ( False or True ) is,,6110,6110
526,( True and True ) and ( ( False or True ) or True ) is,( False and False ) and ( ( True or False ) or False ) is,,6110,6110
527,( ( False and False ) or False ) and ( False or True ) is,( ( True and True ) or True ) and ( True or False ) is,,8250,8250
528,( False or True ) or ( ( True or True ) and ( True and True ) ) is,( True or False ) or ( ( False or False ) and ( False and False ) ) is,,6110,6110
529,False and ( ( True and True ) or ( not True ) ) is,True and ( ( False and False ) or ( not False ) ) is,,8250,8250
530,( ( True and False ) or False ) and ( True and False ) is,( ( False and True ) or True ) and ( False and True ) is,,8250,8250
531,( True or ( True or False ) ) or ( False or True ) is,( False or ( False or True ) ) or ( True or False ) is,,6110,6110
532,( not False ) or ( True and ( True or True ) ) is,( not True ) or ( False and ( False or False ) ) is,,6110,6110
533,( False or True ) or ( ( False or False ) and False ) is,( True or False ) or ( ( True or True ) and True ) is,,6110,6110
534,( False or False ) and ( ( True and True ) and True ) is,( True or True ) and ( ( False and False ) and False ) is,,8250,8250
535,( ( not False ) and ( True and False ) ) and ( True or True ) is,( ( not True ) and ( False and True ) ) and ( False or False ) is,,8250,8250
536,( ( not False ) or ( not False ) ) or ( ( False and True ) and ( False and True ) ) is,( ( not True ) or ( not True ) ) or ( ( True and False ) and ( True and False ) ) is,,6110,6110
537,( ( False or False ) or False ) or ( not True ) is,( ( True or True ) or True ) or ( not False ) is,,8250,8250
538,( ( True or True ) and False ) or ( ( not True ) or ( not True ) ) is,( ( False or False ) and True ) or ( ( not False ) or ( not False ) ) is,,8250,8250
539,( ( not False ) and True ) and ( ( not False ) and True ) is,( ( not True ) and False ) and ( ( not True ) and False ) is,,6110,6110
540,( False and False ) and True is,( True and True ) and False is,,8250,8250
541,( ( not False ) or ( not True ) ) and ( False or ( False and False ) ) is,( ( not True ) or ( not False ) ) and ( True or ( True and True ) ) is,,8250,8250
542,( not ( False or True ) ) or ( not False ) is,( not ( True or False ) ) or ( not True ) is,,6110,6110
543,( not ( not True ) ) and ( ( True and True ) or True ) is,( not ( not False ) ) and ( ( False and False ) or False ) is,,6110,6110
544,( True and ( False or False ) ) and ( ( True and False ) or True ) is,( False and ( True or True ) ) and ( ( False and True ) or False ) is,,8250,8250
545,( ( not False ) and False ) or ( ( True and True ) and True ) is,( ( not True ) and True ) or ( ( False and False ) and False ) is,,6110,6110
546,False and ( ( True or False ) or ( not True ) ) is,True and ( ( False or True ) or ( not False ) ) is,,8250,8250
547,( not ( not True ) ) or ( ( True or False ) and ( False and True ) ) is,( not ( not False ) ) or ( ( False or True ) and ( True and False ) ) is,,6110,6110
548,( ( False and True ) and ( True or False ) ) or ( not ( False and True ) ) is,( ( True and False ) and ( False or True ) ) or ( not ( True and False ) ) is,,6110,6110
549,( ( not True ) or True ) or False is,( ( not False ) or False ) or True is,,6110,6110
550,( ( True or True ) or False ) and ( not ( True or True ) ) is,( ( False or False ) or True ) and ( not ( False or False ) ) is,,8250,8250
551,( ( False and True ) and ( True or False ) ) and True is,( ( True and False ) and ( False or True ) ) and False is,,8250,8250
552,True and ( ( False and True ) or ( True or True ) ) is,False and ( ( True and False ) or ( False or False ) ) is,,6110,6110
553,( ( True and True ) and ( not True ) ) or ( not False ) is,( ( False and False ) and ( not False ) ) or ( not True ) is,,6110,6110
554,( ( True and False ) and False ) or ( False or False ) is,( ( False and True ) and True ) or ( True or True ) is,,8250,8250
555,( not ( not True ) ) and ( ( not False ) or ( not True ) ) is,( not ( not False ) ) and ( ( not True ) or ( not False ) ) is,,6110,6110
556,( ( False or True ) and False ) or ( ( False or False ) and True ) is,( ( True or False ) and True ) or ( ( True or True ) and False ) is,,8250,8250
557,( True or ( True or True ) ) and ( True and ( not False ) ) is,( False or ( False or False ) ) and ( False and ( not True ) ) is,,6110,6110
558,( ( True or True ) and ( True and True ) ) or True is,( ( False or False ) and ( False and False ) ) or False is,,6110,6110
559,( ( not True ) or ( False or False ) ) or ( ( not False ) or True ) is,( ( not False ) or ( True or True ) ) or ( ( not True ) or False ) is,,6110,6110
560,( ( False and True ) and ( False and False ) ) or ( not True ) is,( ( True and False ) and ( True and True ) ) or ( not False ) is,,8250,8250
561,( ( True and False ) and False ) and False is,( ( False and True ) and True ) and True is,,8250,8250
562,( False and False ) and ( False and ( not True ) ) is,( True and True ) and ( True and ( not False ) ) is,,8250,8250
563,( True or ( False or False ) ) and ( not ( True or False ) ) is,( False or ( True or True ) ) and ( not ( False or True ) ) is,,8250,8250
564,True and ( ( True and True ) or ( not True ) ) is,False and ( ( False and False ) or ( not False ) ) is,,6110,6110
565,( True or False ) or ( ( True or False ) or False ) is,( False or True ) or ( ( False or True ) or True ) is,,6110,6110
566,( ( not False ) and False ) or ( True or ( not False ) ) is,( ( not True ) and True ) or ( False or ( not True ) ) is,,6110,6110
567,( ( not True ) or False ) or ( True or False ) is,( ( not False ) or True ) or ( False or True ) is,,6110,6110
568,( True or False ) and ( True and True ) is,( False or True ) and ( False and False ) is,,6110,6110
569,( ( False or False ) or ( not True ) ) or False is,( ( True or True ) or ( not False ) ) or True is,,8250,8250
570,( False and False ) or ( ( False and False ) and ( False or True ) ) is,( True and True ) or ( ( True and True ) and ( True or False ) ) is,,8250,8250
571,( False or True ) and ( ( False or True ) and ( not True ) ) is,( True or False ) and ( ( True or False ) and ( not False ) ) is,,8250,8250
572,( False and True ) or ( ( True or False ) or ( True or True ) ) is,( True and False ) or ( ( False or True ) or ( False or False ) ) is,,6110,6110
573,( not ( not False ) ) and ( ( False and False ) or ( False and True ) ) is,( not ( not True ) ) and ( ( True and True ) or ( True and False ) ) is,,8250,8250
574,( ( False or True ) and ( not False ) ) or ( False or False ) is,( ( True or False ) and ( not True ) ) or ( True or True ) is,,6110,6110
575,( True or False ) or ( ( False or False ) and True ) is,( False or True ) or ( ( True or True ) and False ) is,,6110,6110
576,( not ( True or False ) ) and ( ( False or True ) or True ) is,( not ( False or True ) ) and ( ( True or False ) or False ) is,,8250,8250
577,( not ( True and True ) ) and ( ( False and True ) and True ) is,( not ( False and False ) ) and ( ( True and False ) and False ) is,,8250,8250
578,True or ( ( not True ) and True ) is,False or ( ( not False ) and False ) is,,6110,6110
579,( True or False ) and ( not ( False or False ) ) is,( False or True ) and ( not ( True or True ) ) is,,6110,6110
580,( True and ( True or True ) ) or ( ( not False ) and False ) is,( False and ( False or False ) ) or ( ( not True ) and True ) is,,6110,6110
581,False and ( ( not False ) or True ) is,True and ( ( not True ) or False ) is,,8250,8250
582,( True and ( not True ) ) and ( ( True or False ) and True ) is,( False and ( not False ) ) and ( ( False or True ) and False ) is,,8250,8250
583,( ( True and True ) or True ) and ( not ( not True ) ) is,( ( False and False ) or False ) and ( not ( not False ) ) is,,6110,6110
584,( ( True or False ) and False ) and ( not True ) is,( ( False or True ) and True ) and ( not False ) is,,8250,8250
585,( ( False and False ) and True ) and ( ( not False ) and True ) is,( ( True and True ) and False ) and ( ( not True ) and False ) is,,8250,8250
586,False or ( not ( False or True ) ) is,True or ( not ( True or False ) ) is,,8250,8250
587,( False and ( not False ) ) or ( True or ( False and True ) ) is,( True and ( not True ) ) or ( False or ( True and False ) ) is,,6110,6110
588,( False and ( True and False ) ) and True is,( True and ( False and True ) ) and False is,,8250,8250
589,( False and True ) and ( ( not False ) or True ) is,( True and False ) and ( ( not True ) or False ) is,,8250,8250
590,( not ( True and False ) ) or ( False or ( not True ) ) is,( not ( False and True ) ) or ( True or ( not False ) ) is,,6110,6110
591,( True or ( True or True ) ) and ( not ( False or False ) ) is,( False or ( False or False ) ) and ( not ( True or True ) ) is,,6110,6110
592,( not True ) or ( False or False ) is,( not False ) or ( True or True ) is,,8250,8250
593,( not False ) and ( ( True and False ) or ( False or True ) ) is,( not True ) and ( ( False and True ) or ( True or False ) ) is,,6110,6110
594,( False and ( False and True ) ) and ( ( False and False ) or False ) is,( True and ( True and False ) ) and ( ( True and True ) or True ) is,,8250,8250
595,( not True ) or ( False and ( False and False ) ) is,( not False ) or ( True and ( True and True ) ) is,,8250,8250
596,( True and ( False or False ) ) or ( ( not True ) or False ) is,( False and ( True or True ) ) or ( ( not False ) or True ) is,,8250,8250
597,( True and False ) or ( not ( not True ) ) is,( False and True ) or ( not ( not False ) ) is,,6110,6110
598,( False and True ) and ( ( True and True ) and ( False and False ) ) is,( True and False ) and ( ( False and False ) and ( True and True ) ) is,,8250,8250
599,( True or False ) and ( True and ( not False ) ) is,( False or True ) and ( False and ( not True ) ) is,,6110,6110
600,( ( not False ) or ( False and False ) ) and ( not False ) is,( ( not True ) or ( True and True ) ) and ( not True ) is,,6110,6110
601,( ( False or False ) or ( False or False ) ) or ( not ( False and False ) ) is,( ( True or True ) or ( True or True ) ) or ( not ( True and True ) ) is,,6110,6110
602,( True and False ) or ( ( True and False ) and False ) is,( False and True ) or ( ( False and True ) and True ) is,,8250,8250
603,( ( not False ) or False ) or ( True or False ) is,( ( not True ) or True ) or ( False or True ) is,,6110,6110
604,( ( True and False ) or True ) or ( ( False or False ) and True ) is,( ( False and True ) or False ) or ( ( True or True ) and False ) is,,6110,6110
605,( not ( False or False ) ) and ( False and True ) is,( not ( True or True ) ) and ( True and False ) is,,8250,8250
606,( False and False ) and ( ( False and True ) or True ) is,( True and True ) and ( ( True and False ) or False ) is,,8250,8250
607,( ( True and False ) and ( not False ) ) and ( ( not True ) or ( not False ) ) is,( ( False and True ) and ( not True ) ) and ( ( not False ) or ( not True ) ) is,,8250,8250
608,( ( False or False ) or ( False and True ) ) or ( not False ) is,( ( True or True ) or ( True and False ) ) or ( not True ) is,,6110,6110
609,( False and True ) or ( not True ) is,( True and False ) or ( not False ) is,,8250,8250
610,( False or True ) or ( True or ( False or False ) ) is,( True or False ) or ( False or ( True or True ) ) is,,6110,6110
611,( ( True and True ) or True ) or ( ( False or True ) or ( not True ) ) is,( ( False and False ) or False ) or ( ( True or False ) or ( not False ) ) is,,6110,6110
612,( ( False or False ) and False ) and ( False and True ) is,( ( True or True ) and True ) and ( True and False ) is,,8250,8250
613,( ( True or False ) or ( True or True ) ) and False is,( ( False or True ) or ( False or False ) ) and True is,,8250,8250
614,False and ( ( not False ) and ( True and False ) ) is,True and ( ( not True ) and ( False and True ) ) is,,8250,8250
615,( ( not True ) or ( True and False ) ) and False is,( ( not False ) or ( False and True ) ) and True is,,8250,8250
616,False and ( ( False and True ) and ( not True ) ) is,True and ( ( True and False ) and ( not False ) ) is,,8250,8250
617,( ( False and False ) and True ) or ( not ( True and True ) ) is,( ( True and True ) and False ) or ( not ( False and False ) ) is,,8250,8250
618,( ( False and True ) or True ) and ( not True ) is,( ( True and False ) or False ) and ( not False ) is,,8250,8250
619,( ( not False ) or ( False and False ) ) or ( False or False ) is,( ( not True ) or ( True and True ) ) or ( True or True ) is,,6110,6110
620,( not ( True and True ) ) and ( False and ( False and False ) ) is,( not ( False and False ) ) and ( True and ( True and True ) ) is,,8250,8250
621,( ( False and True ) or True ) or ( ( False or True ) and False ) is,( ( True and False ) or False ) or ( ( True or False ) and True ) is,,6110,6110
622,True or ( False or ( False and True ) ) is,False or ( True or ( True and False ) ) is,,6110,6110
623,( ( True and False ) and True ) and ( True and False ) is,( ( False and True ) and False ) and ( False and True ) is,,8250,8250
624,( False and True ) or ( ( True or False ) and ( not True ) ) is,( True and False ) or ( ( False or True ) and ( not False ) ) is,,8250,8250
625,( True and ( True and True ) ) and False is,( False and ( False and False ) ) and True is,,8250,8250
626,( True or ( not False ) ) or ( True and ( False or True ) ) is,( False or ( not True ) ) or ( False and ( True or False ) ) is,,6110,6110
627,( not ( False and False ) ) or ( ( False and False ) or True ) is,( not ( True and True ) ) or ( ( True and True ) or False ) is,,6110,6110
628,( ( False and False ) or ( not False ) ) and ( not True ) is,( ( True and True ) or ( not True ) ) and ( not False ) is,,8250,8250
629,( False and False ) or ( True or ( False or False ) ) is,( True and True ) or ( False or ( True or True ) ) is,,6110,6110
630,True or ( ( False and True ) and ( not False ) ) is,False or ( ( True and False ) and ( not True ) ) is,,6110,6110
631,( True and ( not False ) ) and ( not ( False or True ) ) is,( False and ( not True ) ) and ( not ( True or False ) ) is,,8250,8250
632,( True or ( True and False ) ) and ( not ( not True ) ) is,( False or ( False and True ) ) and ( not ( not False ) ) is,,6110,6110
633,( ( not True ) or True ) or ( False and ( not True ) ) is,( ( not False ) or False ) or ( True and ( not False ) ) is,,6110,6110
634,( False and False ) or ( not True ) is,( True and True ) or ( not False ) is,,8250,8250
635,( ( not True ) and True ) or ( not ( not True ) ) is,( ( not False ) and False ) or ( not ( not False ) ) is,,6110,6110
636,( not False ) and ( ( False or False ) and False ) is,( not True ) and ( ( True or True ) and True ) is,,8250,8250
637,( False and False ) and ( ( True or False ) and ( not True ) ) is,( True and True ) and ( ( False or True ) and ( not False ) ) is,,8250,8250
638,( ( True or True ) and ( not True ) ) and ( not True ) is,( ( False or False ) and ( not False ) ) and ( not False ) is,,8250,8250
639,True or ( ( False or True ) or ( not False ) ) is,False or ( ( True or False ) or ( not True ) ) is,,6110,6110
640,( ( False or True ) and False ) or ( not ( False and True ) ) is,( ( True or False ) and True ) or ( not ( True and False ) ) is,,6110,6110
641,True or ( ( True or False ) or False ) is,False or ( ( False or True ) or True ) is,,6110,6110
642,( ( True or False ) and ( not False ) ) or ( not ( not True ) ) is,( ( False or True ) and ( not True ) ) or ( not ( not False ) ) is,,6110,6110
643,( False and ( not False ) ) and ( False and True ) is,( True and ( not True ) ) and ( True and False ) is,,8250,8250
644,( not ( False and True ) ) or ( ( not False ) and True ) is,( not ( True and False ) ) or ( ( not True ) and False ) is,,6110,6110
645,( ( True or False ) or True ) or ( ( not False ) or ( True and True ) ) is,( ( False or True ) or False ) or ( ( not True ) or ( False and False ) ) is,,6110,6110
646,( ( True or False ) or ( True and False ) ) or ( not ( False or False ) ) is,( ( False or True ) or ( False and True ) ) or ( not ( True or True ) ) is,,6110,6110
647,False or ( ( False and False ) and True ) is,True or ( ( True and True ) and False ) is,,8250,8250
648,( True and False ) and ( ( False and False ) and True ) is,( False and True ) and ( ( True and True ) and False ) is,,8250,8250
649,( ( True or False ) and True ) and ( ( True or True ) and True ) is,( ( False or True ) and False ) and ( ( False or False ) and False ) is,,6110,6110
650,( False or ( True or False ) ) or ( not False ) is,( True or ( False or True ) ) or ( not True ) is,,6110,6110
651,( ( False or False ) or True ) or ( ( not False ) and True ) is,( ( True or True ) or False ) or ( ( not True ) and False ) is,,6110,6110
652,( False or ( False or False ) ) or False is,( True or ( True or True ) ) or True is,,8250,8250
653,( ( not True ) and False ) and ( ( True or True ) or ( False or False ) ) is,( ( not False ) and True ) and ( ( False or False ) or ( True or True ) ) is,,8250,8250
654,( True or False ) or ( ( not False ) or ( True and True ) ) is,( False or True ) or ( ( not True ) or ( False and False ) ) is,,6110,6110
655,False and True is,True and False is,,8250,8250
656,( False and True ) or ( True and ( not False ) ) is,( True and False ) or ( False and ( not True ) ) is,,6110,6110
657,( True and ( not True ) ) or False is,( False and ( not False ) ) or True is,,8250,8250
658,( not False ) and ( not ( True or False ) ) is,( not True ) and ( not ( False or True ) ) is,,8250,8250
659,( True and ( True and True ) ) or ( True or False ) is,( False and ( False and False ) ) or ( False or True ) is,,6110,6110
660,( not ( not False ) ) and ( not ( not True ) ) is,( not ( not True ) ) and ( not ( not False ) ) is,,8250,8250
661,( not ( not False ) ) and ( not ( False and True ) ) is,( not ( not True ) ) and ( not ( True and False ) ) is,,8250,8250
662,( True and ( False or True ) ) or ( True and ( False or False ) ) is,( False and ( True or False ) ) or ( False and ( True or True ) ) is,,6110,6110
663,( False or True ) or ( False or ( False or False ) ) is,( True or False ) or ( True or ( True or True ) ) is,,6110,6110
664,( ( False and True ) or True ) or ( not False ) is,( ( True and False ) or False ) or ( not True ) is,,6110,6110
665,True or ( True and ( True or False ) ) is,False or ( False and ( False or True ) ) is,,6110,6110
666,True and ( ( not False ) or True ) is,False and ( ( not True ) or False ) is,,6110,6110
667,( ( not True ) and ( False or True ) ) and ( False or True ) is,( ( not False ) and ( True or False ) ) and ( True or False ) is,,8250,8250
668,( True or False ) or ( ( not False ) and ( False or False ) ) is,( False or True ) or ( ( not True ) and ( True or True ) ) is,,6110,6110
669,( False or ( not True ) ) and ( not False ) is,( True or ( not False ) ) and ( not True ) is,,8250,8250
670,( ( False or True ) and True ) or ( ( True and False ) and ( not False ) ) is,( ( True or False ) and False ) or ( ( False and True ) and ( not True ) ) is,,6110,6110
671,( not ( False and True ) ) or ( False and ( True and False ) ) is,( not ( True and False ) ) or ( True and ( False and True ) ) is,,6110,6110
672,False and ( ( False or False ) and ( False and True ) ) is,True and ( ( True or True ) and ( True and False ) ) is,,8250,8250
673,False and ( ( True or True ) and True ) is,True and ( ( False or False ) and False ) is,,8250,8250
674,( ( False or False ) or ( False or True ) ) or True is,( ( True or True ) or ( True or False ) ) or False is,,6110,6110
675,( True and ( False or True ) ) or ( not ( True or False ) ) is,( False and ( True or False ) ) or ( not ( False or True ) ) is,,6110,6110
676,False and ( ( False and True ) or ( False or False ) ) is,True and ( ( True and False ) or ( True or True ) ) is,,8250,8250
677,( ( False and True ) or True ) and ( False and False ) is,( ( True and False ) or False ) and ( True and True ) is,,8250,8250
678,( ( False and False ) or ( not False ) ) and True is,( ( True and True ) or ( not True ) ) and False is,,6110,6110
679,( False and True ) or ( not ( True or False ) ) is,( True and False ) or ( not ( False or True ) ) is,,8250,8250
680,( ( True or False ) and ( True and False ) ) and True is,( ( False or True ) and ( False and True ) ) and False is,,8250,8250
681,( ( False and True ) and True ) and ( ( False and True ) and True ) is,( ( True and False ) and False ) and ( ( True and False ) and False ) is,,8250,8250
682,( False and ( False and False ) ) and ( ( True and False ) and True ) is,( True and ( True and True ) ) and ( ( False and True ) and False ) is,,8250,8250
683,( ( not True ) or ( not False ) ) and ( True and ( True or True ) ) is,( ( not False ) or ( not True ) ) and ( False and ( False or False ) ) is,,6110,6110
684,( False or ( True or True ) ) and ( False and ( False and False ) ) is,( True or ( False or False ) ) and ( True and ( True and True ) ) is,,8250,8250
685,( ( not False ) and False ) or ( ( False or False ) and ( False or True ) ) is,( ( not True ) and True ) or ( ( True or True ) and ( True or False ) ) is,,8250,8250
686,True or ( ( not False ) and ( False and True ) ) is,False or ( ( not True ) and ( True and False ) ) is,,6110,6110
687,( ( False and False ) and False ) or False is,( ( True and True ) and True ) or True is,,8250,8250
688,( not True ) and ( ( not True ) and True ) is,( not False ) and ( ( not False ) and False ) is,,8250,8250
689,( not ( False or False ) ) or ( ( not True ) or ( not True ) ) is,( not ( True or True ) ) or ( ( not False ) or ( not False ) ) is,,6110,6110
690,( not True ) or ( ( False and True ) and ( not False ) ) is,( not False ) or ( ( True and False ) and ( not True ) ) is,,8250,8250
691,( ( not False ) or ( not True ) ) and ( True and ( True or True ) ) is,( ( not True ) or ( not False ) ) and ( False and ( False or False ) ) is,,6110,6110
692,( False or True ) and ( ( not False ) or ( not False ) ) is,( True or False ) and ( ( not True ) or ( not True ) ) is,,6110,6110
693,( False or ( True or True ) ) or ( True and False ) is,( True or ( False or False ) ) or ( False and True ) is,,6110,6110
694,( True and ( True or True ) ) and ( True or True ) is,( False and ( False or False ) ) and ( False or False ) is,,6110,6110
695,( ( False or False ) or ( not True ) ) or ( False and ( False or False ) ) is,( ( True or True ) or ( not False ) ) or ( True and ( True or True ) ) is,,8250,8250
696,( False and True ) or ( True and ( False or True ) ) is,( True and False ) or ( False and ( True or False ) ) is,,6110,6110
697,( ( False and False ) or False ) and True is,( ( True and True ) or True ) and False is,,8250,8250
698,( not ( True or False ) ) or ( not ( False and True ) ) is,( not ( False or True ) ) or ( not ( True and False ) ) is,,6110,6110
699,( ( not True ) or ( False and False ) ) or ( True or ( True or True ) ) is,( ( not False ) or ( True and True ) ) or ( False or ( False or False ) ) is,,6110,6110
700,False and ( ( not True ) and False ) is,True and ( ( not False ) and True ) is,,8250,8250
701,( not False ) and ( True or False ) is,( not True ) and ( False or True ) is,,6110,6110
702,( ( not False ) and False ) or ( not ( not False ) ) is,( ( not True ) and True ) or ( not ( not True ) ) is,,8250,8250
703,( not ( False or True ) ) and ( False or ( True and False ) ) is,( not ( True or False ) ) and ( True or ( False and True ) ) is,,8250,8250
704,( not ( True and False ) ) and ( False or True ) is,( not ( False and True ) ) and ( True or False ) is,,6110,6110
705,( ( not False ) and False ) or ( ( True and True ) and False ) is,( ( not True ) and True ) or ( ( False and False ) and True ) is,,8250,8250
706,( False or ( False and False ) ) or True is,( True or ( True and True ) ) or False is,,6110,6110
707,( ( False or True ) or ( False and True ) ) or False is,( ( True or False ) or ( True and False ) ) or True is,,6110,6110
708,True and ( ( True and True ) and ( False or False ) ) is,False and ( ( False and False ) and ( True or True ) ) is,,8250,8250
709,( False or False ) and ( True or True ) is,( True or True ) and ( False or False ) is,,8250,8250
710,( not True ) and ( ( False or True ) or False ) is,( not False ) and ( ( True or False ) or True ) is,,8250,8250
711,( False or False ) or ( ( not True ) and False ) is,( True or True ) or ( ( not False ) and True ) is,,8250,8250
712,( not True ) or ( False and ( True or True ) ) is,( not False ) or ( True and ( False or False ) ) is,,8250,8250
713,( not ( True or False ) ) and ( ( not True ) and True ) is,( not ( False or True ) ) and ( ( not False ) and False ) is,,8250,8250
714,( not ( False or True ) ) or ( False or ( True and False ) ) is,( not ( True or False ) ) or ( True or ( False and True ) ) is,,8250,8250
715,( ( not True ) or ( False or True ) ) or ( True and False ) is,( ( not False ) or ( True or False ) ) or ( False and True ) is,,6110,6110
716,( True or True ) and ( not ( False or False ) ) is,( False or False ) and ( not ( True or True ) ) is,,6110,6110
717,( ( False and False ) or ( not True ) ) or ( True or True ) is,( ( True and True ) or ( not False ) ) or ( False or False ) is,,6110,6110
718,( False or ( False or False ) ) and ( ( not False ) or True ) is,( True or ( True or True ) ) and ( ( not True ) or False ) is,,8250,8250
719,( True or ( False and True ) ) or ( ( True and True ) and True ) is,( False or ( True and False ) ) or ( ( False and False ) and False ) is,,6110,6110
720,( False and False ) and ( ( not True ) or True ) is,( True and True ) and ( ( not False ) or False ) is,,8250,8250
721,( ( False and True ) or ( not False ) ) or ( True or ( False or True ) ) is,( ( True and False ) or ( not True ) ) or ( False or ( True or False ) ) is,,6110,6110
722,( ( not False ) or False ) and ( ( True or True ) and False ) is,( ( not True ) or True ) and ( ( False or False ) and True ) is,,8250,8250
723,( ( False and True ) or ( False and False ) ) and ( not False ) is,( ( True and False ) or ( True and True ) ) and ( not True ) is,,8250,8250
724,True or ( ( True and False ) or ( not True ) ) is,False or ( ( False and True ) or ( not False ) ) is,,6110,6110
725,( False or True ) and ( ( not True ) or False ) is,( True or False ) and ( ( not False ) or True ) is,,8250,8250
726,( not True ) and ( ( False and False ) and ( True and False ) ) is,( not False ) and ( ( True and True ) and ( False and True ) ) is,,8250,8250
727,( True or ( not True ) ) and ( not ( True and True ) ) is,( False or ( not False ) ) and ( not ( False and False ) ) is,,8250,8250
728,( True and False ) or ( ( True and False ) or False ) is,( False and True ) or ( ( False and True ) or True ) is,,8250,8250
729,( not True ) and ( ( True or False ) or ( True or False ) ) is,( not False ) and ( ( False or True ) or ( False or True ) ) is,,8250,8250
730,( not ( True or True ) ) or ( ( not True ) and False ) is,( not ( False or False ) ) or ( ( not False ) and True ) is,,8250,8250
731,( ( False and True ) and ( True and True ) ) or ( ( not False ) and False ) is,( ( True and False ) and ( False and False ) ) or ( ( not True ) and True ) is,,8250,8250
732,( False and ( False or True ) ) and ( True or True ) is,( True and ( True or False ) ) and ( False or False ) is,,8250,8250
733,True and ( ( True or True ) and False ) is,False and ( ( False or False ) and True ) is,,8250,8250
734,( not ( True or True ) ) and ( False and False ) is,( not ( False or False ) ) and ( True and True ) is,,8250,8250
735,( ( True or False ) or ( True and True ) ) and ( ( not False ) and True ) is,( ( False or True ) or ( False and False ) ) and ( ( not True ) and False ) is,,6110,6110
736,( not ( True and False ) ) and ( ( not False ) and ( not False ) ) is,( not ( False and True ) ) and ( ( not True ) and ( not True ) ) is,,6110,6110
737,( not ( False and False ) ) and ( True and True ) is,( not ( True and True ) ) and ( False and False ) is,,6110,6110
738,( ( False and True ) and ( False and False ) ) or False is,( ( True and False ) and ( True and True ) ) or True is,,8250,8250
739,( True and False ) or ( True and False ) is,( False and True ) or ( False and True ) is,,8250,8250
740,( True or ( False and True ) ) or ( not ( False and True ) ) is,( False or ( True and False ) ) or ( not ( True and False ) ) is,,6110,6110
741,( False and True ) or ( False and True ) is,( True and False ) or ( True and False ) is,,8250,8250
742,( ( True and True ) and ( False or True ) ) or ( True or ( not True ) ) is,( ( False and False ) and ( True or False ) ) or ( False or ( not False ) ) is,,6110,6110
743,( not ( not True ) ) and ( not ( True and False ) ) is,( not ( not False ) ) and ( not ( False and True ) ) is,,6110,6110
744,( not ( True or False ) ) and ( not ( True and True ) ) is,( not ( False or True ) ) and ( not ( False and False ) ) is,,8250,8250
745,( False and True ) or ( False or ( not True ) ) is,( True and False ) or ( True or ( not False ) ) is,,8250,8250
746,( False or ( not True ) ) and ( False or ( True and True ) ) is,( True or ( not False ) ) and ( True or ( False and False ) ) is,,8250,8250
747,( ( not True ) and True ) and False is,( ( not False ) and False ) and True is,,8250,8250
748,( not ( not False ) ) or ( not ( not True ) ) is,( not ( not True ) ) or ( not ( not False ) ) is,,6110,6110
749,( ( True and True ) and False ) and ( not ( not True ) ) is,( ( False and False ) and True ) and ( not ( not False ) ) is,,8250,8250
750,( False or ( True or False ) ) or ( not ( True or True ) ) is,( True or ( False or True ) ) or ( not ( False or False ) ) is,,6110,6110
751,( not ( not False ) ) or ( ( not True ) and ( False and True ) ) is,( not ( not True ) ) or ( ( not False ) and ( True and False ) ) is,,8250,8250
752,( ( not True ) or ( True or False ) ) or ( not ( True and False ) ) is,( ( not False ) or ( False or True ) ) or ( not ( False and True ) ) is,,6110,6110
753,( not True ) or ( True and ( not False ) ) is,( not False ) or ( False and ( not True ) ) is,,6110,6110
754,( not True ) and ( True or ( True and True ) ) is,( not False ) and ( False or ( False and False ) ) is,,8250,8250
755,( not ( not False ) ) or ( True and ( True and True ) ) is,( not ( not True ) ) or ( False and ( False and False ) ) is,,6110,6110
756,( not ( True or True ) ) and ( ( not False ) and ( False and False ) ) is,( not ( False or False ) ) and ( ( not True ) and ( True and True ) ) is,,8250,8250
757,( ( True and True ) or False ) and ( not ( True and False ) ) is,( ( False and False ) or True ) and ( not ( False and True ) ) is,,6110,6110
758,True and ( ( False and False ) and ( False and True ) ) is,False and ( ( True and True ) and ( True and False ) ) is,,8250,8250
759,( ( True and False ) and ( False or True ) ) and ( False and False ) is,( ( False and True ) and ( True or False ) ) and ( True and True ) is,,8250,8250
760,( ( False or True ) and ( not True ) ) and ( False or ( not False ) ) is,( ( True or False ) and ( not False ) ) and ( True or ( not True ) ) is,,8250,8250
761,( ( False or False ) or ( not True ) ) and ( not ( not True ) ) is,( ( True or True ) or ( not False ) ) and ( not ( not False ) ) is,,8250,8250
762,( not True ) or True is,( not False ) or False is,,6110,6110
763,( False and ( True or True ) ) or ( not ( not False ) ) is,( True and ( False or False ) ) or ( not ( not True ) ) is,,8250,8250
764,( False and ( False and True ) ) and ( ( True and False ) and True ) is,( True and ( True and False ) ) and ( ( False and True ) and False ) is,,8250,8250
765,False or ( False and ( True or True ) ) is,True or ( True and ( False or False ) ) is,,8250,8250
766,( False or True ) and ( True or ( False and False ) ) is,( True or False ) and ( False or ( True and True ) ) is,,6110,6110
767,( ( False or False ) and True ) or ( True or True ) is,( ( True or True ) and False ) or ( False or False ) is,,6110,6110
768,( False and ( False and True ) ) or ( True or False ) is,( True and ( True and False ) ) or ( False or True ) is,,6110,6110
769,False or ( True or ( True or False ) ) is,True or ( False or ( False or True ) ) is,,6110,6110
770,( not ( not False ) ) or ( True or True ) is,( not ( not True ) ) or ( False or False ) is,,6110,6110
771,( ( True or True ) and True ) and False is,( ( False or False ) and False ) and True is,,8250,8250
772,( False or False ) or ( False or ( False and False ) ) is,( True or True ) or ( True or ( True and True ) ) is,,8250,8250
773,( not ( False or False ) ) or False is,( not ( True or True ) ) or True is,,6110,6110
774,( True and ( True or False ) ) or ( not False ) is,( False and ( False or True ) ) or ( not True ) is,,6110,6110
775,( False or True ) and ( ( False or True ) or ( not True ) ) is,( True or False ) and ( ( True or False ) or ( not False ) ) is,,6110,6110
776,( True or True ) or ( not True ) is,( False or False ) or ( not False ) is,,6110,6110
777,False or ( ( not False ) and ( True and True ) ) is,True or ( ( not True ) and ( False and False ) ) is,,6110,6110
778,( False or True ) and ( not ( False or False ) ) is,( True or False ) and ( not ( True or True ) ) is,,6110,6110
779,( True and False ) and ( False or ( not False ) ) is,( False and True ) and ( True or ( not True ) ) is,,8250,8250
780,( False or False ) and ( True and ( True and False ) ) is,( True or True ) and ( False and ( False and True ) ) is,,8250,8250
781,( False and True ) and ( ( False or True ) or ( not False ) ) is,( True and False ) and ( ( True or False ) or ( not True ) ) is,,8250,8250
782,( not False ) or ( ( not True ) or ( not True ) ) is,( not True ) or ( ( not False ) or ( not False ) ) is,,6110,6110
783,( ( True or False ) and ( not False ) ) or False is,( ( False or True ) and ( not True ) ) or True is,,6110,6110
784,False and ( ( False and False ) or ( not False ) ) is,True and ( ( True and True ) or ( not True ) ) is,,8250,8250
785,( True or ( False or True ) ) and ( not ( True and False ) ) is,( False or ( True or False ) ) and ( not ( False and True ) ) is,,6110,6110
786,True or ( ( not False ) and ( not False ) ) is,False or ( ( not True ) and ( not True ) ) is,,6110,6110
787,( True and ( True or True ) ) and ( ( True or False ) and False ) is,( False and ( False or False ) ) and ( ( False or True ) and True ) is,,8250,8250
788,( ( True and True ) and ( not True ) ) or ( not ( False and False ) ) is,( ( False and False ) and ( not False ) ) or ( not ( True and True ) ) is,,6110,6110
789,( False and ( not False ) ) or ( ( False or False ) and True ) is,( True and ( not True ) ) or ( ( True or True ) and False ) is,,8250,8250
790,( False or True ) and ( ( True and True ) and True ) is,( True or False ) and ( ( False and False ) and False ) is,,6110,6110
791,( False and ( True or True ) ) and ( True and True ) is,( True and ( False or False ) ) and ( False and False ) is,,8250,8250
792,( ( not True ) or True ) and ( True or ( False or False ) ) is,( ( not False ) or False ) and ( False or ( True or True ) ) is,,6110,6110
793,( not ( not False ) ) and ( not False ) is,( not ( not True ) ) and ( not True ) is,,8250,8250
794,True and ( ( True or False ) and ( False and False ) ) is,False and ( ( False or True ) and ( True and True ) ) is,,8250,8250
795,( ( not True ) or True ) or ( True or True ) is,( ( not False ) or False ) or ( False or False ) is,,6110,6110
796,( False and True ) and ( ( True or True ) and False ) is,( True and False ) and ( ( False or False ) and True ) is,,8250,8250
797,( ( not True ) and ( True or True ) ) and ( False and False ) is,( ( not False ) and ( False or False ) ) and ( True and True ) is,,8250,8250
798,( False or ( not True ) ) or ( ( not True ) or ( False or True ) ) is,( True or ( not False ) ) or ( ( not False ) or ( True or False ) ) is,,6110,6110
799,( ( True and True ) or ( False or False ) ) or ( not True ) is,( ( False and False ) or ( True or True ) ) or ( not False ) is,,6110,6110
800,( False and ( not False ) ) and ( True and True ) is,( True and ( not True ) ) and ( False and False ) is,,8250,8250
801,False and ( ( True or False ) and ( False or False ) ) is,True and ( ( False or True ) and ( True or True ) ) is,,8250,8250
802,( ( True and False ) or ( False and True ) ) and True is,( ( False and True ) or ( True and False ) ) and False is,,8250,8250
803,( ( True and True ) or False ) or ( False or False ) is,( ( False and False ) or True ) or ( True or True ) is,,6110,6110
804,( False and ( not False ) ) and ( ( True and False ) or ( not True ) ) is,( True and ( not True ) ) and ( ( False and True ) or ( not False ) ) is,,8250,8250
805,( ( False and True ) and False ) or ( not False ) is,( ( True and False ) and True ) or ( not True ) is,,6110,6110
806,( ( not True ) or False ) and ( True and False ) is,( ( not False ) or True ) and ( False and True ) is,,8250,8250
807,( not ( True and True ) ) or ( True or True ) is,( not ( False and False ) ) or ( False or False ) is,,6110,6110
808,( False and ( False and True ) ) or ( not True ) is,( True and ( True and False ) ) or ( not False ) is,,8250,8250
809,( ( True and True ) or ( True or False ) ) or ( not ( True and True ) ) is,( ( False and False ) or ( False or True ) ) or ( not ( False and False ) ) is,,6110,6110
810,( ( True or True ) or False ) or ( not ( False and False ) ) is,( ( False or False ) or True ) or ( not ( True and True ) ) is,,6110,6110
811,( False or True ) and ( True or ( False or False ) ) is,( True or False ) and ( False or ( True or True ) ) is,,6110,6110
812,( ( False and True ) and ( False or True ) ) or False is,( ( True and False ) and ( True or False ) ) or True is,,8250,8250
813,False and ( False or ( True and True ) ) is,True and ( True or ( False and False ) ) is,,8250,8250
814,( ( True and False ) or ( True and False ) ) and ( not False ) is,( ( False and True ) or ( False and True ) ) and ( not True ) is,,8250,8250
815,( ( True or True ) and ( False or False ) ) and ( True or True ) is,( ( False or False ) and ( True or True ) ) and ( False or False ) is,,8250,8250
816,False or ( not ( False or False ) ) is,True or ( not ( True or True ) ) is,,6110,6110
817,( not ( not False ) ) and ( True and ( not False ) ) is,( not ( not True ) ) and ( False and ( not True ) ) is,,8250,8250
818,( not ( not False ) ) or ( True or ( False or False ) ) is,( not ( not True ) ) or ( False or ( True or True ) ) is,,6110,6110
819,( ( True or True ) or ( not True ) ) or ( not ( not True ) ) is,( ( False or False ) or ( not False ) ) or ( not ( not False ) ) is,,6110,6110
820,( False and False ) and ( ( False and False ) or True ) is,( True and True ) and ( ( True and True ) or False ) is,,8250,8250
821,( not ( True and False ) ) and ( ( not True ) and False ) is,( not ( False and True ) ) and ( ( not False ) and True ) is,,8250,8250
822,( True and ( not False ) ) or ( not ( True or True ) ) is,( False and ( not True ) ) or ( not ( False or False ) ) is,,6110,6110
823,( ( True and False ) or True ) and ( ( not False ) and ( not True ) ) is,( ( False and True ) or False ) and ( ( not True ) and ( not False ) ) is,,8250,8250
824,( ( False or True ) or False ) or ( ( True and False ) or True ) is,( ( True or False ) or True ) or ( ( False and True ) or False ) is,,6110,6110
825,( ( not False ) and False ) and ( False or ( True or True ) ) is,( ( not True ) and True ) and ( True or ( False or False ) ) is,,8250,8250
826,( ( False or False ) and False ) and ( ( not True ) and ( not True ) ) is,( ( True or True ) and True ) and ( ( not False ) and ( not False ) ) is,,8250,8250
827,( True or ( True and True ) ) or ( ( not False ) and False ) is,( False or ( False and False ) ) or ( ( not True ) and True ) is,,6110,6110
828,( ( False and True ) or False ) and ( False and False ) is,( ( True and False ) or True ) and ( True and True ) is,,8250,8250
829,( not True ) or ( ( False and False ) and True ) is,( not False ) or ( ( True and True ) and False ) is,,8250,8250
830,( ( False or False ) or ( False or True ) ) or ( not True ) is,( ( True or True ) or ( True or False ) ) or ( not False ) is,,6110,6110
831,( not ( False and False ) ) or False is,( not ( True and True ) ) or True is,,6110,6110
832,( not ( not True ) ) or ( False or ( False or False ) ) is,( not ( not False ) ) or ( True or ( True or True ) ) is,,6110,6110
833,( not ( False and True ) ) or ( True and ( not False ) ) is,( not ( True and False ) ) or ( False and ( not True ) ) is,,6110,6110
834,False and ( False or ( False and True ) ) is,True and ( True or ( True and False ) ) is,,8250,8250
835,( ( False or False ) and ( True and True ) ) or False is,( ( True or True ) and ( False and False ) ) or True is,,8250,8250
836,( not ( True or True ) ) or ( False or ( not False ) ) is,( not ( False or False ) ) or ( True or ( not True ) ) is,,6110,6110
837,( True and True ) and ( ( not True ) and ( True and True ) ) is,( False and False ) and ( ( not False ) and ( False and False ) ) is,,8250,8250
838,( ( False or True ) and ( False or True ) ) and ( not False ) is,( ( True or False ) and ( True or False ) ) and ( not True ) is,,6110,6110
839,( ( not True ) and True ) or ( False and False ) is,( ( not False ) and False ) or ( True and True ) is,,8250,8250
840,( not ( not False ) ) and ( ( False and False ) and True ) is,( not ( not True ) ) and ( ( True and True ) and False ) is,,8250,8250
841,( ( not True ) or ( False or False ) ) and ( True and False ) is,( ( not False ) or ( True or True ) ) and ( False and True ) is,,8250,8250
842,( False or ( False or False ) ) and ( False and ( not True ) ) is,( True or ( True or True ) ) and ( True and ( not False ) ) is,,8250,8250
843,( not ( not False ) ) or ( True and ( not True ) ) is,( not ( not True ) ) or ( False and ( not False ) ) is,,8250,8250
844,True and ( ( not True ) or ( not False ) ) is,False and ( ( not False ) or ( not True ) ) is,,6110,6110
845,( not ( not False ) ) and True is,( not ( not True ) ) and False is,,8250,8250
846,False or ( ( False and True ) or ( True or False ) ) is,True or ( ( True and False ) or ( False or True ) ) is,,6110,6110
847,( ( not False ) and ( not True ) ) or ( ( True and True ) or True ) is,( ( not True ) and ( not False ) ) or ( ( False and False ) or False ) is,,6110,6110
848,( ( False and True ) or ( True or True ) ) or ( False or False ) is,( ( True and False ) or ( False or False ) ) or ( True or True ) is,,6110,6110
849,( True and ( False or True ) ) and ( False and ( True and False ) ) is,( False and ( True or False ) ) and ( True and ( False and True ) ) is,,8250,8250
850,( False or True ) and ( ( True or False ) and ( False or False ) ) is,( True or False ) and ( ( False or True ) and ( True or True ) ) is,,8250,8250
851,( ( False and False ) and ( True and False ) ) or ( False and False ) is,( ( True and True ) and ( False and True ) ) or ( True and True ) is,,8250,8250
852,( ( False and True ) and True ) or ( False or ( not True ) ) is,( ( True and False ) and False ) or ( True or ( not False ) ) is,,8250,8250
853,( True and True ) and ( ( True and True ) or True ) is,( False and False ) and ( ( False and False ) or False ) is,,6110,6110
854,( ( True and True ) or ( False or True ) ) and False is,( ( False and False ) or ( True or False ) ) and True is,,8250,8250
855,False or ( True and ( not True ) ) is,True or ( False and ( not False ) ) is,,8250,8250
856,( not ( not True ) ) or ( ( True and True ) or ( False and True ) ) is,( not ( not False ) ) or ( ( False and False ) or ( True and False ) ) is,,6110,6110
857,( False or ( True and True ) ) or ( True or ( False or True ) ) is,( True or ( False and False ) ) or ( False or ( True or False ) ) is,,6110,6110
858,( ( True or False ) and ( True and True ) ) or ( not True ) is,( ( False or True ) and ( False and False ) ) or ( not False ) is,,6110,6110
859,( True and True ) and ( ( True or True ) and True ) is,( False and False ) and ( ( False or False ) and False ) is,,6110,6110
860,( True and ( False and False ) ) or ( not ( False and False ) ) is,( False and ( True and True ) ) or ( not ( True and True ) ) is,,6110,6110
861,True and ( False or ( not True ) ) is,False and ( True or ( not False ) ) is,,8250,8250
862,( False or ( True and True ) ) or ( not ( not True ) ) is,( True or ( False and False ) ) or ( not ( not False ) ) is,,6110,6110
863,True and ( ( not True ) and False ) is,False and ( ( not False ) and True ) is,,8250,8250
864,( ( not False ) or ( False or True ) ) and True is,( ( not True ) or ( True or False ) ) and False is,,6110,6110
865,( ( False and False ) and True ) or ( ( True and False ) or True ) is,( ( True and True ) and False ) or ( ( False and True ) or False ) is,,6110,6110
866,( ( not True ) and ( not True ) ) or True is,( ( not False ) and ( not False ) ) or False is,,6110,6110
867,( not False ) or ( ( not False ) or True ) is,( not True ) or ( ( not True ) or False ) is,,6110,6110
868,( not False ) or ( ( True or True ) or False ) is,( not True ) or ( ( False or False ) or True ) is,,6110,6110
869,( True and True ) or ( True and False ) is,( False and False ) or ( False and True ) is,,6110,6110
870,( ( False and True ) or ( True or False ) ) and ( False and True ) is,( ( True and False ) or ( False or True ) ) and ( True and False ) is,,8250,8250
871,( ( not False ) or ( False or True ) ) or ( ( not True ) and ( not True ) ) is,( ( not True ) or ( True or False ) ) or ( ( not False ) and ( not False ) ) is,,6110,6110
872,( not ( True or False ) ) and False is,( not ( False or True ) ) and True is,,8250,8250
873,( ( True and False ) or False ) or ( not ( True or True ) ) is,( ( False and True ) or True ) or ( not ( False or False ) ) is,,8250,8250
874,( ( False and False ) and ( not True ) ) and ( not ( not False ) ) is,( ( True and True ) and ( not False ) ) and ( not ( not True ) ) is,,8250,8250
875,( True and ( False or False ) ) and ( not ( True or True ) ) is,( False and ( True or True ) ) and ( not ( False or False ) ) is,,8250,8250
876,( False and ( True and False ) ) and ( True or True ) is,( True and ( False and True ) ) and ( False or False ) is,,8250,8250
877,( False and True ) and ( ( True or False ) or ( not True ) ) is,( True and False ) and ( ( False or True ) or ( not False ) ) is,,8250,8250
878,True or ( False or ( True or True ) ) is,False or ( True or ( False or False ) ) is,,6110,6110
879,( ( False and True ) or False ) and False is,( ( True and False ) or True ) and True is,,8250,8250
880,( False or ( False or True ) ) or ( True and False ) is,( True or ( True or False ) ) or ( False and True ) is,,6110,6110
881,( True and True ) and ( False or False ) is,( False and False ) and ( True or True ) is,,8250,8250
882,( not ( not False ) ) and ( ( not True ) or False ) is,( not ( not True ) ) and ( ( not False ) or True ) is,,8250,8250
883,( False and False ) or ( False and ( False and False ) ) is,( True and True ) or ( True and ( True and True ) ) is,,8250,8250
884,( ( False or True ) and False ) or ( ( False and True ) or ( not True ) ) is,( ( True or False ) and True ) or ( ( True and False ) or ( not False ) ) is,,8250,8250
885,( False and False ) and ( True or ( True or False ) ) is,( True and True ) and ( False or ( False or True ) ) is,,8250,8250
886,( ( not True ) or ( False and True ) ) or ( not ( not True ) ) is,( ( not False ) or ( True and False ) ) or ( not ( not False ) ) is,,6110,6110
887,( ( not False ) or ( not True ) ) and ( False and ( not False ) ) is,( ( not True ) or ( not False ) ) and ( True and ( not True ) ) is,,8250,8250
888,( not True ) and ( not ( False and True ) ) is,( not False ) and ( not ( True and False ) ) is,,8250,8250
889,( ( False and False ) and ( False and False ) ) or True is,( ( True and True ) and ( True and True ) ) or False is,,6110,6110
890,( ( False or True ) and ( not True ) ) or True is,( ( True or False ) and ( not False ) ) or False is,,6110,6110
891,( not ( not True ) ) and ( ( False or False ) and ( True and True ) ) is,( not ( not False ) ) and ( ( True or True ) and ( False and False ) ) is,,8250,8250
892,( False and True ) or ( False or ( False and True ) ) is,( True and False ) or ( True or ( True and False ) ) is,,8250,8250
893,( not ( True or True ) ) or ( True and ( not False ) ) is,( not ( False or False ) ) or ( False and ( not True ) ) is,,6110,6110
894,False and ( ( False or True ) and False ) is,True and ( ( True or False ) and True ) is,,8250,8250
895,( not ( False or True ) ) and ( not ( True and True ) ) is,( not ( True or False ) ) and ( not ( False and False ) ) is,,8250,8250
896,( not ( not True ) ) and ( ( True and True ) or ( not False ) ) is,( not ( not False ) ) and ( ( False and False ) or ( not True ) ) is,,6110,6110
897,( False and ( False or False ) ) and ( not ( False or True ) ) is,( True and ( True or True ) ) and ( not ( True or False ) ) is,,8250,8250
898,( not False ) and ( ( not True ) and ( False or True ) ) is,( not True ) and ( ( not False ) and ( True or False ) ) is,,8250,8250
899,( ( not True ) and ( True and False ) ) or True is,( ( not False ) and ( False and True ) ) or False is,,6110,6110
900,( ( False and True ) or ( True and False ) ) and False is,( ( True and False ) or ( False and True ) ) and True is,,8250,8250
901,( not ( True and True ) ) and ( not ( True or False ) ) is,( not ( False and False ) ) and ( not ( False or True ) ) is,,8250,8250
902,( True and ( not True ) ) and ( False or True ) is,( False and ( not False ) ) and ( True or False ) is,,8250,8250
903,( ( False and False ) or ( not False ) ) or ( not False ) is,( ( True and True ) or ( not True ) ) or ( not True ) is,,6110,6110
904,( not False ) or ( not ( True and False ) ) is,( not True ) or ( not ( False and True ) ) is,,6110,6110
905,( True and True ) and ( ( True and False ) or ( False and True ) ) is,( False and False ) and ( ( False and True ) or ( True and False ) ) is,,8250,8250
906,( False and False ) or ( False or ( not False ) ) is,( True and True ) or ( True or ( not True ) ) is,,6110,6110
907,( ( True or True ) and ( True and True ) ) or ( not True ) is,( ( False or False ) and ( False and False ) ) or ( not False ) is,,6110,6110
908,( ( not False ) or True ) and ( not ( True and False ) ) is,( ( not True ) or False ) and ( not ( False and True ) ) is,,6110,6110
909,( not ( False or False ) ) and ( ( not True ) and True ) is,( not ( True or True ) ) and ( ( not False ) and False ) is,,8250,8250
910,False or ( ( True or False ) and ( True or False ) ) is,True or ( ( False or True ) and ( False or True ) ) is,,6110,6110
911,( False or ( True or True ) ) or ( not True ) is,( True or ( False or False ) ) or ( not False ) is,,6110,6110
912,( False and ( True and False ) ) or ( False or True ) is,( True and ( False and True ) ) or ( True or False ) is,,6110,6110
913,True or ( ( True and True ) and ( False or True ) ) is,False or ( ( False and False ) and ( True or False ) ) is,,6110,6110
914,True or ( ( True or False ) or ( not False ) ) is,False or ( ( False or True ) or ( not True ) ) is,,6110,6110
915,( True or ( True or False ) ) or True is,( False or ( False or True ) ) or False is,,6110,6110
916,( not ( True and True ) ) or ( not True ) is,( not ( False and False ) ) or ( not False ) is,,8250,8250
917,( not ( not False ) ) or ( not ( False and False ) ) is,( not ( not True ) ) or ( not ( True and True ) ) is,,6110,6110
918,False and ( ( True or False ) or False ) is,True and ( ( False or True ) or True ) is,,8250,8250
919,( False or True ) and ( ( False and False ) or ( not False ) ) is,( True or False ) and ( ( True and True ) or ( not True ) ) is,,6110,6110
920,False or ( False and True ) is,True or ( True and False ) is,,8250,8250
921,( ( True or True ) or True ) or ( not False ) is,( ( False or False ) or False ) or ( not True ) is,,6110,6110
922,( ( False and True ) and ( True or True ) ) and False is,( ( True and False ) and ( False or False ) ) and True is,,8250,8250
923,( ( False and True ) and True ) or ( ( False or True ) and False ) is,( ( True and False ) and False ) or ( ( True or False ) and True ) is,,8250,8250
924,( not True ) and ( ( False or True ) and True ) is,( not False ) and ( ( True or False ) and False ) is,,8250,8250
925,( not True ) and ( False or ( False and True ) ) is,( not False ) and ( True or ( True and False ) ) is,,8250,8250
926,( True or True ) or False is,( False or False ) or True is,,6110,6110
927,( not ( True and True ) ) or ( ( not False ) and ( not False ) ) is,( not ( False and False ) ) or ( ( not True ) and ( not True ) ) is,,6110,6110
928,( ( False and True ) or ( not True ) ) or ( False and False ) is,( ( True and False ) or ( not False ) ) or ( True and True ) is,,8250,8250
929,( ( False or False ) or ( not True ) ) and ( True and True ) is,( ( True or True ) or ( not False ) ) and ( False and False ) is,,8250,8250
930,( not ( True or False ) ) and ( not ( True or True ) ) is,( not ( False or True ) ) and ( not ( False or False ) ) is,,8250,8250
931,( ( True and True ) or False ) and True is,( ( False and False ) or True ) and False is,,6110,6110
932,( not True ) and ( ( True or False ) or ( True or True ) ) is,( not False ) and ( ( False or True ) or ( False or False ) ) is,,8250,8250
933,( False and ( not True ) ) or ( ( not False ) or ( False or True ) ) is,( True and ( not False ) ) or ( ( not True ) or ( True or False ) ) is,,6110,6110
934,( ( False or True ) or True ) and ( not True ) is,( ( True or False ) or False ) and ( not False ) is,,8250,8250
935,( ( False and True ) or True ) or ( False or True ) is,( ( True and False ) or False ) or ( True or False ) is,,6110,6110
936,( ( not False ) or False ) and ( True and ( True and False ) ) is,( ( not True ) or True ) and ( False and ( False and True ) ) is,,8250,8250
937,( True and True ) and ( ( False and False ) or ( True or True ) ) is,( False and False ) and ( ( True and True ) or ( False or False ) ) is,,6110,6110
938,( False or False ) or ( False and True ) is,( True or True ) or ( True and False ) is,,8250,8250
939,( ( True or False ) or ( False and False ) ) and ( False or False ) is,( ( False or True ) or ( True and True ) ) and ( True or True ) is,,8250,8250
940,( ( True and False ) or False ) or ( False and False ) is,( ( False and True ) or True ) or ( True and True ) is,,8250,8250
941,True and ( ( False or False ) or ( True and True ) ) is,False and ( ( True or True ) or ( False and False ) ) is,,6110,6110
942,( ( True and True ) and ( not True ) ) or False is,( ( False and False ) and ( not False ) ) or True is,,8250,8250
943,True or ( ( not False ) and False ) is,False or ( ( not True ) and True ) is,,6110,6110
944,( ( True or True ) and False ) and ( True or True ) is,( ( False or False ) and True ) and ( False or False ) is,,8250,8250
945,( ( True and True ) and True ) and ( not True ) is,( ( False and False ) and False ) and ( not False ) is,,8250,8250
946,( True or False ) or ( False and False ) is,( False or True ) or ( True and True ) is,,6110,6110
947,( not ( not False ) ) and ( ( not False ) or False ) is,( not ( not True ) ) and ( ( not True ) or True ) is,,8250,8250
948,( ( not False ) or True ) or ( False or False ) is,( ( not True ) or False ) or ( True or True ) is,,6110,6110
949,( ( False or True ) and ( False and True ) ) and True is,( ( True or False ) and ( True and False ) ) and False is,,8250,8250
950,( ( False or False ) and True ) or ( True or ( False or False ) ) is,( ( True or True ) and False ) or ( False or ( True or True ) ) is,,6110,6110
951,( True or True ) and ( True or ( not True ) ) is,( False or False ) and ( False or ( not False ) ) is,,6110,6110
952,( ( not True ) or True ) and ( ( False or False ) or True ) is,( ( not False ) or False ) and ( ( True or True ) or False ) is,,6110,6110
953,( False or ( False or True ) ) or ( not ( False and True ) ) is,( True or ( True or False ) ) or ( not ( True and False ) ) is,,6110,6110
954,( ( True and False ) or False ) and True is,( ( False and True ) or True ) and False is,,8250,8250
955,( True or ( False or False ) ) and ( not ( not False ) ) is,( False or ( True or True ) ) and ( not ( not True ) ) is,,8250,8250
956,( ( False or False ) or ( True and True ) ) and ( True and True ) is,( ( True or True ) or ( False and False ) ) and ( False and False ) is,,6110,6110
957,( ( False and True ) or False ) and ( ( not True ) and False ) is,( ( True and False ) or True ) and ( ( not False ) and True ) is,,8250,8250
958,( True or ( True and False ) ) and ( False and ( True and True ) ) is,( False or ( False and True ) ) and ( True and ( False and False ) ) is,,8250,8250
959,False or ( ( True and False ) and True ) is,True or ( ( False and True ) and False ) is,,8250,8250
960,( True or ( True or True ) ) or ( False and ( True and True ) ) is,( False or ( False or False ) ) or ( True and ( False and False ) ) is,,6110,6110
961,( ( not True ) and ( not False ) ) and ( not ( not False ) ) is,( ( not False ) and ( not True ) ) and ( not ( not True ) ) is,,8250,8250
962,( ( False and True ) or False ) or ( False and True ) is,( ( True and False ) or True ) or ( True and False ) is,,8250,8250
963,( ( True or False ) and True ) or ( False or ( not False ) ) is,( ( False or True ) and False ) or ( True or ( not True ) ) is,,6110,6110
964,( ( True or False ) or False ) or True is,( ( False or True ) or True ) or False is,,6110,6110
965,( ( False or False ) or False ) and ( True or False ) is,( ( True or True ) or True ) and ( False or True ) is,,8250,8250
966,( ( False or False ) or ( not False ) ) or ( False or True ) is,( ( True or True ) or ( not True ) ) or ( True or False ) is,,6110,6110
967,( not ( False and False ) ) and ( True or ( not False ) ) is,( not ( True and True ) ) and ( False or ( not True ) ) is,,6110,6110
968,( ( False or True ) and True ) and ( not True ) is,( ( True or False ) and False ) and ( not False ) is,,8250,8250
969,( False or ( True or True ) ) or True is,( True or ( False or False ) ) or False is,,6110,6110
970,( ( True or True ) and ( True or False ) ) and ( True and True ) is,( ( False or False ) and ( False or True ) ) and ( False and False ) is,,6110,6110
971,( not False ) and ( ( not False ) and ( False or True ) ) is,( not True ) and ( ( not True ) and ( True or False ) ) is,,6110,6110
972,( True or ( False and False ) ) and ( False and False ) is,( False or ( True and True ) ) and ( True and True ) is,,8250,8250
973,( True or ( True or True ) ) and ( ( not False ) and ( False or True ) ) is,( False or ( False or False ) ) and ( ( not True ) and ( True or False ) ) is,,6110,6110
974,True or ( not ( False or True ) ) is,False or ( not ( True or False ) ) is,,6110,6110
975,( ( not False ) or False ) and ( ( False or False ) or ( False or True ) ) is,( ( not True ) or True ) and ( ( True or True ) or ( True or False ) ) is,,6110,6110
976,( not False ) or ( ( True and True ) and ( False or False ) ) is,( not True ) or ( ( False and False ) and ( True or True ) ) is,,6110,6110
977,( ( False and False ) and ( True or False ) ) or True is,( ( True and True ) and ( False or True ) ) or False is,,6110,6110
978,( not ( not False ) ) or ( False or ( True and False ) ) is,( not ( not True ) ) or ( True or ( False and True ) ) is,,8250,8250
979,( ( not False ) and False ) and ( False or True ) is,( ( not True ) and True ) and ( True or False ) is,,8250,8250
980,( False or True ) or ( ( False and True ) or True ) is,( True or False ) or ( ( True and False ) or False ) is,,6110,6110
981,False and ( ( False or False ) or True ) is,True and ( ( True or True ) or False ) is,,8250,8250
982,( not ( False or True ) ) and ( ( not False ) or True ) is,( not ( True or False ) ) and ( ( not True ) or False ) is,,8250,8250
983,( False and ( False or True ) ) and ( ( True and False ) and False ) is,( True and ( True or False ) ) and ( ( False and True ) and True ) is,,8250,8250
984,( True and ( not False ) ) and False is,( False and ( not True ) ) and True is,,8250,8250
985,( False or False ) or ( not ( not False ) ) is,( True or True ) or ( not ( not True ) ) is,,8250,8250
986,( not ( False and True ) ) or ( False or ( False and True ) ) is,( not ( True and False ) ) or ( True or ( True and False ) ) is,,6110,6110
987,( True and True ) or ( False or ( True or True ) ) is,( False and False ) or ( True or ( False or False ) ) is,,6110,6110
988,( True or ( False and True ) ) or ( ( True or False ) and True ) is,( False or ( True and False ) ) or ( ( False or True ) and False ) is,,6110,6110
989,( ( True and False ) and ( not True ) ) or ( True or ( not False ) ) is,( ( False and True ) and ( not False ) ) or ( False or ( not True ) ) is,,6110,6110
990,( not ( True or True ) ) and ( ( False and False ) and False ) is,( not ( False or False ) ) and ( ( True and True ) and True ) is,,8250,8250
991,( ( False or False ) and True ) and ( True or True ) is,( ( True or True ) and False ) and ( False or False ) is,,8250,8250
992,( False or True ) or ( ( True and True ) and ( not False ) ) is,( True or False ) or ( ( False and False ) and ( not True ) ) is,,6110,6110
993,( True and ( True or False ) ) and ( False and False ) is,( False and ( False or True ) ) and ( True and True ) is,,8250,8250
994,( True and True ) or ( False and ( not True ) ) is,( False and False ) or ( True and ( not False ) ) is,,6110,6110
995,( True and True ) or ( ( False or True ) and ( True or True ) ) is,( False and False ) or ( ( True or False ) and ( False or False ) ) is,,6110,6110
996,True or ( ( True or True ) and ( True and True ) ) is,False or ( ( False or False ) and ( False and False ) ) is,,6110,6110
997,( ( True or False ) or True ) and ( True or ( not True ) ) is,( ( False or True ) or False ) and ( False or ( not False ) ) is,,6110,6110
998,( False and True ) or ( ( True or False ) or True ) is,( True and False ) or ( ( False or True ) or False ) is,,6110,6110
999,False and ( ( False or True ) or False ) is,True and ( ( True or False ) or True ) is,,8250,8250
1000,( not False ) or ( ( not False ) and False ) is,( not True ) or ( ( not True ) and True ) is,,6110,6110
1001,( True or ( True or False ) ) or ( ( not True ) or False ) is,( False or ( False or True ) ) or ( ( not False ) or True ) is,,6110,6110
1002,( not ( True and True ) ) and ( ( not False ) and ( not False ) ) is,( not ( False and False ) ) and ( ( not True ) and ( not True ) ) is,,8250,8250
1003,False or ( ( False or False ) and True ) is,True or ( ( True or True ) and False ) is,,8250,8250
1004,( True and ( not True ) ) or ( not ( False or False ) ) is,( False and ( not False ) ) or ( not ( True or True ) ) is,,6110,6110
1005,( ( not True ) and False ) and ( ( False and False ) and True ) is,( ( not False ) and True ) and ( ( True and True ) and False ) is,,8250,8250
1006,( not False ) and ( not ( False or False ) ) is,( not True ) and ( not ( True or True ) ) is,,6110,6110
1007,( True or ( not False ) ) and ( ( not True ) and False ) is,( False or ( not True ) ) and ( ( not False ) and True ) is,,8250,8250
1008,( not ( False or True ) ) and ( False or ( False and False ) ) is,( not ( True or False ) ) and ( True or ( True and True ) ) is,,8250,8250
1009,False and ( not ( False or True ) ) is,True and ( not ( True or False ) ) is,,8250,8250
1010,( not ( True and False ) ) or ( ( not False ) or False ) is,( not ( False and True ) ) or ( ( not True ) or True ) is,,6110,6110
1011,True or ( ( True or False ) and ( False and False ) ) is,False or ( ( False or True ) and ( True and True ) ) is,,6110,6110
1012,( ( False or True ) or False ) and ( False or False ) is,( ( True or False ) or True ) and ( True or True ) is,,8250,8250
1013,True or ( ( True or False ) and ( False and True ) ) is,False or ( ( False or True ) and ( True and False ) ) is,,6110,6110
1014,( False and ( True and False ) ) and ( False and False ) is,( True and ( False and True ) ) and ( True and True ) is,,8250,8250
1015,( ( True or True ) and True ) or ( True or False ) is,( ( False or False ) and False ) or ( False or True ) is,,6110,6110
1016,( True or True ) or ( ( not True ) and ( False and True ) ) is,( False or False ) or ( ( not False ) and ( True and False ) ) is,,6110,6110
1017,( not ( False and True ) ) and ( True or True ) is,( not ( True and False ) ) and ( False or False ) is,,6110,6110
1018,( ( not False ) and False ) or ( ( True and True ) or True ) is,( ( not True ) and True ) or ( ( False and False ) or False ) is,,6110,6110
1019,( False or ( False or True ) ) or ( not True ) is,( True or ( True or False ) ) or ( not False ) is,,6110,6110
1020,( True and True ) or ( not ( True or False ) ) is,( False and False ) or ( not ( False or True ) ) is,,6110,6110
1021,( ( True and False ) or ( True and False ) ) or True is,( ( False and True ) or ( False and True ) ) or False is,,6110,6110
1022,( ( not False ) or ( True and False ) ) and ( not False ) is,( ( not True ) or ( False and True ) ) and ( not True ) is,,6110,6110
1023,( True and True ) and ( ( True or False ) and True ) is,( False and False ) and ( ( False or True ) and False ) is,,6110,6110
1024,( not False ) or ( ( True or True ) and False ) is,( not True ) or ( ( False or False ) and True ) is,,6110,6110
1025,True or ( ( True or True ) and False ) is,False or ( ( False or False ) and True ) is,,6110,6110
1026,( ( False or False ) and ( not True ) ) and ( ( True or True ) and True ) is,( ( True or True ) and ( not False ) ) and ( ( False or False ) and False ) is,,8250,8250
1027,( True and ( False or False ) ) and ( ( True and False ) and ( not False ) ) is,( False and ( True or True ) ) and ( ( False and True ) and ( not True ) ) is,,8250,8250
1028,( True or False ) or ( not ( True and False ) ) is,( False or True ) or ( not ( False and True ) ) is,,6110,6110
1029,( ( not True ) or False ) and ( True or ( False or True ) ) is,( ( not False ) or True ) and ( False or ( True or False ) ) is,,8250,8250
1030,( ( True and False ) or ( not False ) ) and False is,( ( False and True ) or ( not True ) ) and True is,,8250,8250
1031,( True and True ) and ( ( not True ) or False ) is,( False and False ) and ( ( not False ) or True ) is,,8250,8250
1032,( ( True and True ) or False ) and ( True or False ) is,( ( False and False ) or True ) and ( False or True ) is,,6110,6110
1033,( not ( not False ) ) and ( ( not True ) or ( not False ) ) is,( not ( not True ) ) and ( ( not False ) or ( not True ) ) is,,8250,8250
1034,( ( False or True ) or ( False or False ) ) or False is,( ( True or False ) or ( True or True ) ) or True is,,6110,6110
1035,( not False ) and ( ( True or True ) or ( not False ) ) is,( not True ) and ( ( False or False ) or ( not True ) ) is,,6110,6110
1036,( ( not False ) or ( True and True ) ) and ( not False ) is,( ( not True ) or ( False and False ) ) and ( not True ) is,,6110,6110
1037,( True and ( True or False ) ) or True is,( False and ( False or True ) ) or False is,,6110,6110
1038,( ( False or False ) or False ) or False is,( ( True or True ) or True ) or True is,,8250,8250
1039,( ( False or True ) or True ) and ( not ( True or False ) ) is,( ( True or False ) or False ) and ( not ( False or True ) ) is,,8250,8250
1040,( True and False ) and ( not ( False and False ) ) is,( False and True ) and ( not ( True and True ) ) is,,8250,8250
1041,( False or True ) and ( True and ( False and True ) ) is,( True or False ) and ( False and ( True and False ) ) is,,8250,8250
1042,( not ( True and False ) ) and ( not ( True or True ) ) is,( not ( False and True ) ) and ( not ( False or False ) ) is,,8250,8250
1043,( True or True ) or ( True and ( not True ) ) is,( False or False ) or ( False and ( not False ) ) is,,6110,6110
1044,( not ( not True ) ) and ( not ( False and True ) ) is,( not ( not False ) ) and ( not ( True and False ) ) is,,6110,6110
1045,False or ( ( True and False ) or ( not True ) ) is,True or ( ( False and True ) or ( not False ) ) is,,8250,8250
1046,( not False ) or ( not ( False and True ) ) is,( not True ) or ( not ( True and False ) ) is,,6110,6110
1047,False or False is,True or True is,,8250,8250
1048,( ( not False ) or ( not False ) ) and ( False or ( True and False ) ) is,( ( not True ) or ( not True ) ) and ( True or ( False and True ) ) is,,8250,8250
1049,( ( False and False ) or True ) and ( not ( False or True ) ) is,( ( True and True ) or False ) and ( not ( True or False ) ) is,,8250,8250
1050,( ( not True ) and ( True or False ) ) and ( False and True ) is,( ( not False ) and ( False or True ) ) and ( True and False ) is,,8250,8250
1051,( not True ) or ( ( not True ) and ( False and True ) ) is,( not False ) or ( ( not False ) and ( True and False ) ) is,,8250,8250
1052,True or ( ( not False ) and ( not True ) ) is,False or ( ( not True ) and ( not False ) ) is,,6110,6110
1053,( ( not False ) or ( False or True ) ) or ( not False ) is,( ( not True ) or ( True or False ) ) or ( not True ) is,,6110,6110
1054,( ( False or False ) and ( not False ) ) and ( ( not True ) or ( True or True ) ) is,( ( True or True ) and ( not True ) ) and ( ( not False ) or ( False or False ) ) is,,8250,8250
1055,( ( True or True ) or ( not False ) ) or ( True or False ) is,( ( False or False ) or ( not True ) ) or ( False or True ) is,,6110,6110
1056,( not ( not False ) ) and ( not ( False and False ) ) is,( not ( not True ) ) and ( not ( True and True ) ) is,,8250,8250
1057,( ( not True ) or True ) and ( True or False ) is,( ( not False ) or False ) and ( False or True ) is,,6110,6110
1058,( False or True ) and ( ( False and False ) or True ) is,( True or False ) and ( ( True and True ) or False ) is,,6110,6110
1059,( ( True and False ) and True ) and ( not ( not False ) ) is,( ( False and True ) and False ) and ( not ( not True ) ) is,,8250,8250
1060,( True and ( not False ) ) or ( not ( not False ) ) is,( False and ( not True ) ) or ( not ( not True ) ) is,,6110,6110
1061,( True or False ) or ( ( True or True ) and ( True or True ) ) is,( False or True ) or ( ( False or False ) and ( False or False ) ) is,,6110,6110
1062,( True and False ) and ( ( False and True ) or True ) is,( False and True ) and ( ( True and False ) or False ) is,,8250,8250
1063,( ( False and False ) and True ) or ( True and True ) is,( ( True and True ) and False ) or ( False and False ) is,,6110,6110
1064,( ( False and False ) and True ) and ( ( False and False ) and True ) is,( ( True and True ) and False ) and ( ( True and True ) and False ) is,,8250,8250
1065,True or ( ( not False ) or ( False and False ) ) is,False or ( ( not True ) or ( True and True ) ) is,,6110,6110
1066,( True or True ) and ( ( False and True ) and False ) is,( False or False ) and ( ( True and False ) and True ) is,,8250,8250
1067,( ( False or True ) and True ) or False is,( ( True or False ) and False ) or True is,,6110,6110
1068,( ( False and False ) and ( True or True ) ) and ( True or False ) is,( ( True and True ) and ( False or False ) ) and ( False or True ) is,,8250,8250
1069,( True or ( not False ) ) and ( False and ( True and False ) ) is,( False or ( not True ) ) and ( True and ( False and True ) ) is,,8250,8250
1070,( ( True or False ) and True ) and ( True or True ) is,( ( False or True ) and False ) and ( False or False ) is,,6110,6110
1071,( not ( not True ) ) or ( not ( not False ) ) is,( not ( not False ) ) or ( not ( not True ) ) is,,6110,6110
1072,( not ( False or False ) ) and ( ( not True ) and ( True and True ) ) is,( not ( True or True ) ) and ( ( not False ) and ( False and False ) ) is,,8250,8250
1073,( ( False or False ) or ( not False ) ) or ( ( False or True ) or True ) is,( ( True or True ) or ( not True ) ) or ( ( True or False ) or False ) is,,6110,6110
1074,True and ( ( True and True ) or ( True or False ) ) is,False and ( ( False and False ) or ( False or True ) ) is,,6110,6110
1075,False or ( False or ( False and True ) ) is,True or ( True or ( True and False ) ) is,,8250,8250
1076,( True or False ) and ( not ( not True ) ) is,( False or True ) and ( not ( not False ) ) is,,6110,6110
1077,False or ( ( False and True ) and ( not True ) ) is,True or ( ( True and False ) and ( not False ) ) is,,8250,8250
1078,( not True ) or ( ( not False ) and True ) is,( not False ) or ( ( not True ) and False ) is,,6110,6110
1079,( ( not False ) and False ) or ( ( not True ) or False ) is,( ( not True ) and True ) or ( ( not False ) or True ) is,,8250,8250
1080,True and ( True or ( False and True ) ) is,False and ( False or ( True and False ) ) is,,6110,6110
1081,( ( not False ) or ( not False ) ) or ( False and False ) is,( ( not True ) or ( not True ) ) or ( True and True ) is,,6110,6110
1082,( not False ) or ( ( False or False ) and True ) is,( not True ) or ( ( True or True ) and False ) is,,6110,6110
1083,( False and ( False and False ) ) or ( ( not True ) and True ) is,( True and ( True and True ) ) or ( ( not False ) and False ) is,,8250,8250
1084,( ( True and True ) and False ) and ( not False ) is,( ( False and False ) and True ) and ( not True ) is,,8250,8250
1085,( ( False or False ) and False ) and ( True and ( True or False ) ) is,( ( True or True ) and True ) and ( False and ( False or True ) ) is,,8250,8250
1086,( not True ) or ( ( not True ) or ( not True ) ) is,( not False ) or ( ( not False ) or ( not False ) ) is,,8250,8250
1087,( False and False ) or ( not ( not True ) ) is,( True and True ) or ( not ( not False ) ) is,,6110,6110
1088,( ( not True ) and ( False or True ) ) or True is,( ( not False ) and ( True or False ) ) or False is,,6110,6110
1089,( not ( False or False ) ) and ( False and ( False and True ) ) is,( not ( True or True ) ) and ( True and ( True and False ) ) is,,8250,8250
1090,( not ( True or False ) ) or ( ( True and True ) or ( True and False ) ) is,( not ( False or True ) ) or ( ( False and False ) or ( False and True ) ) is,,6110,6110
1091,( False or False ) or ( ( False or False ) or ( False or False ) ) is,( True or True ) or ( ( True or True ) or ( True or True ) ) is,,8250,8250
1092,True and ( True or False ) is,False and ( False or True ) is,,6110,6110
1093,( False or ( True or False ) ) and ( False or True ) is,( True or ( False or True ) ) and ( True or False ) is,,6110,6110
1094,( True or False ) or ( ( True and False ) and ( not True ) ) is,( False or True ) or ( ( False and True ) and ( not False ) ) is,,6110,6110
1095,( True or ( True or True ) ) or ( not ( True or False ) ) is,( False or ( False or False ) ) or ( not ( False or True ) ) is,,6110,6110
1096,( ( True or True ) or ( True or False ) ) and ( not ( True or False ) ) is,( ( False or False ) or ( False or True ) ) and ( not ( False or True ) ) is,,8250,8250
1097,( False or False ) and ( False and ( False and True ) ) is,( True or True ) and ( True and ( True and False ) ) is,,8250,8250
1098,( ( not True ) and ( False and True ) ) and ( ( True or False ) and False ) is,( ( not False ) and ( True and False ) ) and ( ( False or True ) and True ) is,,8250,8250
1099,( ( not True ) and ( True or True ) ) and ( False and ( False or True ) ) is,( ( not False ) and ( False or False ) ) and ( True and ( True or False ) ) is,,8250,8250
1100,True and ( ( not True ) and ( False or True ) ) is,False and ( ( not False ) and ( True or False ) ) is,,8250,8250
1101,( not ( not True ) ) and ( ( True or False ) and False ) is,( not ( not False ) ) and ( ( False or True ) and True ) is,,8250,8250
1102,( ( True and True ) or False ) or True is,( ( False and False ) or True ) or False is,,6110,6110
1103,( False or False ) and ( False and ( not True ) ) is,( True or True ) and ( True and ( not False ) ) is,,8250,8250
1104,( False or True ) or ( ( True and True ) and True ) is,( True or False ) or ( ( False and False ) and False ) is,,6110,6110
1105,( ( False or False ) or ( not True ) ) or ( False and True ) is,( ( True or True ) or ( not False ) ) or ( True and False ) is,,8250,8250
1106,( ( not True ) and True ) and ( ( not False ) or ( not False ) ) is,( ( not False ) and False ) and ( ( not True ) or ( not True ) ) is,,8250,8250
1107,( True or ( False and False ) ) or ( True and True ) is,( False or ( True and True ) ) or ( False and False ) is,,6110,6110
1108,( not ( False or False ) ) and ( False and False ) is,( not ( True or True ) ) and ( True and True ) is,,8250,8250
1109,( ( not False ) or ( False and False ) ) and ( ( not False ) or False ) is,( ( not True ) or ( True and True ) ) and ( ( not True ) or True ) is,,6110,6110
1110,( True and ( True or False ) ) or ( ( False or False ) or ( not True ) ) is,( False and ( False or True ) ) or ( ( True or True ) or ( not False ) ) is,,6110,6110
1111,( True or ( True or True ) ) or ( False and ( False and False ) ) is,( False or ( False or False ) ) or ( True and ( True and True ) ) is,,6110,6110
1112,( ( not False ) and ( not True ) ) or ( not False ) is,( ( not True ) and ( not False ) ) or ( not True ) is,,6110,6110
1113,( ( True or True ) and ( False and True ) ) and ( False or ( not True ) ) is,( ( False or False ) and ( True and False ) ) and ( True or ( not False ) ) is,,8250,8250
1114,( False and ( False or True ) ) or ( False or False ) is,( True and ( True or False ) ) or ( True or True ) is,,8250,8250
1115,( False or False ) or ( ( not False ) and ( not False ) ) is,( True or True ) or ( ( not True ) and ( not True ) ) is,,6110,6110
1116,( not ( True and True ) ) and ( ( True and False ) or ( False and False ) ) is,( not ( False and False ) ) and ( ( False and True ) or ( True and True ) ) is,,8250,8250
1117,( ( not True ) or False ) and ( not ( False or True ) ) is,( ( not False ) or True ) and ( not ( True or False ) ) is,,8250,8250
1118,( ( not False ) and False ) and ( True or ( True and False ) ) is,( ( not True ) and True ) and ( False or ( False and True ) ) is,,8250,8250
1119,( not ( True or False ) ) or True is,( not ( False or True ) ) or False is,,6110,6110
1120,( ( not False ) or False ) and ( False or True ) is,( ( not True ) or True ) and ( True or False ) is,,6110,6110
1121,( ( False or False ) or ( not True ) ) and ( not ( False or False ) ) is,( ( True or True ) or ( not False ) ) and ( not ( True or True ) ) is,,8250,8250
1122,( False or ( True or True ) ) or ( ( not True ) and ( not True ) ) is,( True or ( False or False ) ) or ( ( not False ) and ( not False ) ) is,,6110,6110
1123,( False and True ) and ( ( True or False ) and True ) is,( True and False ) and ( ( False or True ) and False ) is,,8250,8250
1124,( True or ( True and False ) ) or ( True or False ) is,( False or ( False and True ) ) or ( False or True ) is,,6110,6110
1125,( not False ) and ( True or ( False and False ) ) is,( not True ) and ( False or ( True and True ) ) is,,6110,6110
1126,( not True ) and ( not ( True and True ) ) is,( not False ) and ( not ( False and False ) ) is,,8250,8250
1127,( not ( not False ) ) and ( ( True and False ) and ( not True ) ) is,( not ( not True ) ) and ( ( False and True ) and ( not False ) ) is,,8250,8250
1128,( not ( False and False ) ) or ( not ( not True ) ) is,( not ( True and True ) ) or ( not ( not False ) ) is,,6110,6110
1129,( not ( not False ) ) or ( ( not True ) and True ) is,( not ( not True ) ) or ( ( not False ) and False ) is,,8250,8250
1130,( not False ) and True is,( not True ) and False is,,6110,6110
1131,( False and ( True and True ) ) or ( ( not False ) and False ) is,( True and ( False and False ) ) or ( ( not True ) and True ) is,,8250,8250
1132,( ( True and False ) and True ) or ( False or False ) is,( ( False and True ) and False ) or ( True or True ) is,,8250,8250
1133,( ( False and True ) or False ) or ( True and ( not True ) ) is,( ( True and False ) or True ) or ( False and ( not False ) ) is,,8250,8250
1134,( ( not False ) or ( True or False ) ) or False is,( ( not True ) or ( False or True ) ) or True is,,6110,6110
1135,( True and False ) or ( not ( False and True ) ) is,( False and True ) or ( not ( True and False ) ) is,,6110,6110
1136,( False or ( True and True ) ) and ( False and True ) is,( True or ( False and False ) ) and ( True and False ) is,,8250,8250
1137,( False and ( True and True ) ) and ( ( False or False ) and False ) is,( True and ( False and False ) ) and ( ( True or True ) and True ) is,,8250,8250
1138,( False or True ) or ( True or ( True or True ) ) is,( True or False ) or ( False or ( False or False ) ) is,,6110,6110
1139,( True and True ) or ( not ( False and True ) ) is,( False and False ) or ( not ( True and False ) ) is,,6110,6110
1140,( not ( False or True ) ) or ( True or ( True or False ) ) is,( not ( True or False ) ) or ( False or ( False or True ) ) is,,6110,6110
1141,( True and True ) and ( False and ( True and True ) ) is,( False and False ) and ( True and ( False and False ) ) is,,8250,8250
1142,( ( True and False ) and False ) or True is,( ( False and True ) and True ) or False is,,6110,6110
1143,( False and False ) and ( ( False and True ) or False ) is,( True and True ) and ( ( True and False ) or True ) is,,8250,8250
1144,( True and True ) or ( ( True and True ) or True ) is,( False and False ) or ( ( False and False ) or False ) is,,6110,6110
1145,( ( True or True ) or False ) or ( ( not False ) and False ) is,( ( False or False ) or True ) or ( ( not True ) and True ) is,,6110,6110
1146,( not ( False and True ) ) and ( False or True ) is,( not ( True and False ) ) and ( True or False ) is,,6110,6110
1147,( not True ) and ( not ( False and False ) ) is,( not False ) and ( not ( True and True ) ) is,,8250,8250
1148,( False and False ) or ( ( True and False ) or True ) is,( True and True ) or ( ( False and True ) or False ) is,,6110,6110
1149,( True and False ) or ( not ( not False ) ) is,( False and True ) or ( not ( not True ) ) is,,8250,8250
1150,( ( False and False ) and False ) or ( ( True and True ) or True ) is,( ( True and True ) and True ) or ( ( False and False ) or False ) is,,6110,6110
1151,( False or True ) and ( ( False or False ) or ( False or True ) ) is,( True or False ) and ( ( True or True ) or ( True or False ) ) is,,6110,6110
1152,( not ( False and False ) ) or ( not ( False and True ) ) is,( not ( True and True ) ) or ( not ( True and False ) ) is,,6110,6110
1153,( not ( True and False ) ) or ( ( True or True ) or ( not False ) ) is,( not ( False and True ) ) or ( ( False or False ) or ( not True ) ) is,,6110,6110
1154,( not True ) or ( ( True and False ) and ( True or False ) ) is,( not False ) or ( ( False and True ) and ( False or True ) ) is,,8250,8250
1155,( not ( False and False ) ) and ( ( not True ) and ( True or True ) ) is,( not ( True and True ) ) and ( ( not False ) and ( False or False ) ) is,,8250,8250
1156,( True and ( False or False ) ) or ( not True ) is,( False and ( True or True ) ) or ( not False ) is,,8250,8250
1157,( True and False ) and ( True or ( False or True ) ) is,( False and True ) and ( False or ( True or False ) ) is,,8250,8250
1158,True or ( ( True or False ) and True ) is,False or ( ( False or True ) and False ) is,,6110,6110
1159,( ( not True ) or ( not False ) ) or ( not ( True and True ) ) is,( ( not False ) or ( not True ) ) or ( not ( False and False ) ) is,,6110,6110
1160,( True and ( not True ) ) or ( not ( True or False ) ) is,( False and ( not False ) ) or ( not ( False or True ) ) is,,8250,8250
1161,True and ( ( False and True ) or False ) is,False and ( ( True and False ) or True ) is,,8250,8250
1162,( not ( False and True ) ) or ( False and ( False or False ) ) is,( not ( True and False ) ) or ( True and ( True or True ) ) is,,6110,6110
1163,( ( True or False ) and False ) and ( ( not True ) and True ) is,( ( False or True ) and True ) and ( ( not False ) and False ) is,,8250,8250
1164,( False and False ) and ( True or ( True and False ) ) is,( True and True ) and ( False or ( False and True ) ) is,,8250,8250
1165,( False and ( False or True ) ) and ( True and True ) is,( True and ( True or False ) ) and ( False and False ) is,,8250,8250
1166,( False and ( not False ) ) or True is,( True and ( not True ) ) or False is,,6110,6110
1167,( False and ( not False ) ) and ( True and ( not True ) ) is,( True and ( not True ) ) and ( False and ( not False ) ) is,,8250,8250
1168,( ( False or True ) or ( True or True ) ) and ( not False ) is,( ( True or False ) or ( False or False ) ) and ( not True ) is,,6110,6110
1169,( ( True or True ) or ( True and True ) ) and False is,( ( False or False ) or ( False and False ) ) and True is,,8250,8250
1170,( ( True and False ) and False ) or ( not ( not True ) ) is,( ( False and True ) and True ) or ( not ( not False ) ) is,,6110,6110
1171,( not True ) and ( True and ( not False ) ) is,( not False ) and ( False and ( not True ) ) is,,8250,8250
1172,False and ( ( False or False ) or ( True and False ) ) is,True and ( ( True or True ) or ( False and True ) ) is,,8250,8250
1173,( not ( False and True ) ) or ( True and False ) is,( not ( True and False ) ) or ( False and True ) is,,6110,6110
1174,( not ( False or False ) ) and False is,( not ( True or True ) ) and True is,,8250,8250
1175,( True or ( False or True ) ) and ( not ( False and True ) ) is,( False or ( True or False ) ) and ( not ( True and False ) ) is,,6110,6110
1176,( not ( not True ) ) or ( False or False ) is,( not ( not False ) ) or ( True or True ) is,,6110,6110
1177,( True and True ) and ( not ( False or False ) ) is,( False and False ) and ( not ( True or True ) ) is,,6110,6110
1178,( False or False ) or ( ( True and True ) and True ) is,( True or True ) or ( ( False and False ) and False ) is,,6110,6110
1179,True or ( ( False and False ) and False ) is,False or ( ( True and True ) and True ) is,,6110,6110
1180,( ( False and True ) and True ) and ( False or ( False or True ) ) is,( ( True and False ) and False ) and ( True or ( True or False ) ) is,,8250,8250
1181,( ( False and True ) and False ) and ( not True ) is,( ( True and False ) and True ) and ( not False ) is,,8250,8250
1182,( False or False ) or ( True or ( True and False ) ) is,( True or True ) or ( False or ( False and True ) ) is,,6110,6110
1183,( False or ( False and False ) ) or ( True and False ) is,( True or ( True and True ) ) or ( False and True ) is,,8250,8250
1184,( not ( True and True ) ) and ( ( True and False ) and ( True and True ) ) is,( not ( False and False ) ) and ( ( False and True ) and ( False and False ) ) is,,8250,8250
1185,( not ( not True ) ) and ( not ( True or True ) ) is,( not ( not False ) ) and ( not ( False or False ) ) is,,8250,8250
1186,( not True ) or ( True and ( False and True ) ) is,( not False ) or ( False and ( True and False ) ) is,,8250,8250
1187,( ( True or False ) or ( not True ) ) or True is,( ( False or True ) or ( not False ) ) or False is,,6110,6110
1188,( True or ( not True ) ) or ( True or True ) is,( False or ( not False ) ) or ( False or False ) is,,6110,6110
1189,( not False ) and ( ( not True ) and ( not True ) ) is,( not True ) and ( ( not False ) and ( not False ) ) is,,8250,8250
1190,True and ( ( True or False ) or ( True or True ) ) is,False and ( ( False or True ) or ( False or False ) ) is,,6110,6110
1191,( ( not True ) or True ) or ( True or ( True or True ) ) is,( ( not False ) or False ) or ( False or ( False or False ) ) is,,6110,6110
1192,( not ( not True ) ) or ( not ( False and True ) ) is,( not ( not False ) ) or ( not ( True and False ) ) is,,6110,6110
1193,( ( False or True ) or ( False and True ) ) and ( not True ) is,( ( True or False ) or ( True and False ) ) and ( not False ) is,,8250,8250
1194,( not ( False or True ) ) or ( not ( True or True ) ) is,( not ( True or False ) ) or ( not ( False or False ) ) is,,8250,8250
1195,( ( not False ) and ( True and False ) ) or False is,( ( not True ) and ( False and True ) ) or True is,,8250,8250
1196,( False and False ) and ( ( False and True ) and ( False or True ) ) is,( True and True ) and ( ( True and False ) and ( True or False ) ) is,,8250,8250
1197,True or ( ( True and True ) or False ) is,False or ( ( False and False ) or True ) is,,6110,6110
1198,True and ( ( True and False ) or False ) is,False and ( ( False and True ) or True ) is,,8250,8250
1199,( ( True or True ) and ( True or True ) ) and True is,( ( False or False ) and ( False or False ) ) and False is,,6110,6110
1200,( True or ( not True ) ) or ( True and False ) is,( False or ( not False ) ) or ( False and True ) is,,6110,6110
1201,( ( False or False ) or ( not False ) ) or ( False and True ) is,( ( True or True ) or ( not True ) ) or ( True and False ) is,,6110,6110
1202,( True or True ) or ( ( True and False ) and False ) is,( False or False ) or ( ( False and True ) and True ) is,,6110,6110
1203,( ( False and True ) or ( not False ) ) or ( False and ( False or True ) ) is,( ( True and False ) or ( not True ) ) or ( True and ( True or False ) ) is,,6110,6110
1204,( True and ( False or True ) ) and ( ( True and True ) or False ) is,( False and ( True or False ) ) and ( ( False and False ) or True ) is,,6110,6110
1205,( False or ( True or True ) ) and ( not ( not True ) ) is,( True or ( False or False ) ) and ( not ( not False ) ) is,,6110,6110
1206,( True or ( False or False ) ) and ( False or True ) is,( False or ( True or True ) ) and ( True or False ) is,,6110,6110
1207,( ( True or False ) and True ) and ( False or True ) is,( ( False or True ) and False ) and ( True or False ) is,,6110,6110
1208,( True or ( not False ) ) or ( ( False and True ) and ( not True ) ) is,( False or ( not True ) ) or ( ( True and False ) and ( not False ) ) is,,6110,6110
1209,( False and False ) or True is,( True and True ) or False is,,6110,6110
1210,( ( True or True ) and ( not False ) ) or ( False and ( True and False ) ) is,( ( False or False ) and ( not True ) ) or ( True and ( False and True ) ) is,,6110,6110
1211,( False and ( not False ) ) and ( not ( True or True ) ) is,( True and ( not True ) ) and ( not ( False or False ) ) is,,8250,8250
1212,( not False ) and ( ( True or False ) and True ) is,( not True ) and ( ( False or True ) and False ) is,,6110,6110
1213,( ( True and False ) or False ) or ( True and False ) is,( ( False and True ) or True ) or ( False and True ) is,,8250,8250
1214,( True and ( True and False ) ) and ( True or False ) is,( False and ( False and True ) ) and ( False or True ) is,,8250,8250
1215,( ( not True ) or ( False and True ) ) or ( not True ) is,( ( not False ) or ( True and False ) ) or ( not False ) is,,8250,8250
1216,( False and False ) and ( not ( True or False ) ) is,( True and True ) and ( not ( False or True ) ) is,,8250,8250
1217,( True and True ) and ( False or ( not True ) ) is,( False and False ) and ( True or ( not False ) ) is,,8250,8250
1218,( False and False ) and ( True or False ) is,( True and True ) and ( False or True ) is,,8250,8250
1219,( False or False ) or ( ( True and True ) and ( True or False ) ) is,( True or True ) or ( ( False and False ) and ( False or True ) ) is,,6110,6110
1220,( not ( False or False ) ) and ( ( not False ) or ( False or True ) ) is,( not ( True or True ) ) and ( ( not True ) or ( True or False ) ) is,,6110,6110
1221,( True and False ) or ( ( False or False ) or ( True and True ) ) is,( False and True ) or ( ( True or True ) or ( False and False ) ) is,,6110,6110
1222,( ( True or False ) or True ) and True is,( ( False or True ) or False ) and False is,,6110,6110
1223,( True and False ) and ( ( True and True ) or False ) is,( False and True ) and ( ( False and False ) or True ) is,,8250,8250
1224,( ( False or False ) and ( True and False ) ) and True is,( ( True or True ) and ( False and True ) ) and False is,,8250,8250
1225,( ( False and True ) or ( not False ) ) or ( True or False ) is,( ( True and False ) or ( not True ) ) or ( False or True ) is,,6110,6110
1226,( not ( not True ) ) and ( not ( not False ) ) is,( not ( not False ) ) and ( not ( not True ) ) is,,8250,8250
1227,( ( not True ) or False ) and ( True or ( True or False ) ) is,( ( not False ) or True ) and ( False or ( False or True ) ) is,,8250,8250
1228,( ( True or True ) and ( not True ) ) and ( True and False ) is,( ( False or False ) and ( not False ) ) and ( False and True ) is,,8250,8250
1229,( True and True ) or ( ( not False ) and False ) is,( False and False ) or ( ( not True ) and True ) is,,6110,6110
1230,( ( False and False ) or True ) or ( ( False and True ) and False ) is,( ( True and True ) or False ) or ( ( True and False ) and True ) is,,6110,6110
1231,( not ( False and True ) ) and ( False or False ) is,( not ( True and False ) ) and ( True or True ) is,,8250,8250
1232,( not ( False or False ) ) or ( True or ( False or True ) ) is,( not ( True or True ) ) or ( False or ( True or False ) ) is,,6110,6110
1233,( True or True ) or ( True or ( True or True ) ) is,( False or False ) or ( False or ( False or False ) ) is,,6110,6110
1234,( False and ( False or True ) ) or False is,( True and ( True or False ) ) or True is,,8250,8250
1235,( True or False ) and ( ( False or True ) or False ) is,( False or True ) and ( ( True or False ) or True ) is,,6110,6110
1236,( True and ( not False ) ) and ( ( not True ) and ( not False ) ) is,( False and ( not True ) ) and ( ( not False ) and ( not True ) ) is,,8250,8250
1237,( True and ( False and True ) ) or ( True and False ) is,( False and ( True and False ) ) or ( False and True ) is,,8250,8250
1238,( ( True or True ) or ( not False ) ) or ( not ( not True ) ) is,( ( False or False ) or ( not True ) ) or ( not ( not False ) ) is,,6110,6110
1239,( ( not True ) and ( False or False ) ) or ( not ( True or True ) ) is,( ( not False ) and ( True or True ) ) or ( not ( False or False ) ) is,,8250,8250
1240,( not ( False or True ) ) and ( not ( False and True ) ) is,( not ( True or False ) ) and ( not ( True and False ) ) is,,8250,8250
1241,False and ( ( True and True ) and True ) is,True and ( ( False and False ) and False ) is,,8250,8250
1242,( True or True ) or ( ( True and True ) or False ) is,( False or False ) or ( ( False and False ) or True ) is,,6110,6110
1243,( not True ) and ( True or ( False and True ) ) is,( not False ) and ( False or ( True and False ) ) is,,8250,8250
1244,( ( False and False ) and True ) and ( True or False ) is,( ( True and True ) and False ) and ( False or True ) is,,8250,8250
1245,( True and True ) and ( ( not False ) or ( not False ) ) is,( False and False ) and ( ( not True ) or ( not True ) ) is,,6110,6110
1246,( ( not True ) and True ) and ( False and True ) is,( ( not False ) and False ) and ( True and False ) is,,8250,8250
1247,( not ( False or False ) ) or ( not ( not True ) ) is,( not ( True or True ) ) or ( not ( not False ) ) is,,6110,6110
1248,( ( not False ) or True ) and ( ( True or True ) or True ) is,( ( not True ) or False ) and ( ( False or False ) or False ) is,,6110,6110
1249,( False and True ) and ( False or True ) is,( True and False ) and ( True or False ) is,,8250,8250
1250,False or ( ( not False ) and True ) is,True or ( ( not True ) and False ) is,,6110,6110
1251,( ( False or True ) and ( not True ) ) and ( not True ) is,( ( True or False ) and ( not False ) ) and ( not False ) is,,8250,8250
1252,( not ( False and False ) ) and ( ( not True ) and ( False or False ) ) is,( not ( True and True ) ) and ( ( not False ) and ( True or True ) ) is,,8250,8250
1253,( False and ( True or False ) ) or ( False and ( not True ) ) is,( True and ( False or True ) ) or ( True and ( not False ) ) is,,8250,8250
1254,( True and ( True and True ) ) or ( True and ( not False ) ) is,( False and ( False and False ) ) or ( False and ( not True ) ) is,,6110,6110
1255,( True or False ) or ( ( False or True ) or ( True and False ) ) is,( False or True ) or ( ( True or False ) or ( False and True ) ) is,,6110,6110
1256,( not ( True and True ) ) and ( ( not True ) or ( not False ) ) is,( not ( False and False ) ) and ( ( not False ) or ( not True ) ) is,,8250,8250
1257,True or ( ( not True ) and ( True and True ) ) is,False or ( ( not False ) and ( False and False ) ) is,,6110,6110
1258,( ( False or False ) or ( not False ) ) or ( False and False ) is,( ( True or True ) or ( not True ) ) or ( True and True ) is,,6110,6110
1259,( not ( not True ) ) or ( ( not False ) or ( not True ) ) is,( not ( not False ) ) or ( ( not True ) or ( not False ) ) is,,6110,6110
1260,( ( not False ) and ( True or False ) ) and False is,( ( not True ) and ( False or True ) ) and True is,,8250,8250
1261,( False or ( False or False ) ) and ( not True ) is,( True or ( True or True ) ) and ( not False ) is,,8250,8250
1262,( False or False ) or ( ( False and True ) or ( True and True ) ) is,( True or True ) or ( ( True and False ) or ( False and False ) ) is,,6110,6110
1263,( ( not True ) and ( False or True ) ) or ( not ( False or True ) ) is,( ( not False ) and ( True or False ) ) or ( not ( True or False ) ) is,,8250,8250
1264,( True or False ) or ( ( True and False ) and ( False and False ) ) is,( False or True ) or ( ( False and True ) and ( True and True ) ) is,,6110,6110
1265,( not False ) or ( not False ) is,( not True ) or ( not True ) is,,6110,6110
1266,( True and ( False and True ) ) and ( False and False ) is,( False and ( True and False ) ) and ( True and True ) is,,8250,8250
1267,( not ( not True ) ) and ( ( not True ) and ( not True ) ) is,( not ( not False ) ) and ( ( not False ) and ( not False ) ) is,,8250,8250
1268,( False or True ) or ( ( not False ) and ( False and False ) ) is,( True or False ) or ( ( not True ) and ( True and True ) ) is,,6110,6110
1269,( ( not True ) and ( False and False ) ) and ( ( not False ) or True ) is,( ( not False ) and ( True and True ) ) and ( ( not True ) or False ) is,,8250,8250
1270,( not ( False or True ) ) and ( False and ( False or False ) ) is,( not ( True or False ) ) and ( True and ( True or True ) ) is,,8250,8250
1271,( not ( False or False ) ) or ( False and ( False and True ) ) is,( not ( True or True ) ) or ( True and ( True and False ) ) is,,6110,6110
1272,( ( False and False ) or ( True and False ) ) or ( False and True ) is,( ( True and True ) or ( False and True ) ) or ( True and False ) is,,8250,8250
1273,( ( not True ) and True ) or ( not ( not False ) ) is,( ( not False ) and False ) or ( not ( not True ) ) is,,8250,8250
1274,( True and True ) and ( True and ( True and True ) ) is,( False and False ) and ( False and ( False and False ) ) is,,6110,6110
1275,( False or False ) and ( ( not True ) or True ) is,( True or True ) and ( ( not False ) or False ) is,,8250,8250
1276,False or ( ( False or True ) and ( True or False ) ) is,True or ( ( True or False ) and ( False or True ) ) is,,6110,6110
1277,( True and ( True or False ) ) or ( not ( not True ) ) is,( False and ( False or True ) ) or ( not ( not False ) ) is,,6110,6110
1278,( ( False or True ) and True ) or ( ( not False ) or ( not False ) ) is,( ( True or False ) and False ) or ( ( not True ) or ( not True ) ) is,,6110,6110
1279,True or ( ( True and False ) and ( True or False ) ) is,False or ( ( False and True ) and ( False or True ) ) is,,6110,6110
1280,( not ( True or False ) ) or ( False or ( True and False ) ) is,( not ( False or True ) ) or ( True or ( False and True ) ) is,,8250,8250
1281,( not False ) or ( ( not False ) and ( not False ) ) is,( not True ) or ( ( not True ) and ( not True ) ) is,,6110,6110
1282,( ( not False ) or True ) or ( False or ( False and False ) ) is,( ( not True ) or False ) or ( True or ( True and True ) ) is,,6110,6110
1283,( False and ( not False ) ) or ( not ( True or True ) ) is,( True and ( not True ) ) or ( not ( False or False ) ) is,,8250,8250
1284,( False or ( True and False ) ) or ( ( True or True ) or False ) is,( True or ( False and True ) ) or ( ( False or False ) or True ) is,,6110,6110
1285,( ( True or False ) or ( False or False ) ) and True is,( ( False or True ) or ( True or True ) ) and False is,,6110,6110
1286,( ( True or False ) or ( False or True ) ) or ( not ( False and True ) ) is,( ( False or True ) or ( True or False ) ) or ( not ( True and False ) ) is,,6110,6110
1287,( False and False ) or ( ( False and True ) and True ) is,( True and True ) or ( ( True and False ) and False ) is,,8250,8250
1288,( ( True or True ) and ( not True ) ) or ( False and False ) is,( ( False or False ) and ( not False ) ) or ( True and True ) is,,8250,8250
1289,False or ( ( True and True ) and ( True or False ) ) is,True or ( ( False and False ) and ( False or True ) ) is,,6110,6110
1290,( ( True and False ) and ( not False ) ) and ( True or True ) is,( ( False and True ) and ( not True ) ) and ( False or False ) is,,8250,8250
1291,( False or ( True or True ) ) and False is,( True or ( False or False ) ) and True is,,8250,8250
1292,( ( not False ) and False ) and ( ( not True ) or False ) is,( ( not True ) and True ) and ( ( not False ) or True ) is,,8250,8250
1293,( not ( not False ) ) or ( ( True or False ) or False ) is,( not ( not True ) ) or ( ( False or True ) or True ) is,,6110,6110
1294,False or ( ( True or True ) or ( not True ) ) is,True or ( ( False or False ) or ( not False ) ) is,,6110,6110
1295,( not ( False or False ) ) and ( not ( not True ) ) is,( not ( True or True ) ) and ( not ( not False ) ) is,,6110,6110
1296,( not ( False or True ) ) or ( ( True or True ) and ( False or False ) ) is,( not ( True or False ) ) or ( ( False or False ) and ( True or True ) ) is,,8250,8250
1297,( ( not False ) and ( True or True ) ) and ( not False ) is,( ( not True ) and ( False or False ) ) and ( not True ) is,,6110,6110
1298,True or ( True and ( not False ) ) is,False or ( False and ( not True ) ) is,,6110,6110
1299,( True and False ) and ( not ( True or False ) ) is,( False and True ) and ( not ( False or True ) ) is,,8250,8250
1300,( not ( False and True ) ) and ( not ( True and True ) ) is,( not ( True and False ) ) and ( not ( False and False ) ) is,,8250,8250
1301,( True or False ) or ( True and ( False or False ) ) is,( False or True ) or ( False and ( True or True ) ) is,,6110,6110
1302,( ( True and False ) or True ) and ( False and ( not True ) ) is,( ( False and True ) or False ) and ( True and ( not False ) ) is,,8250,8250
1303,( not True ) or ( ( True and False ) and ( False or True ) ) is,( not False ) or ( ( False and True ) and ( True or False ) ) is,,8250,8250
1304,( True and True ) or ( ( True and True ) and ( False and False ) ) is,( False and False ) or ( ( False and False ) and ( True and True ) ) is,,6110,6110
1305,( ( True and True ) and ( not False ) ) and ( not False ) is,( ( False and False ) and ( not True ) ) and ( not True ) is,,6110,6110
1306,( True and False ) or ( ( not True ) or ( False and False ) ) is,( False and True ) or ( ( not False ) or ( True and True ) ) is,,8250,8250
1307,True and ( ( not True ) and ( True and False ) ) is,False and ( ( not False ) and ( False and True ) ) is,,8250,8250
1308,( True and False ) or ( True and ( not False ) ) is,( False and True ) or ( False and ( not True ) ) is,,6110,6110
1309,( True or ( True or True ) ) or ( False or False ) is,( False or ( False or False ) ) or ( True or True ) is,,6110,6110
1310,( ( False and True ) or False ) and ( ( not False ) and True ) is,( ( True and False ) or True ) and ( ( not True ) and False ) is,,8250,8250
1311,( True or ( not False ) ) and ( ( False and False ) and True ) is,( False or ( not True ) ) and ( ( True and True ) and False ) is,,8250,8250
1312,( ( not True ) and True ) and ( ( not False ) or True ) is,( ( not False ) and False ) and ( ( not True ) or False ) is,,8250,8250
1313,( ( not False ) or False ) or ( ( False or False ) and ( False or False ) ) is,( ( not True ) or True ) or ( ( True or True ) and ( True or True ) ) is,,6110,6110
1314,( True or ( not False ) ) or ( ( not True ) and False ) is,( False or ( not True ) ) or ( ( not False ) and True ) is,,6110,6110
1315,( not False ) or ( ( not False ) or ( not False ) ) is,( not True ) or ( ( not True ) or ( not True ) ) is,,6110,6110
1316,( True or ( True and False ) ) or ( True and ( False or True ) ) is,( False or ( False and True ) ) or ( False and ( True or False ) ) is,,6110,6110
1317,( not False ) or ( False or False ) is,( not True ) or ( True or True ) is,,6110,6110
1318,( not ( False and False ) ) and ( True or False ) is,( not ( True and True ) ) and ( False or True ) is,,6110,6110
1319,( not False ) and ( ( not True ) and ( False and True ) ) is,( not True ) and ( ( not False ) and ( True and False ) ) is,,8250,8250
1320,( True or True ) and ( False and False ) is,( False or False ) and ( True and True ) is,,8250,8250
1321,( ( False or False ) or True ) and ( False and False ) is,( ( True or True ) or False ) and ( True and True ) is,,8250,8250
1322,True and ( ( False and False ) and ( True and False ) ) is,False and ( ( True and True ) and ( False and True ) ) is,,8250,8250
1323,( not ( True or False ) ) and ( False or ( True or False ) ) is,( not ( False or True ) ) and ( True or ( False or True ) ) is,,8250,8250
1324,( True and ( False and False ) ) or ( not ( not False ) ) is,( False and ( True and True ) ) or ( not ( not True ) ) is,,8250,8250
1325,( ( not False ) and ( False and True ) ) or ( ( not False ) or ( True and True ) ) is,( ( not True ) and ( True and False ) ) or ( ( not True ) or ( False and False ) ) is,,6110,6110
1326,( ( True or True ) and False ) and ( False or True ) is,( ( False or False ) and True ) and ( True or False ) is,,8250,8250
1327,( True and True ) or ( False and ( True or False ) ) is,( False and False ) or ( True and ( False or True ) ) is,,6110,6110
1328,( ( not False ) and ( not True ) ) or ( False and ( not True ) ) is,( ( not True ) and ( not False ) ) or ( True and ( not False ) ) is,,8250,8250
1329,( not ( False and False ) ) or ( True and ( True or True ) ) is,( not ( True and True ) ) or ( False and ( False or False ) ) is,,6110,6110
1330,( ( False or True ) and False ) and ( not ( False or True ) ) is,( ( True or False ) and True ) and ( not ( True or False ) ) is,,8250,8250
1331,( not False ) and ( ( True or False ) or False ) is,( not True ) and ( ( False or True ) or True ) is,,6110,6110
1332,False and ( ( True and False ) or ( not False ) ) is,True and ( ( False and True ) or ( not True ) ) is,,8250,8250
1333,( False or False ) and ( not ( False and True ) ) is,( True or True ) and ( not ( True and False ) ) is,,8250,8250
1334,( not False ) or ( ( not False ) or ( True or False ) ) is,( not True ) or ( ( not True ) or ( False or True ) ) is,,6110,6110
1335,( ( True or False ) and False ) or ( ( not False ) or False ) is,( ( False or True ) and True ) or ( ( not True ) or True ) is,,6110,6110
1336,( ( not False ) or ( False and False ) ) and True is,( ( not True ) or ( True and True ) ) and False is,,6110,6110
1337,( not ( not False ) ) or ( ( False or False ) or ( True or False ) ) is,( not ( not True ) ) or ( ( True or True ) or ( False or True ) ) is,,6110,6110
1338,( ( True or False ) or ( True or True ) ) or False is,( ( False or True ) or ( False or False ) ) or True is,,6110,6110
1339,( True or ( True and True ) ) and ( True and True ) is,( False or ( False and False ) ) and ( False and False ) is,,6110,6110
1340,( True and ( not True ) ) or ( ( True and False ) or ( not False ) ) is,( False and ( not False ) ) or ( ( False and True ) or ( not True ) ) is,,6110,6110
1341,( not ( False or False ) ) or ( False and True ) is,( not ( True or True ) ) or ( True and False ) is,,6110,6110
1342,True or ( True and ( False and False ) ) is,False or ( False and ( True and True ) ) is,,6110,6110
1343,( False or False ) and ( ( not True ) or False ) is,( True or True ) and ( ( not False ) or True ) is,,8250,8250
1344,( ( not False ) and ( False or True ) ) and ( ( not True ) or True ) is,( ( not True ) and ( True or False ) ) and ( ( not False ) or False ) is,,6110,6110
1345,( True and False ) and ( ( not False ) or True ) is,( False and True ) and ( ( not True ) or False ) is,,8250,8250
1346,( True or ( not True ) ) and True is,( False or ( not False ) ) and False is,,6110,6110
1347,False and ( False or ( True or False ) ) is,True and ( True or ( False or True ) ) is,,8250,8250
1348,( ( False and True ) or ( not True ) ) or ( ( False or False ) and False ) is,( ( True and False ) or ( not False ) ) or ( ( True or True ) and True ) is,,8250,8250
1349,( ( not True ) and ( True or True ) ) or ( False and True ) is,( ( not False ) and ( False or False ) ) or ( True and False ) is,,8250,8250
1350,( ( False or True ) or ( True and False ) ) or ( False and True ) is,( ( True or False ) or ( False and True ) ) or ( True and False ) is,,6110,6110
1351,( ( not False ) or ( True or False ) ) and ( not True ) is,( ( not True ) or ( False or True ) ) and ( not False ) is,,8250,8250
1352,( True or True ) or ( ( not False ) or False ) is,( False or False ) or ( ( not True ) or True ) is,,6110,6110
1353,( False or ( not False ) ) and ( False and ( True and False ) ) is,( True or ( not True ) ) and ( True and ( False and True ) ) is,,8250,8250
1354,( True or True ) or ( False and ( True and False ) ) is,( False or False ) or ( True and ( False and True ) ) is,,6110,6110
1355,( True and ( True and False ) ) and ( True and ( True and True ) ) is,( False and ( False and True ) ) and ( False and ( False and False ) ) is,,8250,8250
1356,( True or False ) and ( ( False or True ) and ( not True ) ) is,( False or True ) and ( ( True or False ) and ( not False ) ) is,,8250,8250
1357,True or ( False or True ) is,False or ( True or False ) is,,6110,6110
1358,( not ( True or True ) ) or True is,( not ( False or False ) ) or False is,,6110,6110
1359,( not ( True or True ) ) and ( ( True or False ) or False ) is,( not ( False or False ) ) and ( ( False or True ) or True ) is,,8250,8250
1360,( ( not False ) or True ) or False is,( ( not True ) or False ) or True is,,6110,6110
1361,( True or False ) or ( True and ( False and False ) ) is,( False or True ) or ( False and ( True and True ) ) is,,6110,6110
1362,( ( False or True ) and ( not True ) ) or ( True and ( False or True ) ) is,( ( True or False ) and ( not False ) ) or ( False and ( True or False ) ) is,,6110,6110
1363,( False or ( True or False ) ) or ( True or False ) is,( True or ( False or True ) ) or ( False or True ) is,,6110,6110
1364,True and ( ( True or True ) and ( True and False ) ) is,False and ( ( False or False ) and ( False and True ) ) is,,8250,8250
1365,( ( False and False ) or True ) or ( False and ( True or True ) ) is,( ( True and True ) or False ) or ( True and ( False or False ) ) is,,6110,6110
1366,( ( not False ) or ( not False ) ) and ( not False ) is,( ( not True ) or ( not True ) ) and ( not True ) is,,6110,6110
1367,( ( not False ) and ( True and False ) ) or ( ( not True ) and True ) is,( ( not True ) and ( False and True ) ) or ( ( not False ) and False ) is,,8250,8250
1368,( not ( not False ) ) or ( True or ( True and True ) ) is,( not ( not True ) ) or ( False or ( False and False ) ) is,,6110,6110
1369,( ( not False ) or ( True or False ) ) or ( not ( not True ) ) is,( ( not True ) or ( False or True ) ) or ( not ( not False ) ) is,,6110,6110
1370,( True and ( not True ) ) or ( False and False ) is,( False and ( not False ) ) or ( True and True ) is,,8250,8250
1371,( ( not False ) and True ) or ( True or True ) is,( ( not True ) and False ) or ( False or False ) is,,6110,6110
1372,( ( True or False ) or ( not False ) ) or ( True or False ) is,( ( False or True ) or ( not True ) ) or ( False or True ) is,,6110,6110
1373,( ( not True ) and ( True or True ) ) and ( False or False ) is,( ( not False ) and ( False or False ) ) and ( True or True ) is,,8250,8250
1374,( ( False or True ) or False ) and ( True or True ) is,( ( True or False ) or True ) and ( False or False ) is,,6110,6110
1375,( not ( not False ) ) or ( ( True or True ) or ( False and True ) ) is,( not ( not True ) ) or ( ( False or False ) or ( True and False ) ) is,,6110,6110
1376,( not ( True and False ) ) or ( ( not False ) or ( False or True ) ) is,( not ( False and True ) ) or ( ( not True ) or ( True or False ) ) is,,6110,6110
1377,( False and False ) or ( False or ( True or True ) ) is,( True and True ) or ( True or ( False or False ) ) is,,6110,6110
1378,( False or ( not False ) ) and True is,( True or ( not True ) ) and False is,,6110,6110
1379,( False and ( not False ) ) and True is,( True and ( not True ) ) and False is,,8250,8250
1380,( True or ( True and False ) ) or ( False and True ) is,( False or ( False and True ) ) or ( True and False ) is,,6110,6110
1381,( not True ) or ( ( not True ) and False ) is,( not False ) or ( ( not False ) and True ) is,,8250,8250
1382,( ( True or True ) or False ) or ( not ( True or False ) ) is,( ( False or False ) or True ) or ( not ( False or True ) ) is,,6110,6110
1383,( not ( True or True ) ) and ( True or False ) is,( not ( False or False ) ) and ( False or True ) is,,8250,8250
1384,( True or ( True or True ) ) and ( not False ) is,( False or ( False or False ) ) and ( not True ) is,,6110,6110
1385,( not ( True or True ) ) and ( False and ( True and True ) ) is,( not ( False or False ) ) and ( True and ( False and False ) ) is,,8250,8250
1386,( not ( False and True ) ) and ( ( True and False ) or False ) is,( not ( True and False ) ) and ( ( False and True ) or True ) is,,8250,8250
1387,( ( True or False ) and False ) and ( not ( False or False ) ) is,( ( False or True ) and True ) and ( not ( True or True ) ) is,,8250,8250
1388,( ( False or False ) and False ) or False is,( ( True or True ) and True ) or True is,,8250,8250
1389,( ( True or False ) and ( not True ) ) and ( not True ) is,( ( False or True ) and ( not False ) ) and ( not False ) is,,8250,8250
1390,( ( False or False ) and ( True or True ) ) and ( False or False ) is,( ( True or True ) and ( False or False ) ) and ( True or True ) is,,8250,8250
1391,False and ( ( not True ) or ( False or True ) ) is,True and ( ( not False ) or ( True or False ) ) is,,8250,8250
1392,( ( False or False ) or ( True and True ) ) and ( not False ) is,( ( True or True ) or ( False and False ) ) and ( not True ) is,,6110,6110
1393,( True or True ) and ( not ( True or True ) ) is,( False or False ) and ( not ( False or False ) ) is,,8250,8250
1394,( False and ( not False ) ) or ( True and False ) is,( True and ( not True ) ) or ( False and True ) is,,8250,8250
1395,True or ( ( False and True ) and False ) is,False or ( ( True and False ) and True ) is,,6110,6110
1396,( not True ) and ( ( not False ) and ( not True ) ) is,( not False ) and ( ( not True ) and ( not False ) ) is,,8250,8250
1397,( not ( False or True ) ) and ( ( False and True ) and ( False and True ) ) is,( not ( True or False ) ) and ( ( True and False ) and ( True and False ) ) is,,8250,8250
1398,( True or True ) or ( ( not True ) and ( True or False ) ) is,( False or False ) or ( ( not False ) and ( False or True ) ) is,,6110,6110
1399,( ( False or True ) and ( True and True ) ) or ( False or False ) is,( ( True or False ) and ( False and False ) ) or ( True or True ) is,,6110,6110
1400,( not ( not True ) ) or ( not True ) is,( not ( not False ) ) or ( not False ) is,,6110,6110
1401,( ( False and True ) or ( True and True ) ) or ( False and True ) is,( ( True and False ) or ( False and False ) ) or ( True and False ) is,,6110,6110
1402,( not True ) and ( False or ( False or False ) ) is,( not False ) and ( True or ( True or True ) ) is,,8250,8250
1403,True and ( True or ( False or False ) ) is,False and ( False or ( True or True ) ) is,,6110,6110
1404,( True or ( True and False ) ) or ( True or True ) is,( False or ( False and True ) ) or ( False or False ) is,,6110,6110
1405,True and ( ( False and True ) and ( True and True ) ) is,False and ( ( True and False ) and ( False and False ) ) is,,8250,8250
1406,False and ( ( False and True ) and False ) is,True and ( ( True and False ) and True ) is,,8250,8250
1407,( False and False ) or ( False and ( False or True ) ) is,( True and True ) or ( True and ( True or False ) ) is,,8250,8250
1408,( ( False or False ) or False ) or ( False or True ) is,( ( True or True ) or True ) or ( True or False ) is,,6110,6110
1409,( True and True ) and ( False and ( True or True ) ) is,( False and False ) and ( True and ( False or False ) ) is,,8250,8250
1410,( not ( False or True ) ) and False is,( not ( True or False ) ) and True is,,8250,8250
1411,True or ( ( not False ) or ( False or False ) ) is,False or ( ( not True ) or ( True or True ) ) is,,6110,6110
1412,( False or True ) and ( ( False or True ) and ( not False ) ) is,( True or False ) and ( ( True or False ) and ( not True ) ) is,,6110,6110
1413,( True or ( True or False ) ) or ( ( False and False ) and False ) is,( False or ( False or True ) ) or ( ( True and True ) and True ) is,,6110,6110
1414,( True or True ) and ( False and ( True or True ) ) is,( False or False ) and ( True and ( False or False ) ) is,,8250,8250
1415,( ( True or False ) and ( False and False ) ) and ( not ( not False ) ) is,( ( False or True ) and ( True and True ) ) and ( not ( not True ) ) is,,8250,8250
1416,( True or False ) or ( True and ( False or True ) ) is,( False or True ) or ( False and ( True or False ) ) is,,6110,6110
1417,( ( True and True ) and False ) or ( True or True ) is,( ( False and False ) and True ) or ( False or False ) is,,6110,6110
1418,( not ( True and True ) ) or ( True or False ) is,( not ( False and False ) ) or ( False or True ) is,,6110,6110
1419,( not True ) and ( ( not True ) and ( not True ) ) is,( not False ) and ( ( not False ) and ( not False ) ) is,,8250,8250
1420,( not ( not False ) ) or ( not True ) is,( not ( not True ) ) or ( not False ) is,,8250,8250
1421,( ( not False ) or ( True and True ) ) and ( True or False ) is,( ( not True ) or ( False and False ) ) and ( False or True ) is,,6110,6110
1422,( True or True ) and ( ( False or True ) and False ) is,( False or False ) and ( ( True or False ) and True ) is,,8250,8250
1423,( True and ( not True ) ) and ( not False ) is,( False and ( not False ) ) and ( not True ) is,,8250,8250
1424,True and ( False and ( True and True ) ) is,False and ( True and ( False and False ) ) is,,8250,8250
1425,( not True ) and ( True and ( False or True ) ) is,( not False ) and ( False and ( True or False ) ) is,,8250,8250
1426,( True or False ) or ( ( not True ) and True ) is,( False or True ) or ( ( not False ) and False ) is,,6110,6110
1427,( not True ) or ( ( not False ) and ( not True ) ) is,( not False ) or ( ( not True ) and ( not False ) ) is,,8250,8250
1428,( ( True and False ) or True ) and False is,( ( False and True ) or False ) and True is,,8250,8250
1429,( False or ( False or False ) ) and ( True and True ) is,( True or ( True or True ) ) and ( False and False ) is,,8250,8250
1430,( True and True ) and ( ( False or False ) or True ) is,( False and False ) and ( ( True or True ) or False ) is,,6110,6110
1431,( not ( not True ) ) and ( not ( not True ) ) is,( not ( not False ) ) and ( not ( not False ) ) is,,6110,6110
1432,( ( False and True ) or ( not False ) ) and ( True or True ) is,( ( True and False ) or ( not True ) ) and ( False or False ) is,,6110,6110
1433,( ( True and True ) or False ) or ( ( not False ) and True ) is,( ( False and False ) or True ) or ( ( not True ) and False ) is,,6110,6110
1434,( ( True or False ) and True ) or ( not False ) is,( ( False or True ) and False ) or ( not True ) is,,6110,6110
1435,( True or True ) and ( True and True ) is,( False or False ) and ( False and False ) is,,6110,6110
1436,( False and False ) and ( ( not True ) and ( not True ) ) is,( True and True ) and ( ( not False ) and ( not False ) ) is,,8250,8250
1437,( not ( not True ) ) or ( ( not True ) or ( True or False ) ) is,( not ( not False ) ) or ( ( not False ) or ( False or True ) ) is,,6110,6110
1438,( False and ( not True ) ) or ( False and ( not True ) ) is,( True and ( not False ) ) or ( True and ( not False ) ) is,,8250,8250
1439,( False and ( not False ) ) or False is,( True and ( not True ) ) or True is,,8250,8250
1440,( ( not False ) or True ) and ( True or False ) is,( ( not True ) or False ) and ( False or True ) is,,6110,6110
1441,( ( not False ) or ( False and True ) ) or ( False or False ) is,( ( not True ) or ( True and False ) ) or ( True or True ) is,,6110,6110
1442,( ( False and True ) and False ) and ( ( False and False ) and True ) is,( ( True and False ) and True ) and ( ( True and True ) and False ) is,,8250,8250
1443,( False or ( False or False ) ) or ( True and False ) is,( True or ( True or True ) ) or ( False and True ) is,,8250,8250
1444,( True and ( False and False ) ) and ( not False ) is,( False and ( True and True ) ) and ( not True ) is,,8250,8250
1445,True and ( ( True or False ) or ( not True ) ) is,False and ( ( False or True ) or ( not False ) ) is,,6110,6110
1446,( not False ) and ( ( not False ) or ( False and False ) ) is,( not True ) and ( ( not True ) or ( True and True ) ) is,,6110,6110
1447,( False and ( not False ) ) and ( ( True and False ) or True ) is,( True and ( not True ) ) and ( ( False and True ) or False ) is,,8250,8250
1448,( ( False and True ) or False ) or ( True or ( True or True ) ) is,( ( True and False ) or True ) or ( False or ( False or False ) ) is,,6110,6110
1449,False and ( ( not False ) and False ) is,True and ( ( not True ) and True ) is,,8250,8250
1450,( not True ) or ( ( not False ) or ( not True ) ) is,( not False ) or ( ( not True ) or ( not False ) ) is,,6110,6110
1451,( True and True ) and ( False or ( True or True ) ) is,( False and False ) and ( True or ( False or False ) ) is,,6110,6110
1452,( False and ( False and False ) ) and ( not ( not True ) ) is,( True and ( True and True ) ) and ( not ( not False ) ) is,,8250,8250
1453,( ( True or False ) or False ) and True is,( ( False or True ) or True ) and False is,,6110,6110
1454,( False and False ) and ( True and False ) is,( True and True ) and ( False and True ) is,,8250,8250
1455,False and ( ( not True ) and True ) is,True and ( ( not False ) and False ) is,,8250,8250
1456,( False and True ) and ( ( not True ) or ( False and False ) ) is,( True and False ) and ( ( not False ) or ( True and True ) ) is,,8250,8250
1457,( ( True or False ) and True ) and ( ( True and False ) and ( not True ) ) is,( ( False or True ) and False ) and ( ( False and True ) and ( not False ) ) is,,8250,8250
1458,( ( False or True ) or True ) and ( True or ( True or False ) ) is,( ( True or False ) or False ) and ( False or ( False or True ) ) is,,6110,6110
1459,( False and ( not True ) ) and ( False and False ) is,( True and ( not False ) ) and ( True and True ) is,,8250,8250
1460,( ( True or True ) or ( False or True ) ) or False is,( ( False or False ) or ( True or False ) ) or True is,,6110,6110
1461,( True or ( not False ) ) and ( False or True ) is,( False or ( not True ) ) and ( True or False ) is,,6110,6110
1462,( ( not False ) and False ) and ( False and False ) is,( ( not True ) and True ) and ( True and True ) is,,8250,8250
1463,( False and ( True and False ) ) and ( not ( not False ) ) is,( True and ( False and True ) ) and ( not ( not True ) ) is,,8250,8250
1464,( True and ( not True ) ) or ( False or ( True and False ) ) is,( False and ( not False ) ) or ( True or ( False and True ) ) is,,8250,8250
1465,( ( True and False ) or False ) and False is,( ( False and True ) or True ) and True is,,8250,8250
1466,( ( not True ) and ( not False ) ) and ( True or ( False and True ) ) is,( ( not False ) and ( not True ) ) and ( False or ( True and False ) ) is,,8250,8250
1467,( False and True ) and ( ( True and True ) or ( not False ) ) is,( True and False ) and ( ( False and False ) or ( not True ) ) is,,8250,8250
1468,( ( True and False ) and ( not True ) ) or ( True and True ) is,( ( False and True ) and ( not False ) ) or ( False and False ) is,,6110,6110
1469,( ( not False ) or ( not False ) ) or ( True and True ) is,( ( not True ) or ( not True ) ) or ( False and False ) is,,6110,6110
1470,( ( not True ) and False ) or ( ( False and True ) or True ) is,( ( not False ) and True ) or ( ( True and False ) or False ) is,,6110,6110
1471,( ( False or False ) and True ) or True is,( ( True or True ) and False ) or False is,,6110,6110
1472,( True or True ) and ( ( True or False ) and ( False and True ) ) is,( False or False ) and ( ( False or True ) and ( True and False ) ) is,,8250,8250
1473,True and ( not ( False and False ) ) is,False and ( not ( True and True ) ) is,,6110,6110
1474,( ( True and False ) or ( False and False ) ) or ( not ( False and True ) ) is,( ( False and True ) or ( True and True ) ) or ( not ( True and False ) ) is,,6110,6110
1475,( False and ( False and True ) ) or ( True or True ) is,( True and ( True and False ) ) or ( False or False ) is,,6110,6110
1476,( not ( False and False ) ) and ( True and ( False and False ) ) is,( not ( True and True ) ) and ( False and ( True and True ) ) is,,8250,8250
1477,( ( False or False ) or False ) and ( True or ( not True ) ) is,( ( True or True ) or True ) and ( False or ( not False ) ) is,,8250,8250
1478,( True or False ) and ( ( True and True ) and False ) is,( False or True ) and ( ( False and False ) and True ) is,,8250,8250
1479,True and ( ( False and False ) and ( True and True ) ) is,False and ( ( True and True ) and ( False and False ) ) is,,8250,8250
1480,( ( False or False ) and False ) and ( not ( True or True ) ) is,( ( True or True ) and True ) and ( not ( False or False ) ) is,,8250,8250
1481,( ( not True ) or False ) and False is,( ( not False ) or True ) and True is,,8250,8250
1482,( False or True ) or ( False and False ) is,( True or False ) or ( True and True ) is,,6110,6110
1483,( True or ( False and True ) ) or ( True and True ) is,( False or ( True and False ) ) or ( False and False ) is,,6110,6110
1484,( ( not True ) and ( False and False ) ) or ( not False ) is,( ( not False ) and ( True and True ) ) or ( not True ) is,,6110,6110
1485,( True and False ) or ( ( not True ) or True ) is,( False and True ) or ( ( not False ) or False ) is,,6110,6110
1486,( not True ) or ( False or ( False and False ) ) is,( not False ) or ( True or ( True and True ) ) is,,8250,8250
1487,( ( True and True ) or True ) or ( True and ( False or True ) ) is,( ( False and False ) or False ) or ( False and ( True or False ) ) is,,6110,6110
1488,( not False ) and ( not ( True and True ) ) is,( not True ) and ( not ( False and False ) ) is,,8250,8250
1489,( ( False and False ) or ( True and False ) ) or ( True or False ) is,( ( True and True ) or ( False and True ) ) or ( False or True ) is,,6110,6110
1490,( ( True and True ) or ( False or False ) ) and ( ( not True ) or ( not False ) ) is,( ( False and False ) or ( True or True ) ) and ( ( not False ) or ( not True ) ) is,,6110,6110
1491,( ( True or True ) or False ) and ( ( True or True ) and False ) is,( ( False or False ) or True ) and ( ( False or False ) and True ) is,,8250,8250
1492,( True or ( False or False ) ) and ( True or True ) is,( False or ( True or True ) ) and ( False or False ) is,,6110,6110
1493,True or ( ( True or True ) or False ) is,False or ( ( False or False ) or True ) is,,6110,6110
1494,( ( False or False ) or ( True and False ) ) or False is,( ( True or True ) or ( False and True ) ) or True is,,8250,8250
1495,( False or ( True or True ) ) or ( False or ( True or True ) ) is,( True or ( False or False ) ) or ( True or ( False or False ) ) is,,6110,6110
1496,( not ( not False ) ) or ( not ( True or False ) ) is,( not ( not True ) ) or ( not ( False or True ) ) is,,8250,8250
1497,( ( True and True ) or False ) or ( True or False ) is,( ( False and False ) or True ) or ( False or True ) is,,6110,6110
1498,( ( True and True ) or True ) and ( False and False ) is,( ( False and False ) or False ) and ( True and True ) is,,8250,8250
1499,( True or False ) or ( ( not False ) and ( True and True ) ) is,( False or True ) or ( ( not True ) and ( False and False ) ) is,,6110,6110
1500,( ( False and True ) and True ) or ( ( False and True ) or True ) is,( ( True and False ) and False ) or ( ( True and False ) or False ) is,,6110,6110
1501,( ( True and True ) and True ) or ( ( not True ) and True ) is,( ( False and False ) and False ) or ( ( not False ) and False ) is,,6110,6110
1502,( False or True ) and ( ( False and False ) or ( True and True ) ) is,( True or False ) and ( ( True and True ) or ( False and False ) ) is,,6110,6110
1503,( ( not True ) and ( False and True ) ) or ( not ( not False ) ) is,( ( not False ) and ( True and False ) ) or ( not ( not True ) ) is,,8250,8250
1504,( ( True and False ) or True ) or ( False and ( not False ) ) is,( ( False and True ) or False ) or ( True and ( not True ) ) is,,6110,6110
1505,( False or True ) or ( False and ( False and True ) ) is,( True or False ) or ( True and ( True and False ) ) is,,6110,6110
1506,( False or False ) and ( True or ( True or True ) ) is,( True or True ) and ( False or ( False or False ) ) is,,8250,8250
1507,( True and True ) or ( not ( not False ) ) is,( False and False ) or ( not ( not True ) ) is,,6110,6110
1508,( ( True or True ) and ( False and False ) ) or ( False or False ) is,( ( False or False ) and ( True and True ) ) or ( True or True ) is,,8250,8250
1509,( ( True or True ) or False ) or ( ( not False ) and True ) is,( ( False or False ) or True ) or ( ( not True ) and False ) is,,6110,6110
1510,( ( False or False ) and False ) and ( not ( True and False ) ) is,( ( True or True ) and True ) and ( not ( False and True ) ) is,,8250,8250
1511,( False and ( not True ) ) and False is,( True and ( not False ) ) and True is,,8250,8250
1512,False or ( ( not False ) and ( False and False ) ) is,True or ( ( not True ) and ( True and True ) ) is,,8250,8250
1513,( not ( not True ) ) or ( ( False and True ) or True ) is,( not ( not False ) ) or ( ( True and False ) or False ) is,,6110,6110
1514,( ( not False ) and ( True or True ) ) and ( ( False or False ) and True ) is,( ( not True ) and ( False or False ) ) and ( ( True or True ) and False ) is,,8250,8250
1515,( ( not True ) or ( not True ) ) and ( ( not True ) or True ) is,( ( not False ) or ( not False ) ) and ( ( not False ) or False ) is,,8250,8250
1516,( ( not False ) and ( not True ) ) and ( not ( not False ) ) is,( ( not True ) and ( not False ) ) and ( not ( not True ) ) is,,8250,8250
1517,( not ( not True ) ) or ( True or True ) is,( not ( not False ) ) or ( False or False ) is,,6110,6110
1518,False and ( ( False and False ) or ( not True ) ) is,True and ( ( True and True ) or ( not False ) ) is,,8250,8250
1519,( ( not True ) and False ) or ( False and ( not False ) ) is,( ( not False ) and True ) or ( True and ( not True ) ) is,,8250,8250
1520,( ( not True ) or False ) or ( not ( True and True ) ) is,( ( not False ) or True ) or ( not ( False and False ) ) is,,8250,8250
1521,( True or True ) and ( False and ( not False ) ) is,( False or False ) and ( True and ( not True ) ) is,,8250,8250
1522,( ( True or False ) or True ) or ( True and False ) is,( ( False or True ) or False ) or ( False and True ) is,,6110,6110
1523,True or ( ( not True ) or ( not True ) ) is,False or ( ( not False ) or ( not False ) ) is,,6110,6110
1524,( not ( True and True ) ) and ( True and ( True or True ) ) is,( not ( False and False ) ) and ( False and ( False or False ) ) is,,8250,8250
1525,True or ( False and ( True and False ) ) is,False or ( True and ( False and True ) ) is,,6110,6110
1526,( ( not False ) or ( False or False ) ) and False is,( ( not True ) or ( True or True ) ) and True is,,8250,8250
1527,( ( False and False ) or True ) or ( not True ) is,( ( True and True ) or False ) or ( not False ) is,,6110,6110
1528,( not False ) and ( False and ( True or False ) ) is,( not True ) and ( True and ( False or True ) ) is,,8250,8250
1529,( ( not True ) or ( False and False ) ) and ( True or True ) is,( ( not False ) or ( True and True ) ) and ( False or False ) is,,8250,8250
1530,( False and True ) and ( ( False and True ) and False ) is,( True and False ) and ( ( True and False ) and True ) is,,8250,8250
1531,True and ( ( not True ) and ( not False ) ) is,False and ( ( not False ) and ( not True ) ) is,,8250,8250
1532,( False and ( not True ) ) and ( False or ( not True ) ) is,( True and ( not False ) ) and ( True or ( not False ) ) is,,8250,8250
1533,( False and False ) and ( True and ( True and False ) ) is,( True and True ) and ( False and ( False and True ) ) is,,8250,8250
1534,( not ( not False ) ) or ( ( not False ) or ( not False ) ) is,( not ( not True ) ) or ( ( not True ) or ( not True ) ) is,,6110,6110
1535,( ( not True ) and False ) or ( not ( False and False ) ) is,( ( not False ) and True ) or ( not ( True and True ) ) is,,6110,6110
1536,( ( True or True ) or False ) or ( not ( False or False ) ) is,( ( False or False ) or True ) or ( not ( True or True ) ) is,,6110,6110
1537,( not ( False or False ) ) or ( not ( False or False ) ) is,( not ( True or True ) ) or ( not ( True or True ) ) is,,6110,6110
1538,( not ( True and False ) ) or ( False and ( False and True ) ) is,( not ( False and True ) ) or ( True and ( True and False ) ) is,,6110,6110
1539,( not ( False or False ) ) or ( not ( True and False ) ) is,( not ( True or True ) ) or ( not ( False and True ) ) is,,6110,6110
1540,( True or ( not True ) ) and ( False and True ) is,( False or ( not False ) ) and ( True and False ) is,,8250,8250
1541,( ( True or False ) and True ) or ( True and True ) is,( ( False or True ) and False ) or ( False and False ) is,,6110,6110
1542,( True or False ) or ( True and ( True or True ) ) is,( False or True ) or ( False and ( False or False ) ) is,,6110,6110
1543,( True or False ) or ( True and ( True and False ) ) is,( False or True ) or ( False and ( False and True ) ) is,,6110,6110
1544,( False and True ) or ( ( True or True ) and ( False or False ) ) is,( True and False ) or ( ( False or False ) and ( True or True ) ) is,,8250,8250
1545,( not ( not True ) ) and ( ( True or False ) and ( False or False ) ) is,( not ( not False ) ) and ( ( False or True ) and ( True or True ) ) is,,8250,8250
1546,( True and True ) or ( False or ( False or False ) ) is,( False and False ) or ( True or ( True or True ) ) is,,6110,6110
1547,False or ( ( False and True ) or ( False or True ) ) is,True or ( ( True and False ) or ( True or False ) ) is,,6110,6110
1548,( ( not False ) or ( True and False ) ) and ( not True ) is,( ( not True ) or ( False and True ) ) and ( not False ) is,,8250,8250
1549,( False and ( True and True ) ) or ( False and False ) is,( True and ( False and False ) ) or ( True and True ) is,,8250,8250
1550,( not ( False or False ) ) and ( False and ( not True ) ) is,( not ( True or True ) ) and ( True and ( not False ) ) is,,8250,8250
1551,( False and True ) and ( ( not False ) and ( True or False ) ) is,( True and False ) and ( ( not True ) and ( False or True ) ) is,,8250,8250
1552,True and ( True and ( True or True ) ) is,False and ( False and ( False or False ) ) is,,6110,6110
1553,( ( False and False ) and ( True or True ) ) or False is,( ( True and True ) and ( False or False ) ) or True is,,8250,8250
1554,( False or ( True or False ) ) or ( not ( False and True ) ) is,( True or ( False or True ) ) or ( not ( True and False ) ) is,,6110,6110
1555,( not ( not False ) ) and ( True or ( True or True ) ) is,( not ( not True ) ) and ( False or ( False or False ) ) is,,8250,8250
1556,( ( False or False ) and False ) and ( True or ( not True ) ) is,( ( True or True ) and True ) and ( False or ( not False ) ) is,,8250,8250
1557,( ( not False ) and False ) or ( True or False ) is,( ( not True ) and True ) or ( False or True ) is,,6110,6110
1558,( False or True ) or True is,( True or False ) or False is,,6110,6110
1559,( True or ( not False ) ) or ( not ( False or True ) ) is,( False or ( not True ) ) or ( not ( True or False ) ) is,,6110,6110
1560,( False and True ) or ( ( False and True ) or False ) is,( True and False ) or ( ( True and False ) or True ) is,,8250,8250
1561,( True or ( not False ) ) or True is,( False or ( not True ) ) or False is,,6110,6110
1562,( True or True ) or ( ( True or False ) and ( True and False ) ) is,( False or False ) or ( ( False or True ) and ( False and True ) ) is,,6110,6110
1563,( ( True or True ) or ( True or False ) ) and ( not True ) is,( ( False or False ) or ( False or True ) ) and ( not False ) is,,8250,8250
1564,True or ( ( False and True ) and ( True and False ) ) is,False or ( ( True and False ) and ( False and True ) ) is,,6110,6110
1565,( not ( True and True ) ) and ( True and ( not False ) ) is,( not ( False and False ) ) and ( False and ( not True ) ) is,,8250,8250
1566,( ( True or False ) and True ) and ( ( True or False ) or True ) is,( ( False or True ) and False ) and ( ( False or True ) or False ) is,,6110,6110
1567,( False and True ) and ( True or ( False or False ) ) is,( True and False ) and ( False or ( True or True ) ) is,,8250,8250
1568,False or ( ( False or False ) and False ) is,True or ( ( True or True ) and True ) is,,8250,8250
1569,( ( not True ) or True ) or True is,( ( not False ) or False ) or False is,,6110,6110
1570,( ( not True ) or ( True or True ) ) or ( True or True ) is,( ( not False ) or ( False or False ) ) or ( False or False ) is,,6110,6110
1571,( not ( True or False ) ) and ( True or False ) is,( not ( False or True ) ) and ( False or True ) is,,8250,8250
1572,( True and ( True or False ) ) and ( not True ) is,( False and ( False or True ) ) and ( not False ) is,,8250,8250
1573,( ( False and True ) and True ) and ( ( not False ) and False ) is,( ( True and False ) and False ) and ( ( not True ) and True ) is,,8250,8250
1574,( True or True ) and ( ( False or True ) or False ) is,( False or False ) and ( ( True or False ) or True ) is,,6110,6110
1575,( ( False and False ) or False ) or ( False and False ) is,( ( True and True ) or True ) or ( True and True ) is,,8250,8250
1576,( ( True and True ) and False ) and ( ( not False ) and ( not False ) ) is,( ( False and False ) and True ) and ( ( not True ) and ( not True ) ) is,,8250,8250
1577,( ( False and False ) or ( False and False ) ) or False is,( ( True and True ) or ( True and True ) ) or True is,,8250,8250
1578,( False and ( True and True ) ) and True is,( True and ( False and False ) ) and False is,,8250,8250
1579,( ( False and True ) or ( False or False ) ) or False is,( ( True and False ) or ( True or True ) ) or True is,,8250,8250
1580,( ( True or False ) and ( not False ) ) and ( not True ) is,( ( False or True ) and ( not True ) ) and ( not False ) is,,8250,8250
1581,False or ( ( True or False ) and False ) is,True or ( ( False or True ) and True ) is,,8250,8250
1582,( not ( True and True ) ) or ( ( False and True ) and ( not False ) ) is,( not ( False and False ) ) or ( ( True and False ) and ( not True ) ) is,,8250,8250
1583,( ( False or False ) and False ) and ( not ( not False ) ) is,( ( True or True ) and True ) and ( not ( not True ) ) is,,8250,8250
1584,( True and False ) and ( True and True ) is,( False and True ) and ( False and False ) is,,8250,8250
1585,( ( False or False ) and ( False and False ) ) and ( False and False ) is,( ( True or True ) and ( True and True ) ) and ( True and True ) is,,8250,8250
1586,( ( True or False ) or True ) or ( True or False ) is,( ( False or True ) or False ) or ( False or True ) is,,6110,6110
1587,( True or False ) or ( False or False ) is,( False or True ) or ( True or True ) is,,6110,6110
1588,True and ( ( False and False ) and ( True or False ) ) is,False and ( ( True and True ) and ( False or True ) ) is,,8250,8250
1589,( ( not False ) and False ) or ( not False ) is,( ( not True ) and True ) or ( not True ) is,,6110,6110
1590,( not ( True or True ) ) and ( ( False or True ) or ( True and True ) ) is,( not ( False or False ) ) and ( ( True or False ) or ( False and False ) ) is,,8250,8250
1591,( True or ( False or True ) ) and ( ( not True ) and ( True or False ) ) is,( False or ( True or False ) ) and ( ( not False ) and ( False or True ) ) is,,8250,8250
1592,( True and True ) or ( ( True or True ) or False ) is,( False and False ) or ( ( False or False ) or True ) is,,6110,6110
1593,( not False ) or ( True and ( True and True ) ) is,( not True ) or ( False and ( False and False ) ) is,,6110,6110
1594,( False and ( not True ) ) and ( ( True and False ) and True ) is,( True and ( not False ) ) and ( ( False and True ) and False ) is,,8250,8250
1595,( not False ) and ( ( False and False ) and ( True or True ) ) is,( not True ) and ( ( True and True ) and ( False or False ) ) is,,8250,8250
1596,( ( False or False ) or ( True or False ) ) or ( not False ) is,( ( True or True ) or ( False or True ) ) or ( not True ) is,,6110,6110
1597,( not ( not False ) ) and ( False and False ) is,( not ( not True ) ) and ( True and True ) is,,8250,8250
1598,( False or ( True or True ) ) or ( False or ( not True ) ) is,( True or ( False or False ) ) or ( True or ( not False ) ) is,,6110,6110
1599,( True or ( not True ) ) or ( ( not False ) or ( True or True ) ) is,( False or ( not False ) ) or ( ( not True ) or ( False or False ) ) is,,6110,6110
1600,( not ( True and True ) ) and ( ( False or False ) and True ) is,( not ( False and False ) ) and ( ( True or True ) and False ) is,,8250,8250
1601,( ( not True ) or False ) and ( not ( False and False ) ) is,( ( not False ) or True ) and ( not ( True and True ) ) is,,8250,8250
1602,( False or ( True or True ) ) or ( False or True ) is,( True or ( False or False ) ) or ( True or False ) is,,6110,6110
1603,( not False ) and ( False or True ) is,( not True ) and ( True or False ) is,,6110,6110
1604,( ( True and False ) or ( True or False ) ) and True is,( ( False and True ) or ( False or True ) ) and False is,,6110,6110
1605,True and ( ( not False ) and ( True and False ) ) is,False and ( ( not True ) and ( False and True ) ) is,,8250,8250
1606,( True or ( not False ) ) or ( True and ( False or False ) ) is,( False or ( not True ) ) or ( False and ( True or True ) ) is,,6110,6110
1607,( ( not True ) or ( False and False ) ) and ( not False ) is,( ( not False ) or ( True and True ) ) and ( not True ) is,,8250,8250
1608,( ( not False ) or False ) or ( True and False ) is,( ( not True ) or True ) or ( False and True ) is,,6110,6110
1609,False and ( False and ( False or True ) ) is,True and ( True and ( True or False ) ) is,,8250,8250
1610,( not ( True and True ) ) or ( not ( True or True ) ) is,( not ( False and False ) ) or ( not ( False or False ) ) is,,8250,8250
1611,( ( True or False ) and ( False and False ) ) or ( not ( not True ) ) is,( ( False or True ) and ( True and True ) ) or ( not ( not False ) ) is,,6110,6110
1612,True or ( True and ( False or True ) ) is,False or ( False and ( True or False ) ) is,,6110,6110
1613,False or ( ( True and False ) or ( False and False ) ) is,True or ( ( False and True ) or ( True and True ) ) is,,8250,8250
1614,( True and ( False or True ) ) or ( not False ) is,( False and ( True or False ) ) or ( not True ) is,,6110,6110
1615,( ( False or True ) and True ) or True is,( ( True or False ) and False ) or False is,,6110,6110
1616,( ( True and False ) or ( True and True ) ) or True is,( ( False and True ) or ( False and False ) ) or False is,,6110,6110
1617,( ( True and True ) and True ) or ( ( not True ) and False ) is,( ( False and False ) and False ) or ( ( not False ) and True ) is,,6110,6110
1618,( not ( False or False ) ) and ( ( not True ) or ( not False ) ) is,( not ( True or True ) ) and ( ( not False ) or ( not True ) ) is,,6110,6110
1619,( not ( not True ) ) or ( True and ( not True ) ) is,( not ( not False ) ) or ( False and ( not False ) ) is,,6110,6110
1620,( not ( not True ) ) and ( False and ( True or True ) ) is,( not ( not False ) ) and ( True and ( False or False ) ) is,,8250,8250
1621,( False or ( True and False ) ) and ( not ( False or False ) ) is,( True or ( False and True ) ) and ( not ( True or True ) ) is,,8250,8250
1622,( ( False or True ) and True ) and ( False or ( not True ) ) is,( ( True or False ) and False ) and ( True or ( not False ) ) is,,8250,8250
1623,( ( False and False ) or ( True and True ) ) and ( not True ) is,( ( True and True ) or ( False and False ) ) and ( not False ) is,,8250,8250
1624,( True and True ) or ( False or ( True and False ) ) is,( False and False ) or ( True or ( False and True ) ) is,,6110,6110
1625,( True or True ) and ( ( True and False ) or False ) is,( False or False ) and ( ( False and True ) or True ) is,,8250,8250
1626,( ( not False ) and True ) and False is,( ( not True ) and False ) and True is,,8250,8250
1627,( not True ) or ( ( False and True ) or ( True and True ) ) is,( not False ) or ( ( True and False ) or ( False and False ) ) is,,6110,6110
1628,( True or True ) and ( True and ( True and False ) ) is,( False or False ) and ( False and ( False and True ) ) is,,8250,8250
1629,( not True ) or False is,( not False ) or True is,,8250,8250
1630,True and ( ( False and False ) and ( not False ) ) is,False and ( ( True and True ) and ( not True ) ) is,,8250,8250
1631,( not ( False and False ) ) and True is,( not ( True and True ) ) and False is,,6110,6110
1632,( ( False and True ) or True ) or ( False and ( not True ) ) is,( ( True and False ) or False ) or ( True and ( not False ) ) is,,6110,6110
1633,( ( not True ) and False ) and ( False and False ) is,( ( not False ) and True ) and ( True and True ) is,,8250,8250
1634,( True or ( not False ) ) or ( not ( False and False ) ) is,( False or ( not True ) ) or ( not ( True and True ) ) is,,6110,6110
1635,( not ( not False ) ) or ( True and ( True or True ) ) is,( not ( not True ) ) or ( False and ( False or False ) ) is,,6110,6110
1636,( not ( not False ) ) or ( ( True or False ) and ( True or False ) ) is,( not ( not True ) ) or ( ( False or True ) and ( False or True ) ) is,,6110,6110
1637,( ( False and False ) or ( not False ) ) or ( True or True ) is,( ( True and True ) or ( not True ) ) or ( False or False ) is,,6110,6110
1638,( True and ( not True ) ) or ( ( True and False ) or False ) is,( False and ( not False ) ) or ( ( False and True ) or True ) is,,8250,8250
1639,( ( not False ) and ( not True ) ) or ( True and ( not True ) ) is,( ( not True ) and ( not False ) ) or ( False and ( not False ) ) is,,8250,8250
1640,True and ( True and ( False and True ) ) is,False and ( False and ( True and False ) ) is,,8250,8250
1641,( not ( False or True ) ) or ( False and ( not True ) ) is,( not ( True or False ) ) or ( True and ( not False ) ) is,,8250,8250
1642,( True or False ) or ( True or ( not True ) ) is,( False or True ) or ( False or ( not False ) ) is,,6110,6110
1643,( False or ( False and False ) ) and ( not ( not False ) ) is,( True or ( True and True ) ) and ( not ( not True ) ) is,,8250,8250
1644,( ( False and True ) or False ) or ( False or True ) is,( ( True and False ) or True ) or ( True or False ) is,,6110,6110
1645,( False or ( True and False ) ) or False is,( True or ( False and True ) ) or True is,,8250,8250
1646,( False or ( not False ) ) and ( True or False ) is,( True or ( not True ) ) and ( False or True ) is,,6110,6110
1647,( False and False ) or ( True and ( True and True ) ) is,( True and True ) or ( False and ( False and False ) ) is,,6110,6110
1648,( not ( True and False ) ) and ( not ( not False ) ) is,( not ( False and True ) ) and ( not ( not True ) ) is,,8250,8250
1649,( ( True or False ) and True ) or ( False or False ) is,( ( False or True ) and False ) or ( True or True ) is,,6110,6110
1650,True or ( not ( True and False ) ) is,False or ( not ( False and True ) ) is,,6110,6110
1651,( False and ( False or True ) ) and ( False and ( True and True ) ) is,( True and ( True or False ) ) and ( True and ( False and False ) ) is,,8250,8250
1652,( False and ( False or True ) ) and ( ( False or True ) and False ) is,( True and ( True or False ) ) and ( ( True or False ) and True ) is,,8250,8250
1653,( False or False ) or ( not ( True or False ) ) is,( True or True ) or ( not ( False or True ) ) is,,8250,8250
1654,False or ( ( not False ) or ( True or True ) ) is,True or ( ( not True ) or ( False or False ) ) is,,6110,6110
1655,( ( not False ) and True ) and True is,( ( not True ) and False ) and False is,,6110,6110
1656,( True or False ) and ( False and ( True and False ) ) is,( False or True ) and ( True and ( False and True ) ) is,,8250,8250
1657,( ( False and False ) and False ) and ( True and False ) is,( ( True and True ) and True ) and ( False and True ) is,,8250,8250
1658,True or ( not ( not True ) ) is,False or ( not ( not False ) ) is,,6110,6110
1659,( ( False and True ) or ( not True ) ) or ( ( not False ) or ( False or False ) ) is,( ( True and False ) or ( not False ) ) or ( ( not True ) or ( True or True ) ) is,,6110,6110
1660,( True and True ) or ( True or False ) is,( False and False ) or ( False or True ) is,,6110,6110
1661,( True or True ) and ( ( True or False ) and ( not True ) ) is,( False or False ) and ( ( False or True ) and ( not False ) ) is,,8250,8250
1662,( False or ( not False ) ) and ( not ( False and False ) ) is,( True or ( not True ) ) and ( not ( True and True ) ) is,,6110,6110
1663,( False and True ) or ( not ( False or False ) ) is,( True and False ) or ( not ( True or True ) ) is,,6110,6110
1664,( False and True ) and ( True or ( not True ) ) is,( True and False ) and ( False or ( not False ) ) is,,8250,8250
1665,( True or ( False and False ) ) and ( ( not False ) or True ) is,( False or ( True and True ) ) and ( ( not True ) or False ) is,,6110,6110
1666,( not False ) and ( not ( False and True ) ) is,( not True ) and ( not ( True and False ) ) is,,6110,6110
1667,( not ( True or False ) ) or ( True or True ) is,( not ( False or True ) ) or ( False or False ) is,,6110,6110
1668,( ( True or True ) or True ) or ( ( not True ) and False ) is,( ( False or False ) or False ) or ( ( not False ) and True ) is,,6110,6110
1669,( not True ) and ( ( True or True ) and ( not False ) ) is,( not False ) and ( ( False or False ) and ( not True ) ) is,,8250,8250
1670,( ( not False ) or True ) or ( ( not True ) and ( True or False ) ) is,( ( not True ) or False ) or ( ( not False ) and ( False or True ) ) is,,6110,6110
1671,( not True ) and ( ( False or False ) and ( not False ) ) is,( not False ) and ( ( True or True ) and ( not True ) ) is,,8250,8250
1672,( ( True and True ) or ( True or True ) ) or ( True and False ) is,( ( False and False ) or ( False or False ) ) or ( False and True ) is,,6110,6110
1673,( False or ( True and False ) ) and ( True and ( False and False ) ) is,( True or ( False and True ) ) and ( False and ( True and True ) ) is,,8250,8250
1674,( ( not False ) and False ) or ( True or True ) is,( ( not True ) and True ) or ( False or False ) is,,6110,6110
1675,( False or False ) and ( False or ( False or True ) ) is,( True or True ) and ( True or ( True or False ) ) is,,8250,8250
1676,( ( not False ) or False ) or ( not False ) is,( ( not True ) or True ) or ( not True ) is,,6110,6110
1677,( not True ) and ( ( not True ) and False ) is,( not False ) and ( ( not False ) and True ) is,,8250,8250
1678,( ( not False ) or False ) and ( not ( False and True ) ) is,( ( not True ) or True ) and ( not ( True and False ) ) is,,6110,6110
1679,( True or False ) and ( not ( not False ) ) is,( False or True ) and ( not ( not True ) ) is,,8250,8250
1680,( not True ) or ( ( False or False ) and True ) is,( not False ) or ( ( True or True ) and False ) is,,8250,8250
1681,True and ( ( not False ) or ( not False ) ) is,False and ( ( not True ) or ( not True ) ) is,,6110,6110
1682,( ( False or True ) and ( True or False ) ) and ( not ( True or False ) ) is,( ( True or False ) and ( False or True ) ) and ( not ( False or True ) ) is,,8250,8250
1683,( True or False ) and ( ( False and False ) or ( False or False ) ) is,( False or True ) and ( ( True and True ) or ( True or True ) ) is,,8250,8250
1684,( not False ) and ( True and ( True or False ) ) is,( not True ) and ( False and ( False or True ) ) is,,6110,6110
1685,( False or False ) or ( True or ( True or False ) ) is,( True or True ) or ( False or ( False or True ) ) is,,6110,6110
1686,( ( not False ) or True ) and ( False and False ) is,( ( not True ) or False ) and ( True and True ) is,,8250,8250
1687,( ( not True ) and False ) and ( not False ) is,( ( not False ) and True ) and ( not True ) is,,8250,8250
1688,( not False ) or ( ( False or False ) or ( False and True ) ) is,( not True ) or ( ( True or True ) or ( True and False ) ) is,,6110,6110
1689,( ( not True ) and True ) or ( not False ) is,( ( not False ) and False ) or ( not True ) is,,6110,6110
1690,( not False ) or ( True and ( not True ) ) is,( not True ) or ( False and ( not False ) ) is,,6110,6110
1691,( True or ( False and True ) ) or False is,( False or ( True and False ) ) or True is,,6110,6110
1692,( ( True or False ) or False ) or ( not ( not True ) ) is,( ( False or True ) or True ) or ( not ( not False ) ) is,,6110,6110
1693,( ( True and True ) or True ) and ( not ( False and False ) ) is,( ( False and False ) or False ) and ( not ( True and True ) ) is,,6110,6110
1694,( False and True ) and ( ( False or True ) or ( False or True ) ) is,( True and False ) and ( ( True or False ) or ( True or False ) ) is,,8250,8250
1695,( not ( not False ) ) or ( True and False ) is,( not ( not True ) ) or ( False and True ) is,,8250,8250
1696,( ( False or False ) and True ) and ( False and False ) is,( ( True or True ) and False ) and ( True and True ) is,,8250,8250
1697,( ( not True ) or True ) and True is,( ( not False ) or False ) and False is,,6110,6110
1698,( not False ) and ( ( False and False ) and True ) is,( not True ) and ( ( True and True ) and False ) is,,8250,8250
1699,( not False ) or ( ( not True ) or ( False or False ) ) is,( not True ) or ( ( not False ) or ( True or True ) ) is,,6110,6110
1700,( True or True ) or ( not ( False or True ) ) is,( False or False ) or ( not ( True or False ) ) is,,6110,6110
1701,True or ( False and ( False and True ) ) is,False or ( True and ( True and False ) ) is,,6110,6110
1702,( not ( True or True ) ) or ( True and True ) is,( not ( False or False ) ) or ( False and False ) is,,6110,6110
1703,False and ( True or ( False and False ) ) is,True and ( False or ( True and True ) ) is,,8250,8250
1704,( ( True and False ) and ( False and False ) ) or ( ( not False ) or True ) is,( ( False and True ) and ( True and True ) ) or ( ( not True ) or False ) is,,6110,6110
1705,( ( not False ) and ( False or True ) ) and ( False and True ) is,( ( not True ) and ( True or False ) ) and ( True and False ) is,,8250,8250
1706,( not False ) or ( not ( not False ) ) is,( not True ) or ( not ( not True ) ) is,,6110,6110
1707,( ( False and False ) or True ) or ( True or False ) is,( ( True and True ) or False ) or ( False or True ) is,,6110,6110
1708,( ( False or False ) and False ) and ( ( True or True ) and True ) is,( ( True or True ) and True ) and ( ( False or False ) and False ) is,,8250,8250
1709,( ( not True ) or ( False and True ) ) and True is,( ( not False ) or ( True and False ) ) and False is,,8250,8250
1710,( False or True ) or ( ( not False ) or ( not True ) ) is,( True or False ) or ( ( not True ) or ( not False ) ) is,,6110,6110
1711,( ( True or True ) and ( False or True ) ) or True is,( ( False or False ) and ( True or False ) ) or False is,,6110,6110
1712,( ( True and True ) and True ) and ( False or False ) is,( ( False and False ) and False ) and ( True or True ) is,,8250,8250
1713,( False and True ) and ( True and True ) is,( True and False ) and ( False and False ) is,,8250,8250
1714,( ( not True ) and False ) or ( ( not False ) and ( not False ) ) is,( ( not False ) and True ) or ( ( not True ) and ( not True ) ) is,,6110,6110
1715,( not ( False or False ) ) or ( ( not False ) or True ) is,( not ( True or True ) ) or ( ( not True ) or False ) is,,6110,6110
1716,( ( not False ) or ( not True ) ) and ( ( True and True ) or True ) is,( ( not True ) or ( not False ) ) and ( ( False and False ) or False ) is,,6110,6110
1717,( False or ( True and False ) ) or ( not False ) is,( True or ( False and True ) ) or ( not True ) is,,6110,6110
1718,( False and ( False and False ) ) or True is,( True and ( True and True ) ) or False is,,6110,6110
1719,( not ( True and True ) ) and ( True or True ) is,( not ( False and False ) ) and ( False or False ) is,,8250,8250
1720,( ( True or False ) and False ) or False is,( ( False or True ) and True ) or True is,,8250,8250
1721,( ( True or False ) or ( not False ) ) and ( True or ( True and True ) ) is,( ( False or True ) or ( not True ) ) and ( False or ( False and False ) ) is,,6110,6110
1722,( True and ( True or True ) ) or ( not True ) is,( False and ( False or False ) ) or ( not False ) is,,6110,6110
1723,False or ( ( True and False ) or ( True and False ) ) is,True or ( ( False and True ) or ( False and True ) ) is,,8250,8250
1724,False and ( False and ( True or True ) ) is,True and ( True and ( False or False ) ) is,,8250,8250
1725,( not False ) and ( ( not False ) or False ) is,( not True ) and ( ( not True ) or True ) is,,6110,6110
1726,True or ( ( True and True ) or ( False and True ) ) is,False or ( ( False and False ) or ( True and False ) ) is,,6110,6110
1727,( True and ( False and False ) ) or ( not ( False and True ) ) is,( False and ( True and True ) ) or ( not ( True and False ) ) is,,6110,6110
1728,( False and ( False and True ) ) and ( not ( True or True ) ) is,( True and ( True and False ) ) and ( not ( False or False ) ) is,,8250,8250
1729,( False and ( True and True ) ) and ( False or False ) is,( True and ( False and False ) ) and ( True or True ) is,,8250,8250
1730,( not ( not True ) ) and ( ( not False ) and True ) is,( not ( not False ) ) and ( ( not True ) and False ) is,,6110,6110
1731,( not ( True or True ) ) and ( ( True or False ) or ( False or True ) ) is,( not ( False or False ) ) and ( ( False or True ) or ( True or False ) ) is,,8250,8250
1732,( False and True ) or ( ( True or False ) or ( False and True ) ) is,( True and False ) or ( ( False or True ) or ( True and False ) ) is,,6110,6110
1733,( ( True and True ) or ( False or False ) ) or ( True or True ) is,( ( False and False ) or ( True or True ) ) or ( False or False ) is,,6110,6110
1734,( not ( True and False ) ) and ( not ( True and True ) ) is,( not ( False and True ) ) and ( not ( False and False ) ) is,,8250,8250
1735,( ( not False ) or False ) or ( False and False ) is,( ( not True ) or True ) or ( True and True ) is,,6110,6110
1736,( not ( True and True ) ) and ( ( False and True ) or True ) is,( not ( False and False ) ) and ( ( True and False ) or False ) is,,8250,8250
1737,( False and True ) and ( ( True or False ) and ( False and False ) ) is,( True and False ) and ( ( False or True ) and ( True and True ) ) is,,8250,8250
1738,( True and True ) and ( ( False or False ) or ( False and True ) ) is,( False and False ) and ( ( True or True ) or ( True and False ) ) is,,8250,8250
1739,( not ( False or False ) ) and ( False and ( True or True ) ) is,( not ( True or True ) ) and ( True and ( False or False ) ) is,,8250,8250
1740,( not ( True or True ) ) and False is,( not ( False or False ) ) and True is,,8250,8250
1741,True or ( ( not False ) and ( True or False ) ) is,False or ( ( not True ) and ( False or True ) ) is,,6110,6110
1742,( ( not True ) and False ) or ( True or True ) is,( ( not False ) and True ) or ( False or False ) is,,6110,6110
1743,( True and ( True or True ) ) or False is,( False and ( False or False ) ) or True is,,6110,6110
1744,( True or False ) or False is,( False or True ) or True is,,6110,6110
1745,( not ( False or True ) ) and ( ( not False ) and ( False and True ) ) is,( not ( True or False ) ) and ( ( not True ) and ( True and False ) ) is,,8250,8250
1746,( ( True or True ) and ( False and True ) ) or True is,( ( False or False ) and ( True and False ) ) or False is,,6110,6110
1747,( ( not True ) and ( True and True ) ) or ( ( False and True ) and False ) is,( ( not False ) and ( False and False ) ) or ( ( True and False ) and True ) is,,8250,8250
1748,( not ( False and False ) ) and ( False and False ) is,( not ( True and True ) ) and ( True and True ) is,,8250,8250
1749,( False or ( not False ) ) or ( True and ( False and True ) ) is,( True or ( not True ) ) or ( False and ( True and False ) ) is,,6110,6110
1750,( ( True or True ) or True ) and ( False and False ) is,( ( False or False ) or False ) and ( True and True ) is,,8250,8250
1751,( True and ( False or True ) ) and ( ( not True ) and False ) is,( False and ( True or False ) ) and ( ( not False ) and True ) is,,8250,8250
1752,( True and False ) and ( ( not True ) or ( not False ) ) is,( False and True ) and ( ( not False ) or ( not True ) ) is,,8250,8250
1753,( ( not False ) and False ) and ( ( False or False ) or True ) is,( ( not True ) and True ) and ( ( True or True ) or False ) is,,8250,8250
1754,( False or False ) and ( ( True and False ) or ( not False ) ) is,( True or True ) and ( ( False and True ) or ( not True ) ) is,,8250,8250
1755,False or ( True and ( True or True ) ) is,True or ( False and ( False or False ) ) is,,6110,6110
1756,( ( True and False ) or False ) or ( False and ( False and False ) ) is,( ( False and True ) or True ) or ( True and ( True and True ) ) is,,8250,8250
1757,( ( False or True ) or False ) and ( ( False and True ) or ( not False ) ) is,( ( True or False ) or True ) and ( ( True and False ) or ( not True ) ) is,,6110,6110
1758,( True and True ) or ( not ( not True ) ) is,( False and False ) or ( not ( not False ) ) is,,6110,6110
1759,( True and ( True and True ) ) or ( True and True ) is,( False and ( False and False ) ) or ( False and False ) is,,6110,6110
1760,( False and True ) and ( ( False or False ) and True ) is,( True and False ) and ( ( True or True ) and False ) is,,8250,8250
1761,( ( False and False ) or ( not False ) ) or ( True and True ) is,( ( True and True ) or ( not True ) ) or ( False and False ) is,,6110,6110
1762,( ( not True ) or True ) and ( False and False ) is,( ( not False ) or False ) and ( True and True ) is,,8250,8250
1763,( ( not False ) or False ) or ( not True ) is,( ( not True ) or True ) or ( not False ) is,,6110,6110
1764,( False or True ) or ( ( not True ) or ( not True ) ) is,( True or False ) or ( ( not False ) or ( not False ) ) is,,6110,6110
1765,( False or True ) and ( ( False and True ) and ( True and True ) ) is,( True or False ) and ( ( True and False ) and ( False and False ) ) is,,8250,8250
1766,( not False ) and ( ( True and False ) or True ) is,( not True ) and ( ( False and True ) or False ) is,,6110,6110
1767,( False and ( True or True ) ) or ( True or False ) is,( True and ( False or False ) ) or ( False or True ) is,,6110,6110
1768,( ( False and True ) and True ) and ( ( False or False ) and ( not True ) ) is,( ( True and False ) and False ) and ( ( True or True ) and ( not False ) ) is,,8250,8250
1769,( True or ( True or False ) ) and False is,( False or ( False or True ) ) and True is,,8250,8250
1770,( ( True or True ) or True ) or ( not ( True and True ) ) is,( ( False or False ) or False ) or ( not ( False and False ) ) is,,6110,6110
1771,( ( not False ) or ( not False ) ) or ( not ( not False ) ) is,( ( not True ) or ( not True ) ) or ( not ( not True ) ) is,,6110,6110
1772,( not True ) or ( ( False or False ) or True ) is,( not False ) or ( ( True or True ) or False ) is,,6110,6110
1773,( False or False ) and ( True or ( False or True ) ) is,( True or True ) and ( False or ( True or False ) ) is,,8250,8250
1774,( ( not True ) and ( True and False ) ) or ( not False ) is,( ( not False ) and ( False and True ) ) or ( not True ) is,,6110,6110
1775,( not ( True or False ) ) and ( True and ( True or True ) ) is,( not ( False or True ) ) and ( False and ( False or False ) ) is,,8250,8250
1776,( False or True ) and ( not ( False or True ) ) is,( True or False ) and ( not ( True or False ) ) is,,8250,8250
1777,( ( not True ) and False ) or ( not False ) is,( ( not False ) and True ) or ( not True ) is,,6110,6110
1778,True or ( False and ( not True ) ) is,False or ( True and ( not False ) ) is,,6110,6110
1779,( True and ( True and False ) ) and ( not True ) is,( False and ( False and True ) ) and ( not False ) is,,8250,8250
1780,( ( not True ) and False ) or ( ( not False ) or False ) is,( ( not False ) and True ) or ( ( not True ) or True ) is,,6110,6110
1781,( ( False and False ) or ( True and False ) ) or True is,( ( True and True ) or ( False and True ) ) or False is,,6110,6110
1782,( True and ( False and False ) ) or ( True or False ) is,( False and ( True and True ) ) or ( False or True ) is,,6110,6110
1783,False and ( ( True and True ) or ( True and False ) ) is,True and ( ( False and False ) or ( False and True ) ) is,,8250,8250
1784,( False or ( True and True ) ) and ( not ( False or True ) ) is,( True or ( False and False ) ) and ( not ( True or False ) ) is,,8250,8250
1785,( False and False ) and ( ( not False ) and ( True or True ) ) is,( True and True ) and ( ( not True ) and ( False or False ) ) is,,8250,8250
1786,( True or False ) or ( ( True or False ) or ( False or False ) ) is,( False or True ) or ( ( False or True ) or ( True or True ) ) is,,6110,6110
1787,( ( True or False ) and ( not True ) ) or ( False or ( False or True ) ) is,( ( False or True ) and ( not False ) ) or ( True or ( True or False ) ) is,,6110,6110
1788,( True or ( True or False ) ) and ( not ( not True ) ) is,( False or ( False or True ) ) and ( not ( not False ) ) is,,6110,6110
1789,( not ( False or False ) ) or ( not False ) is,( not ( True or True ) ) or ( not True ) is,,6110,6110
1790,( True and ( False and True ) ) or ( True or ( False or False ) ) is,( False and ( True and False ) ) or ( False or ( True or True ) ) is,,6110,6110
1791,( True and ( False or False ) ) and ( not True ) is,( False and ( True or True ) ) and ( not False ) is,,8250,8250
1792,( ( False or True ) or False ) and ( not ( False and True ) ) is,( ( True or False ) or True ) and ( not ( True and False ) ) is,,6110,6110
1793,( False or False ) and ( ( False or False ) or ( True and True ) ) is,( True or True ) and ( ( True or True ) or ( False and False ) ) is,,8250,8250
1794,( ( False and True ) and False ) and ( not ( True or True ) ) is,( ( True and False ) and True ) and ( not ( False or False ) ) is,,8250,8250
1795,( ( not True ) or ( True or False ) ) or ( ( not False ) or False ) is,( ( not False ) or ( False or True ) ) or ( ( not True ) or True ) is,,6110,6110
1796,( ( True and False ) and False ) and ( ( not False ) or True ) is,( ( False and True ) and True ) and ( ( not True ) or False ) is,,8250,8250
1797,( not ( not False ) ) or ( True or ( not True ) ) is,( not ( not True ) ) or ( False or ( not False ) ) is,,6110,6110
1798,( ( False or True ) and True ) or ( not False ) is,( ( True or False ) and False ) or ( not True ) is,,6110,6110
1799,( ( not False ) or False ) or ( not ( False or True ) ) is,( ( not True ) or True ) or ( not ( True or False ) ) is,,6110,6110
1800,( ( not True ) and False ) and ( False and True ) is,( ( not False ) and True ) and ( True and False ) is,,8250,8250
1801,( not ( True and False ) ) and ( True or ( not True ) ) is,( not ( False and True ) ) and ( False or ( not False ) ) is,,6110,6110
1802,( ( not False ) and True ) and ( not False ) is,( ( not True ) and False ) and ( not True ) is,,6110,6110
1803,( False or True ) and ( True and ( not False ) ) is,( True or False ) and ( False and ( not True ) ) is,,6110,6110
1804,( False and True ) or ( ( False or True ) and ( False or True ) ) is,( True and False ) or ( ( True or False ) and ( True or False ) ) is,,6110,6110
1805,( False or True ) and ( ( True or True ) and True ) is,( True or False ) and ( ( False or False ) and False ) is,,6110,6110
1806,( True and False ) or ( ( False or False ) or ( False and True ) ) is,( False and True ) or ( ( True or True ) or ( True and False ) ) is,,8250,8250
1807,( not True ) or ( not True ) is,( not False ) or ( not False ) is,,8250,8250
1808,( True or ( True or False ) ) and ( ( False and False ) or True ) is,( False or ( False or True ) ) and ( ( True and True ) or False ) is,,6110,6110
1809,( not ( False and False ) ) and ( True or True ) is,( not ( True and True ) ) and ( False or False ) is,,6110,6110
1810,( ( True or True ) and True ) or ( True or True ) is,( ( False or False ) and False ) or ( False or False ) is,,6110,6110
1811,( True and True ) or ( ( not True ) or ( False and True ) ) is,( False and False ) or ( ( not False ) or ( True and False ) ) is,,6110,6110
1812,( ( not False ) or ( True and True ) ) or ( False and False ) is,( ( not True ) or ( False and False ) ) or ( True and True ) is,,6110,6110
1813,( not ( False or False ) ) and ( ( True and True ) and False ) is,( not ( True or True ) ) and ( ( False and False ) and True ) is,,8250,8250
1814,( not False ) or ( False or ( not True ) ) is,( not True ) or ( True or ( not False ) ) is,,6110,6110
1815,( False or True ) and ( True and False ) is,( True or False ) and ( False and True ) is,,8250,8250
1816,( True or True ) or ( not ( not False ) ) is,( False or False ) or ( not ( not True ) ) is,,6110,6110
1817,( not ( not False ) ) and ( ( False and False ) and False ) is,( not ( not True ) ) and ( ( True and True ) and True ) is,,8250,8250
1818,( ( not True ) or ( not False ) ) and ( False and False ) is,( ( not False ) or ( not True ) ) and ( True and True ) is,,8250,8250
1819,( ( False or False ) or False ) and ( True and False ) is,( ( True or True ) or True ) and ( False and True ) is,,8250,8250
1820,( ( True and True ) or ( False or True ) ) or True is,( ( False and False ) or ( True or False ) ) or False is,,6110,6110
1821,( not ( False and False ) ) and ( True and ( False or False ) ) is,( not ( True and True ) ) and ( False and ( True or True ) ) is,,8250,8250
1822,( False and ( True or True ) ) or ( not ( False and False ) ) is,( True and ( False or False ) ) or ( not ( True and True ) ) is,,6110,6110
1823,( not ( True or True ) ) and ( ( True or False ) and True ) is,( not ( False or False ) ) and ( ( False or True ) and False ) is,,8250,8250
1824,( ( True and False ) and True ) and False is,( ( False and True ) and False ) and True is,,8250,8250
1825,( True or ( not False ) ) or ( True and True ) is,( False or ( not True ) ) or ( False and False ) is,,6110,6110
1826,( not ( True and False ) ) or ( False and ( False or True ) ) is,( not ( False and True ) ) or ( True and ( True or False ) ) is,,6110,6110
1827,True and ( ( not False ) and ( False and False ) ) is,False and ( ( not True ) and ( True and True ) ) is,,8250,8250
1828,( True or True ) or ( ( not True ) and ( True and True ) ) is,( False or False ) or ( ( not False ) and ( False and False ) ) is,,6110,6110
1829,( not ( False or False ) ) or ( False or ( True or False ) ) is,( not ( True or True ) ) or ( True or ( False or True ) ) is,,6110,6110
1830,( True and False ) or ( ( not False ) and ( not True ) ) is,( False and True ) or ( ( not True ) and ( not False ) ) is,,8250,8250
1831,True and ( ( True and False ) or True ) is,False and ( ( False and True ) or False ) is,,6110,6110
1832,True and ( ( not False ) and ( not True ) ) is,False and ( ( not True ) and ( not False ) ) is,,8250,8250
1833,( ( not True ) and True ) and ( ( False or True ) and True ) is,( ( not False ) and False ) and ( ( True or False ) and False ) is,,8250,8250
1834,( not False ) and ( False and ( False and True ) ) is,( not True ) and ( True and ( True and False ) ) is,,8250,8250
1835,( False or False ) or ( ( False or True ) and ( not True ) ) is,( True or True ) or ( ( True or False ) and ( not False ) ) is,,8250,8250
1836,( not ( not True ) ) or ( ( False or True ) and ( not True ) ) is,( not ( not False ) ) or ( ( True or False ) and ( not False ) ) is,,6110,6110
1837,False or ( ( True and False ) and ( False and False ) ) is,True or ( ( False and True ) and ( True and True ) ) is,,8250,8250
1838,( not ( True or False ) ) or ( ( True or True ) or ( False or True ) ) is,( not ( False or True ) ) or ( ( False or False ) or ( True or False ) ) is,,6110,6110
1839,( ( not True ) or ( not True ) ) or ( True or False ) is,( ( not False ) or ( not False ) ) or ( False or True ) is,,6110,6110
1840,( ( not True ) or ( True or False ) ) or ( False or ( not False ) ) is,( ( not False ) or ( False or True ) ) or ( True or ( not True ) ) is,,6110,6110
1841,( True or ( False and True ) ) or ( False or ( not False ) ) is,( False or ( True and False ) ) or ( True or ( not True ) ) is,,6110,6110
1842,True or ( ( True or True ) and True ) is,False or ( ( False or False ) and False ) is,,6110,6110
1843,( not True ) and ( ( not False ) and True ) is,( not False ) and ( ( not True ) and False ) is,,8250,8250
1844,( ( True and False ) and False ) or ( False and ( not True ) ) is,( ( False and True ) and True ) or ( True and ( not False ) ) is,,8250,8250
1845,( not ( not True ) ) and ( ( not True ) or True ) is,( not ( not False ) ) and ( ( not False ) or False ) is,,6110,6110
1846,( not ( True and True ) ) and ( ( False or True ) or True ) is,( not ( False and False ) ) and ( ( True or False ) or False ) is,,8250,8250
1847,( True or False ) or ( ( False and False ) and False ) is,( False or True ) or ( ( True and True ) and True ) is,,6110,6110
1848,( ( True or False ) and ( True or True ) ) or ( not ( True or True ) ) is,( ( False or True ) and ( False or False ) ) or ( not ( False or False ) ) is,,6110,6110
1849,( False or ( True or False ) ) and ( ( True and True ) and False ) is,( True or ( False or True ) ) and ( ( False and False ) and True ) is,,8250,8250
1850,( False and True ) and ( ( True or False ) or ( False and False ) ) is,( True and False ) and ( ( False or True ) or ( True and True ) ) is,,8250,8250
1851,True and ( False or ( False or False ) ) is,False and ( True or ( True or True ) ) is,,8250,8250
1852,( not ( False or True ) ) or ( not ( False and False ) ) is,( not ( True or False ) ) or ( not ( True and True ) ) is,,6110,6110
1853,( True or ( False and True ) ) or ( False or False ) is,( False or ( True and False ) ) or ( True or True ) is,,6110,6110
1854,( False or False ) or ( ( False or False ) or ( not False ) ) is,( True or True ) or ( ( True or True ) or ( not True ) ) is,,6110,6110
1855,( ( False or True ) and ( True or True ) ) and ( not ( False or True ) ) is,( ( True or False ) and ( False or False ) ) and ( not ( True or False ) ) is,,8250,8250
1856,( ( False or True ) and ( True and False ) ) and ( False or True ) is,( ( True or False ) and ( False and True ) ) and ( True or False ) is,,8250,8250
1857,( ( not False ) and True ) and ( True or True ) is,( ( not True ) and False ) and ( False or False ) is,,6110,6110
1858,( ( False and True ) or True ) or False is,( ( True and False ) or False ) or True is,,6110,6110
1859,True or ( True or ( False or False ) ) is,False or ( False or ( True or True ) ) is,,6110,6110
1860,( True and False ) and ( not ( True or True ) ) is,( False and True ) and ( not ( False or False ) ) is,,8250,8250
1861,( ( False or True ) or False ) and ( True and False ) is,( ( True or False ) or True ) and ( False and True ) is,,8250,8250
1862,( False and False ) or ( not ( False or False ) ) is,( True and True ) or ( not ( True or True ) ) is,,6110,6110
1863,( False or False ) and ( not ( False and False ) ) is,( True or True ) and ( not ( True and True ) ) is,,8250,8250
1864,( True and ( not True ) ) and ( ( True and True ) and False ) is,( False and ( not False ) ) and ( ( False and False ) and True ) is,,8250,8250
1865,True and ( False or ( True and True ) ) is,False and ( True or ( False and False ) ) is,,6110,6110
1866,( True and False ) and ( True and ( True and False ) ) is,( False and True ) and ( False and ( False and True ) ) is,,8250,8250
1867,( ( True and True ) and ( not False ) ) and ( ( not True ) and True ) is,( ( False and False ) and ( not True ) ) and ( ( not False ) and False ) is,,8250,8250
1868,( ( False or True ) and False ) or ( not False ) is,( ( True or False ) and True ) or ( not True ) is,,6110,6110
1869,( False or False ) or ( True and ( False and False ) ) is,( True or True ) or ( False and ( True and True ) ) is,,8250,8250
1870,( True and ( True or False ) ) and True is,( False and ( False or True ) ) and False is,,6110,6110
1871,( not True ) and ( ( not True ) or ( not False ) ) is,( not False ) and ( ( not False ) or ( not True ) ) is,,8250,8250
1872,( ( True or False ) or ( False or True ) ) or False is,( ( False or True ) or ( True or False ) ) or True is,,6110,6110
1873,( ( not True ) or True ) or ( True or ( True or False ) ) is,( ( not False ) or False ) or ( False or ( False or True ) ) is,,6110,6110
1874,( ( False and True ) or False ) and ( ( not False ) or ( False or True ) ) is,( ( True and False ) or True ) and ( ( not True ) or ( True or False ) ) is,,8250,8250
1875,( ( not False ) or ( False and False ) ) or ( True and True ) is,( ( not True ) or ( True and True ) ) or ( False and False ) is,,6110,6110
1876,( True and True ) and ( ( False and True ) or ( True or True ) ) is,( False and False ) and ( ( True and False ) or ( False or False ) ) is,,6110,6110
1877,( False or True ) and ( ( False or True ) and False ) is,( True or False ) and ( ( True or False ) and True ) is,,8250,8250
1878,( ( not True ) or ( False and False ) ) or True is,( ( not False ) or ( True and True ) ) or False is,,6110,6110
1879,False or ( ( True and True ) and ( False or True ) ) is,True or ( ( False and False ) and ( True or False ) ) is,,6110,6110
1880,( ( not True ) and False ) and ( ( not False ) or True ) is,( ( not False ) and True ) and ( ( not True ) or False ) is,,8250,8250
1881,( ( True and True ) or ( True and True ) ) or ( False and True ) is,( ( False and False ) or ( False and False ) ) or ( True and False ) is,,6110,6110
1882,( True or ( True and True ) ) or ( True or False ) is,( False or ( False and False ) ) or ( False or True ) is,,6110,6110
1883,( ( True or False ) and ( False and False ) ) and False is,( ( False or True ) and ( True and True ) ) and True is,,8250,8250
1884,( False or ( not False ) ) and ( ( False or True ) or ( not False ) ) is,( True or ( not True ) ) and ( ( True or False ) or ( not True ) ) is,,6110,6110
1885,( False and True ) and ( ( not True ) or True ) is,( True and False ) and ( ( not False ) or False ) is,,8250,8250
1886,( not ( not False ) ) or ( ( not False ) and True ) is,( not ( not True ) ) or ( ( not True ) and False ) is,,6110,6110
1887,( ( not False ) and ( False and True ) ) and ( ( True and True ) or ( not False ) ) is,( ( not True ) and ( True and False ) ) and ( ( False and False ) or ( not True ) ) is,,8250,8250
1888,( ( False or True ) and True ) and False is,( ( True or False ) and False ) and True is,,8250,8250
1889,( not ( True and True ) ) or ( ( not False ) and ( False and True ) ) is,( not ( False and False ) ) or ( ( not True ) and ( True and False ) ) is,,8250,8250
1890,( not True ) and ( ( False and True ) or ( False or True ) ) is,( not False ) and ( ( True and False ) or ( True or False ) ) is,,8250,8250
1891,( ( True or False ) and True ) or ( False and ( True and True ) ) is,( ( False or True ) and False ) or ( True and ( False and False ) ) is,,6110,6110
1892,( not ( True or True ) ) and ( not ( True and True ) ) is,( not ( False or False ) ) and ( not ( False and False ) ) is,,8250,8250
1893,( False and ( not True ) ) or ( False and ( False or True ) ) is,( True and ( not False ) ) or ( True and ( True or False ) ) is,,8250,8250
1894,( not True ) or ( ( False and True ) and False ) is,( not False ) or ( ( True and False ) and True ) is,,8250,8250
1895,( ( not False ) or True ) and ( ( False or True ) or ( not True ) ) is,( ( not True ) or False ) and ( ( True or False ) or ( not False ) ) is,,6110,6110
1896,( True or ( True or False ) ) and ( False and False ) is,( False or ( False or True ) ) and ( True and True ) is,,8250,8250
1897,( True or ( True and False ) ) or ( not ( not False ) ) is,( False or ( False and True ) ) or ( not ( not True ) ) is,,6110,6110
1898,( ( True or False ) and True ) and ( True and ( False or False ) ) is,( ( False or True ) and False ) and ( False and ( True or True ) ) is,,8250,8250
1899,( True or True ) and ( False or True ) is,( False or False ) and ( True or False ) is,,6110,6110
1900,( ( False and False ) or ( True or False ) ) and ( not False ) is,( ( True and True ) or ( False or True ) ) and ( not True ) is,,6110,6110
1901,( ( True or True ) and True ) or ( not ( not True ) ) is,( ( False or False ) and False ) or ( not ( not False ) ) is,,6110,6110
1902,( True and ( False and True ) ) and ( not ( not False ) ) is,( False and ( True and False ) ) and ( not ( not True ) ) is,,8250,8250
1903,( not False ) or ( ( True and False ) or True ) is,( not True ) or ( ( False and True ) or False ) is,,6110,6110
1904,( ( True or False ) and False ) and ( True or ( False and False ) ) is,( ( False or True ) and True ) and ( False or ( True and True ) ) is,,8250,8250
1905,( False and ( True or True ) ) and ( ( False and True ) and True ) is,( True and ( False or False ) ) and ( ( True and False ) and False ) is,,8250,8250
1906,( ( not True ) or ( not True ) ) and ( True or True ) is,( ( not False ) or ( not False ) ) and ( False or False ) is,,8250,8250
1907,( True and True ) and ( True and ( False and True ) ) is,( False and False ) and ( False and ( True and False ) ) is,,8250,8250
1908,( False or True ) or ( ( not False ) or False ) is,( True or False ) or ( ( not True ) or True ) is,,6110,6110
1909,False or ( ( True or True ) or ( not False ) ) is,True or ( ( False or False ) or ( not True ) ) is,,6110,6110
1910,( True and ( False and False ) ) and ( False and False ) is,( False and ( True and True ) ) and ( True and True ) is,,8250,8250
1911,( ( not False ) and True ) or ( True and False ) is,( ( not True ) and False ) or ( False and True ) is,,6110,6110
1912,( True and ( not False ) ) or ( not ( False or True ) ) is,( False and ( not True ) ) or ( not ( True or False ) ) is,,6110,6110
1913,( True and True ) and ( ( not False ) and True ) is,( False and False ) and ( ( not True ) and False ) is,,6110,6110
1914,( ( not False ) and True ) or ( False or True ) is,( ( not True ) and False ) or ( True or False ) is,,6110,6110
1915,( not ( False and False ) ) or ( not True ) is,( not ( True and True ) ) or ( not False ) is,,6110,6110
1916,( not False ) and ( False and ( True and True ) ) is,( not True ) and ( True and ( False and False ) ) is,,8250,8250
1917,( ( True or True ) and False ) or ( not ( True or False ) ) is,( ( False or False ) and True ) or ( not ( False or True ) ) is,,8250,8250
1918,( ( not True ) or True ) and ( True and False ) is,( ( not False ) or False ) and ( False and True ) is,,8250,8250
1919,( False and False ) or ( ( True or True ) or False ) is,( True and True ) or ( ( False or False ) or True ) is,,6110,6110
1920,( ( not True ) and ( False or True ) ) or ( not True ) is,( ( not False ) and ( True or False ) ) or ( not False ) is,,8250,8250
1921,( True and False ) and ( True or False ) is,( False and True ) and ( False or True ) is,,8250,8250
1922,( True and ( not False ) ) and ( True or True ) is,( False and ( not True ) ) and ( False or False ) is,,6110,6110
1923,( ( True or True ) and False ) and ( not ( not True ) ) is,( ( False or False ) and True ) and ( not ( not False ) ) is,,8250,8250
1924,( ( True and True ) or True ) and ( True or ( not True ) ) is,( ( False and False ) or False ) and ( False or ( not False ) ) is,,6110,6110
1925,( not ( True or True ) ) or ( ( False and False ) and False ) is,( not ( False or False ) ) or ( ( True and True ) and True ) is,,8250,8250
1926,( ( True or False ) and ( True or True ) ) and False is,( ( False or True ) and ( False or False ) ) and True is,,8250,8250
1927,( True and True ) and ( ( False or True ) and ( False and False ) ) is,( False and False ) and ( ( True or False ) and ( True and True ) ) is,,8250,8250
1928,( not ( True or False ) ) or ( True or ( False and True ) ) is,( not ( False or True ) ) or ( False or ( True and False ) ) is,,6110,6110
1929,( True and ( True or True ) ) or ( True or False ) is,( False and ( False or False ) ) or ( False or True ) is,,6110,6110
1930,( True or True ) and ( ( not True ) and ( True or True ) ) is,( False or False ) and ( ( not False ) and ( False or False ) ) is,,8250,8250
1931,False and ( ( not False ) or ( False or True ) ) is,True and ( ( not True ) or ( True or False ) ) is,,8250,8250
1932,( not ( not True ) ) or False is,( not ( not False ) ) or True is,,6110,6110
1933,( False and True ) and ( False or False ) is,( True and False ) and ( True or True ) is,,8250,8250
1934,( True or ( True and False ) ) and ( not ( True or False ) ) is,( False or ( False and True ) ) and ( not ( False or True ) ) is,,8250,8250
1935,( False or False ) and ( not ( False or False ) ) is,( True or True ) and ( not ( True or True ) ) is,,8250,8250
1936,( True and True ) or ( not ( True or True ) ) is,( False and False ) or ( not ( False or False ) ) is,,6110,6110
1937,( True or True ) or ( ( not False ) or ( False or True ) ) is,( False or False ) or ( ( not True ) or ( True or False ) ) is,,6110,6110
1938,( True or False ) and ( ( not False ) or ( True and True ) ) is,( False or True ) and ( ( not True ) or ( False and False ) ) is,,6110,6110
1939,( ( True and False ) and ( True or True ) ) and ( not False ) is,( ( False and True ) and ( False or False ) ) and ( not True ) is,,8250,8250
1940,False or ( ( not False ) or ( False and True ) ) is,True or ( ( not True ) or ( True and False ) ) is,,6110,6110
1941,( True and True ) or ( False and True ) is,( False and False ) or ( True and False ) is,,6110,6110
1942,( ( not True ) or True ) and ( False or ( not True ) ) is,( ( not False ) or False ) and ( True or ( not False ) ) is,,8250,8250
1943,( False or ( not True ) ) and ( not ( False and True ) ) is,( True or ( not False ) ) and ( not ( True and False ) ) is,,8250,8250
1944,( not ( True or False ) ) or ( True and ( False or True ) ) is,( not ( False or True ) ) or ( False and ( True or False ) ) is,,6110,6110
1945,( ( not True ) and True ) or ( True or False ) is,( ( not False ) and False ) or ( False or True ) is,,6110,6110
1946,( False and False ) or ( True or True ) is,( True and True ) or ( False or False ) is,,6110,6110
1947,( not False ) and ( ( True and False ) and ( False and False ) ) is,( not True ) and ( ( False and True ) and ( True and True ) ) is,,8250,8250
1948,( ( True or True ) or False ) and ( False or False ) is,( ( False or False ) or True ) and ( True or True ) is,,8250,8250
1949,( False and ( True and False ) ) and ( not ( not True ) ) is,( True and ( False and True ) ) and ( not ( not False ) ) is,,8250,8250
1950,( True or ( not False ) ) or ( ( not False ) and True ) is,( False or ( not True ) ) or ( ( not True ) and False ) is,,6110,6110
1951,( not False ) or False is,( not True ) or True is,,6110,6110
1952,( ( True and True ) or False ) and ( not ( True and True ) ) is,( ( False and False ) or True ) and ( not ( False and False ) ) is,,8250,8250
1953,True or ( True and True ) is,False or ( False and False ) is,,6110,6110
1954,( ( not True ) or ( False or False ) ) and False is,( ( not False ) or ( True or True ) ) and True is,,8250,8250
1955,( True or ( not True ) ) or ( True and True ) is,( False or ( not False ) ) or ( False and False ) is,,6110,6110
1956,( ( False and False ) or False ) and ( ( not True ) or ( not True ) ) is,( ( True and True ) or True ) and ( ( not False ) or ( not False ) ) is,,8250,8250
1957,( True and ( True and True ) ) and ( False or False ) is,( False and ( False and False ) ) and ( True or True ) is,,8250,8250
1958,( ( True and True ) and False ) and ( not True ) is,( ( False and False ) and True ) and ( not False ) is,,8250,8250
1959,( ( True and False ) and False ) or ( False and False ) is,( ( False and True ) and True ) or ( True and True ) is,,8250,8250
1960,( not False ) or ( ( True or True ) and True ) is,( not True ) or ( ( False or False ) and False ) is,,6110,6110
1961,( True and ( True or True ) ) and ( True and ( False or False ) ) is,( False and ( False or False ) ) and ( False and ( True or True ) ) is,,8250,8250
1962,( True and ( not False ) ) or ( not ( True and True ) ) is,( False and ( not True ) ) or ( not ( False and False ) ) is,,6110,6110
1963,( False or True ) and ( False and ( True and False ) ) is,( True or False ) and ( True and ( False and True ) ) is,,8250,8250
1964,( False and False ) or ( True or ( True and False ) ) is,( True and True ) or ( False or ( False and True ) ) is,,6110,6110
1965,( ( False or False ) and False ) or ( not True ) is,( ( True or True ) and True ) or ( not False ) is,,8250,8250
1966,( ( not False ) or True ) or ( not ( not True ) ) is,( ( not True ) or False ) or ( not ( not False ) ) is,,6110,6110
1967,( True and False ) and ( not ( False or False ) ) is,( False and True ) and ( not ( True or True ) ) is,,8250,8250
1968,( False and True ) or ( ( False or False ) or False ) is,( True and False ) or ( ( True or True ) or True ) is,,8250,8250
1969,( ( False and False ) or True ) or ( not False ) is,( ( True and True ) or False ) or ( not True ) is,,6110,6110
1970,True or ( ( not True ) and ( not True ) ) is,False or ( ( not False ) and ( not False ) ) is,,6110,6110
1971,( not ( False or True ) ) and ( True and ( not True ) ) is,( not ( True or False ) ) and ( False and ( not False ) ) is,,8250,8250
1972,( False or True ) or ( not ( False and True ) ) is,( True or False ) or ( not ( True and False ) ) is,,6110,6110
1973,( False and True ) and ( ( True or True ) and ( True or True ) ) is,( True and False ) and ( ( False or False ) and ( False or False ) ) is,,8250,8250
1974,( ( False or True ) and ( True or True ) ) or ( not False ) is,( ( True or False ) and ( False or False ) ) or ( not True ) is,,6110,6110
1975,( ( not True ) or ( not True ) ) and ( False or False ) is,( ( not False ) or ( not False ) ) and ( True or True ) is,,8250,8250
1976,( ( not False ) and False ) or ( False or ( False or True ) ) is,( ( not True ) and True ) or ( True or ( True or False ) ) is,,6110,6110
1977,( ( False and True ) or False ) and ( not True ) is,( ( True and False ) or True ) and ( not False ) is,,8250,8250
1978,( not ( True and True ) ) and ( not True ) is,( not ( False and False ) ) and ( not False ) is,,8250,8250
1979,( False and True ) or ( ( True and False ) or True ) is,( True and False ) or ( ( False and True ) or False ) is,,6110,6110
1980,( True or False ) and ( False or ( not False ) ) is,( False or True ) and ( True or ( not True ) ) is,,6110,6110
1981,( ( True and True ) or ( False and False ) ) or ( True and True ) is,( ( False and False ) or ( True and True ) ) or ( False and False ) is,,6110,6110
1982,( not True ) or ( True and ( False and False ) ) is,( not False ) or ( False and ( True and True ) ) is,,8250,8250
1983,( True and ( True or False ) ) and False is,( False and ( False or True ) ) and True is,,8250,8250
1984,( ( not False ) and ( not True ) ) or ( ( True or True ) and True ) is,( ( not True ) and ( not False ) ) or ( ( False or False ) and False ) is,,6110,6110
1985,( ( not False ) or True ) and ( ( True and True ) or True ) is,( ( not True ) or False ) and ( ( False and False ) or False ) is,,6110,6110
1986,( True or ( False and True ) ) and ( not False ) is,( False or ( True and False ) ) and ( not True ) is,,6110,6110
1987,( ( True or False ) and ( True or False ) ) and ( not False ) is,( ( False or True ) and ( False or True ) ) and ( not True ) is,,6110,6110
1988,( ( True and True ) or False ) and ( not True ) is,( ( False and False ) or True ) and ( not False ) is,,8250,8250
1989,( not ( True or True ) ) and ( ( not False ) or False ) is,( not ( False or False ) ) and ( ( not True ) or True ) is,,8250,8250
1990,( False or ( True or True ) ) or ( ( False and False ) or False ) is,( True or ( False or False ) ) or ( ( True and True ) or True ) is,,6110,6110
1991,( ( False and False ) or False ) and ( ( True and True ) and False ) is,( ( True and True ) or True ) and ( ( False and False ) and True ) is,,8250,8250
1992,( False or ( False and False ) ) and True is,( True or ( True and True ) ) and False is,,8250,8250
1993,( ( True or True ) or False ) and ( False and True ) is,( ( False or False ) or True ) and ( True and False ) is,,8250,8250
1994,( False or ( True and True ) ) or ( ( False and False ) or True ) is,( True or ( False and False ) ) or ( ( True and True ) or False ) is,,6110,6110
1995,True or ( ( True and False ) and True ) is,False or ( ( False and True ) and False ) is,,6110,6110
1996,( False and False ) and ( True or True ) is,( True and True ) and ( False or False ) is,,8250,8250
1997,( ( True and True ) or False ) or ( ( False and True ) or True ) is,( ( False and False ) or True ) or ( ( True and False ) or False ) is,,6110,6110
1998,True and ( ( True or False ) and ( not False ) ) is,False and ( ( False or True ) and ( not True ) ) is,,6110,6110
1999,( True and True ) or ( ( not True ) and True ) is,( False and False ) or ( ( not False ) and False ) is,,6110,6110
2000,( not ( not True ) ) or ( ( True or True ) and False ) is,( not ( not False ) ) or ( ( False or False ) and True ) is,,6110,6110
2001,True or ( ( not False ) and ( False and False ) ) is,False or ( ( not True ) and ( True and True ) ) is,,6110,6110
2002,( True or ( not True ) ) and ( True or ( not True ) ) is,( False or ( not False ) ) and ( False or ( not False ) ) is,,6110,6110
2003,( ( not False ) or True ) and ( True and True ) is,( ( not True ) or False ) and ( False and False ) is,,6110,6110
2004,( not ( False or True ) ) and ( True and False ) is,( not ( True or False ) ) and ( False and True ) is,,8250,8250
2005,( True and True ) or ( ( not False ) or True ) is,( False and False ) or ( ( not True ) or False ) is,,6110,6110
2006,( ( not True ) and ( True or True ) ) or ( False or False ) is,( ( not False ) and ( False or False ) ) or ( True or True ) is,,8250,8250
2007,( False or False ) or ( False and ( True and True ) ) is,( True or True ) or ( True and ( False and False ) ) is,,8250,8250
2008,( True and True ) and ( ( not True ) and ( True or False ) ) is,( False and False ) and ( ( not False ) and ( False or True ) ) is,,8250,8250
2009,( ( True and True ) and True ) or ( not True ) is,( ( False and False ) and False ) or ( not False ) is,,6110,6110
2010,( not ( True or True ) ) and ( ( False and True ) or False ) is,( not ( False or False ) ) and ( ( True and False ) or True ) is,,8250,8250
2011,( False and ( True and True ) ) and ( True or True ) is,( True and ( False and False ) ) and ( False or False ) is,,8250,8250
2012,( not ( False and False ) ) or ( False or True ) is,( not ( True and True ) ) or ( True or False ) is,,6110,6110
2013,( ( False or False ) and True ) or ( False and True ) is,( ( True or True ) and False ) or ( True and False ) is,,8250,8250
2014,( ( not True ) or ( True or False ) ) or ( True or True ) is,( ( not False ) or ( False or True ) ) or ( False or False ) is,,6110,6110
2015,( ( not True ) or ( True or True ) ) and ( ( False and False ) or False ) is,( ( not False ) or ( False or False ) ) and ( ( True and True ) or True ) is,,8250,8250
2016,( ( not True ) or True ) or ( ( True or False ) and ( False and True ) ) is,( ( not False ) or False ) or ( ( False or True ) and ( True and False ) ) is,,6110,6110
2017,( True and ( False or True ) ) and ( False or True ) is,( False and ( True or False ) ) and ( True or False ) is,,6110,6110
2018,( ( False or True ) or True ) or ( not ( True and True ) ) is,( ( True or False ) or False ) or ( not ( False and False ) ) is,,6110,6110
2019,( False and True ) or ( not False ) is,( True and False ) or ( not True ) is,,6110,6110
2020,( True or ( False or True ) ) and ( True or False ) is,( False or ( True or False ) ) and ( False or True ) is,,6110,6110
2021,( ( False and False ) and ( not True ) ) and ( not False ) is,( ( True and True ) and ( not False ) ) and ( not True ) is,,8250,8250
2022,( not ( True and True ) ) and ( True or ( True or False ) ) is,( not ( False and False ) ) and ( False or ( False or True ) ) is,,8250,8250
2023,( False or ( False and True ) ) and ( not ( True or False ) ) is,( True or ( True and False ) ) and ( not ( False or True ) ) is,,8250,8250
2024,( True and False ) and ( ( not False ) or ( False or True ) ) is,( False and True ) and ( ( not True ) or ( True or False ) ) is,,8250,8250
2025,( ( not True ) or ( False or True ) ) or ( ( False and False ) or False ) is,( ( not False ) or ( True or False ) ) or ( ( True and True ) or True ) is,,6110,6110
2026,( True and ( not True ) ) or ( ( True or False ) and False ) is,( False and ( not False ) ) or ( ( False or True ) and True ) is,,8250,8250
2027,( False and True ) or ( False and ( True or False ) ) is,( True and False ) or ( True and ( False or True ) ) is,,8250,8250
2028,( not False ) or ( ( True and False ) or False ) is,( not True ) or ( ( False and True ) or True ) is,,6110,6110
2029,( not ( not True ) ) or ( True or ( False or False ) ) is,( not ( not False ) ) or ( False or ( True or True ) ) is,,6110,6110
2030,True and ( ( not True ) or ( True or False ) ) is,False and ( ( not False ) or ( False or True ) ) is,,6110,6110
2031,( ( False or True ) and True ) and ( True or True ) is,( ( True or False ) and False ) and ( False or False ) is,,6110,6110
2032,True or ( not ( False and True ) ) is,False or ( not ( True and False ) ) is,,6110,6110
2033,( False or ( not True ) ) or ( ( False and False ) and ( not False ) ) is,( True or ( not False ) ) or ( ( True and True ) and ( not True ) ) is,,8250,8250
2034,( ( not True ) or ( True or True ) ) or ( False and ( False or False ) ) is,( ( not False ) or ( False or False ) ) or ( True and ( True or True ) ) is,,6110,6110
2035,( not False ) or ( ( True or True ) and ( not True ) ) is,( not True ) or ( ( False or False ) and ( not False ) ) is,,6110,6110
2036,( not True ) and ( ( not False ) and False ) is,( not False ) and ( ( not True ) and True ) is,,8250,8250
2037,( ( False or False ) or ( False or False ) ) and ( True and False ) is,( ( True or True ) or ( True or True ) ) and ( False and True ) is,,8250,8250
2038,( ( False and False ) and True ) or ( True and False ) is,( ( True and True ) and False ) or ( False and True ) is,,8250,8250
2039,( ( True and False ) and ( False or False ) ) and ( not True ) is,( ( False and True ) and ( True or True ) ) and ( not False ) is,,8250,8250
2040,( True or ( False and True ) ) and ( True or False ) is,( False or ( True and False ) ) and ( False or True ) is,,6110,6110
2041,( True and True ) and ( ( not False ) and ( False or True ) ) is,( False and False ) and ( ( not True ) and ( True or False ) ) is,,6110,6110
2042,( ( not True ) and True ) and ( True and ( not False ) ) is,( ( not False ) and False ) and ( False and ( not True ) ) is,,8250,8250
2043,( True or True ) and ( ( False or True ) and True ) is,( False or False ) and ( ( True or False ) and False ) is,,6110,6110
2044,( False and ( False or False ) ) and ( ( True or True ) or False ) is,( True and ( True or True ) ) and ( ( False or False ) or True ) is,,8250,8250
2045,( ( False or False ) or False ) or ( True and ( not False ) ) is,( ( True or True ) or True ) or ( False and ( not True ) ) is,,6110,6110
2046,( not ( True or False ) ) or ( ( True or True ) and True ) is,( not ( False or True ) ) or ( ( False or False ) and False ) is,,6110,6110
2047,False or ( True or False ) is,True or ( False or True ) is,,6110,6110
2048,( not True ) or ( ( True or True ) or ( True and True ) ) is,( not False ) or ( ( False or False ) or ( False and False ) ) is,,6110,6110
2049,( ( not True ) and ( True or True ) ) and ( not True ) is,( ( not False ) and ( False or False ) ) and ( not False ) is,,8250,8250
2050,( False and True ) or ( ( False or False ) and ( False or True ) ) is,( True and False ) or ( ( True or True ) and ( True or False ) ) is,,8250,8250
2051,( not ( True and True ) ) or ( False or ( True or False ) ) is,( not ( False and False ) ) or ( True or ( False or True ) ) is,,6110,6110
2052,True or ( not True ) is,False or ( not False ) is,,6110,6110
2053,( not True ) and ( ( False and True ) and True ) is,( not False ) and ( ( True and False ) and False ) is,,8250,8250
2054,True and ( ( not False ) or ( True or True ) ) is,False and ( ( not True ) or ( False or False ) ) is,,6110,6110
2055,( ( False and False ) or ( False or False ) ) and False is,( ( True and True ) or ( True or True ) ) and True is,,8250,8250
2056,( ( True and False ) and ( True and False ) ) or ( not True ) is,( ( False and True ) and ( False and True ) ) or ( not False ) is,,8250,8250
2057,( not ( not True ) ) or ( True and False ) is,( not ( not False ) ) or ( False and True ) is,,6110,6110
2058,( False and ( False and True ) ) and True is,( True and ( True and False ) ) and False is,,8250,8250
2059,( not ( True or True ) ) and ( not ( False or True ) ) is,( not ( False or False ) ) and ( not ( True or False ) ) is,,8250,8250
2060,( ( False and False ) and ( False and False ) ) and ( False or True ) is,( ( True and True ) and ( True and True ) ) and ( True or False ) is,,8250,8250
2061,( ( not True ) and ( False or True ) ) and ( not ( not False ) ) is,( ( not False ) and ( True or False ) ) and ( not ( not True ) ) is,,8250,8250
2062,( not ( False or False ) ) and ( ( True and False ) and ( False or False ) ) is,( not ( True or True ) ) and ( ( False and True ) and ( True or True ) ) is,,8250,8250
2063,( False or True ) and ( ( False or False ) and True ) is,( True or False ) and ( ( True or True ) and False ) is,,8250,8250
2064,( True or ( not True ) ) and ( not ( not True ) ) is,( False or ( not False ) ) and ( not ( not False ) ) is,,6110,6110
2065,( ( True and False ) or ( True or False ) ) or False is,( ( False and True ) or ( False or True ) ) or True is,,6110,6110
2066,( ( True or False ) and ( False or True ) ) or True is,( ( False or True ) and ( True or False ) ) or False is,,6110,6110
2067,( not False ) or ( True and ( True and False ) ) is,( not True ) or ( False and ( False and True ) ) is,,6110,6110
2068,True or ( False and ( False or False ) ) is,False or ( True and ( True or True ) ) is,,6110,6110
2069,True or ( ( True and False ) and ( False and True ) ) is,False or ( ( False and True ) and ( True and False ) ) is,,6110,6110
2070,( True or True ) or ( False and False ) is,( False or False ) or ( True and True ) is,,6110,6110
2071,( True and ( not True ) ) or ( not ( True and True ) ) is,( False and ( not False ) ) or ( not ( False and False ) ) is,,8250,8250
2072,( not ( not False ) ) or ( ( True and True ) or False ) is,( not ( not True ) ) or ( ( False and False ) or True ) is,,6110,6110
2073,( not ( True and False ) ) or ( not ( not False ) ) is,( not ( False and True ) ) or ( not ( not True ) ) is,,6110,6110
2074,( ( True and True ) or ( False and False ) ) or ( not False ) is,( ( False and False ) or ( True and True ) ) or ( not True ) is,,6110,6110
2075,( ( not True ) or True ) or ( not ( False and True ) ) is,( ( not False ) or False ) or ( not ( True and False ) ) is,,6110,6110
2076,( True or True ) or ( ( True and True ) and False ) is,( False or False ) or ( ( False and False ) and True ) is,,6110,6110
2077,( ( not True ) or False ) and ( not ( False and True ) ) is,( ( not False ) or True ) and ( not ( True and False ) ) is,,8250,8250
2078,( True or ( True and False ) ) or ( ( not True ) or ( not False ) ) is,( False or ( False and True ) ) or ( ( not False ) or ( not True ) ) is,,6110,6110
2079,( not True ) or ( ( True and False ) or ( not False ) ) is,( not False ) or ( ( False and True ) or ( not True ) ) is,,6110,6110
2080,False or ( ( not True ) and ( False and False ) ) is,True or ( ( not False ) and ( True and True ) ) is,,8250,8250
2081,( ( not True ) and False ) or ( ( False and False ) and False ) is,( ( not False ) and True ) or ( ( True and True ) and True ) is,,8250,8250
2082,( not True ) or ( ( True or False ) or ( not True ) ) is,( not False ) or ( ( False or True ) or ( not False ) ) is,,6110,6110
2083,False and ( ( not True ) and ( False and False ) ) is,True and ( ( not False ) and ( True and True ) ) is,,8250,8250
2084,( ( True and False ) and ( not True ) ) or ( not False ) is,( ( False and True ) and ( not False ) ) or ( not True ) is,,6110,6110
2085,( True and ( not True ) ) and ( False or ( True or False ) ) is,( False and ( not False ) ) and ( True or ( False or True ) ) is,,8250,8250
2086,( ( True and True ) and ( not True ) ) and False is,( ( False and False ) and ( not False ) ) and True is,,8250,8250
2087,False or ( False and ( False and True ) ) is,True or ( True and ( True and False ) ) is,,8250,8250
2088,( ( False and False ) or ( not False ) ) and ( False and False ) is,( ( True and True ) or ( not True ) ) and ( True and True ) is,,8250,8250
2089,( ( False or False ) or True ) and ( ( not False ) or ( not False ) ) is,( ( True or True ) or False ) and ( ( not True ) or ( not True ) ) is,,6110,6110
2090,( ( not False ) or ( not True ) ) and False is,( ( not True ) or ( not False ) ) and True is,,8250,8250
2091,( ( False and True ) or True ) or ( True or True ) is,( ( True and False ) or False ) or ( False or False ) is,,6110,6110
2092,( ( False and True ) or ( True and True ) ) or ( not False ) is,( ( True and False ) or ( False and False ) ) or ( not True ) is,,6110,6110
2093,( ( True or False ) or True ) or ( ( False or True ) or False ) is,( ( False or True ) or False ) or ( ( True or False ) or True ) is,,6110,6110
2094,( ( True or False ) or ( False or True ) ) or ( not ( True and False ) ) is,( ( False or True ) or ( True or False ) ) or ( not ( False and True ) ) is,,6110,6110
2095,( False and True ) or ( ( True or True ) or True ) is,( True and False ) or ( ( False or False ) or False ) is,,6110,6110
2096,( not False ) and ( ( not False ) and ( not True ) ) is,( not True ) and ( ( not True ) and ( not False ) ) is,,8250,8250
2097,( ( False or False ) and True ) and ( True and ( not False ) ) is,( ( True or True ) and False ) and ( False and ( not True ) ) is,,8250,8250
2098,( not True ) or ( ( not False ) and ( False or False ) ) is,( not False ) or ( ( not True ) and ( True or True ) ) is,,8250,8250
2099,( True and True ) and ( not ( True and True ) ) is,( False and False ) and ( not ( False and False ) ) is,,8250,8250
2100,True or ( ( False or False ) or ( False and True ) ) is,False or ( ( True or True ) or ( True and False ) ) is,,6110,6110
2101,( ( False and False ) or False ) and ( not False ) is,( ( True and True ) or True ) and ( not True ) is,,8250,8250
2102,( ( False and False ) and False ) or ( not False ) is,( ( True and True ) and True ) or ( not True ) is,,6110,6110
2103,( False or False ) or ( True and ( True or True ) ) is,( True or True ) or ( False and ( False or False ) ) is,,6110,6110
2104,( not ( False and True ) ) or ( not True ) is,( not ( True and False ) ) or ( not False ) is,,6110,6110
2105,( True and ( True and True ) ) and ( not ( not True ) ) is,( False and ( False and False ) ) and ( not ( not False ) ) is,,6110,6110
2106,( True and ( False or False ) ) or ( False and ( False and True ) ) is,( False and ( True or True ) ) or ( True and ( True and False ) ) is,,8250,8250
2107,( not ( not True ) ) or ( ( not True ) or False ) is,( not ( not False ) ) or ( ( not False ) or True ) is,,6110,6110
2108,( not ( True or True ) ) and ( ( True or True ) and False ) is,( not ( False or False ) ) and ( ( False or False ) and True ) is,,8250,8250
2109,( True and False ) or ( not True ) is,( False and True ) or ( not False ) is,,8250,8250
2110,( True or False ) or ( ( True or True ) or False ) is,( False or True ) or ( ( False or False ) or True ) is,,6110,6110
2111,( True or True ) or ( not ( True and True ) ) is,( False or False ) or ( not ( False and False ) ) is,,6110,6110
2112,( ( False and False ) and True ) or ( ( False or False ) or True ) is,( ( True and True ) and False ) or ( ( True or True ) or False ) is,,6110,6110
2113,( ( not True ) and True ) or ( False or True ) is,( ( not False ) and False ) or ( True or False ) is,,6110,6110
2114,( ( False or True ) or False ) and ( False and ( not False ) ) is,( ( True or False ) or True ) and ( True and ( not True ) ) is,,8250,8250
2115,False and ( not ( True or False ) ) is,True and ( not ( False or True ) ) is,,8250,8250
2116,False and ( ( False and False ) or ( True and True ) ) is,True and ( ( True and True ) or ( False and False ) ) is,,8250,8250
2117,( ( False and False ) or False ) and ( False and False ) is,( ( True and True ) or True ) and ( True and True ) is,,8250,8250
2118,( not False ) and ( not ( False and False ) ) is,( not True ) and ( not ( True and True ) ) is,,6110,6110
2119,( ( False or True ) or ( False or True ) ) and ( True and False ) is,( ( True or False ) or ( True or False ) ) and ( False and True ) is,,8250,8250
2120,( ( not True ) and ( not True ) ) or ( not True ) is,( ( not False ) and ( not False ) ) or ( not False ) is,,8250,8250
2121,( ( False or True ) and ( not True ) ) and ( True and False ) is,( ( True or False ) and ( not False ) ) and ( False and True ) is,,8250,8250
2122,False and ( ( True or True ) and ( True and False ) ) is,True and ( ( False or False ) and ( False and True ) ) is,,8250,8250
2123,( False and True ) and ( not ( True or False ) ) is,( True and False ) and ( not ( False or True ) ) is,,8250,8250
2124,False and ( ( False and False ) or ( False or False ) ) is,True and ( ( True and True ) or ( True or True ) ) is,,8250,8250
2125,( ( False or False ) or False ) and ( ( not True ) and False ) is,( ( True or True ) or True ) and ( ( not False ) and True ) is,,8250,8250
2126,( ( False and True ) or ( not True ) ) or ( True and ( not True ) ) is,( ( True and False ) or ( not False ) ) or ( False and ( not False ) ) is,,8250,8250
2127,( False and ( False and False ) ) or ( not True ) is,( True and ( True and True ) ) or ( not False ) is,,8250,8250
2128,( ( not False ) or False ) and ( True and True ) is,( ( not True ) or True ) and ( False and False ) is,,6110,6110
2129,( True or ( False or True ) ) and ( ( False and True ) or False ) is,( False or ( True or False ) ) and ( ( True and False ) or True ) is,,8250,8250
2130,( ( True and False ) or True ) and ( ( True or False ) or False ) is,( ( False and True ) or False ) and ( ( False or True ) or True ) is,,6110,6110
2131,( ( True and False ) or ( True or True ) ) or ( ( not False ) and ( not True ) ) is,( ( False and True ) or ( False or False ) ) or ( ( not True ) and ( not False ) ) is,,6110,6110
2132,( not ( True or False ) ) and ( False and ( not False ) ) is,( not ( False or True ) ) and ( True and ( not True ) ) is,,8250,8250
2133,( not ( False and True ) ) or ( False or ( not True ) ) is,( not ( True and False ) ) or ( True or ( not False ) ) is,,6110,6110
2134,( not ( True and True ) ) and ( False and False ) is,( not ( False and False ) ) and ( True and True ) is,,8250,8250
2135,( False or True ) and ( True and ( True or False ) ) is,( True or False ) and ( False and ( False or True ) ) is,,6110,6110
2136,False and ( False or ( False and False ) ) is,True and ( True or ( True and True ) ) is,,8250,8250
2137,( True and ( True and True ) ) and ( True or ( True and False ) ) is,( False and ( False and False ) ) and ( False or ( False and True ) ) is,,6110,6110
2138,False or ( ( not False ) and ( not True ) ) is,True or ( ( not True ) and ( not False ) ) is,,8250,8250
2139,( True and ( False and False ) ) and ( ( not True ) and True ) is,( False and ( True and True ) ) and ( ( not False ) and False ) is,,8250,8250
2140,( True or ( False or True ) ) or ( False and False ) is,( False or ( True or False ) ) or ( True and True ) is,,6110,6110
2141,True or ( ( not True ) or ( True or False ) ) is,False or ( ( not False ) or ( False or True ) ) is,,6110,6110
2142,False and ( ( not True ) or ( True or True ) ) is,True and ( ( not False ) or ( False or False ) ) is,,8250,8250
2143,( False and ( not True ) ) or ( False or True ) is,( True and ( not False ) ) or ( True or False ) is,,6110,6110
2144,( ( True and True ) and False ) and ( not ( not False ) ) is,( ( False and False ) and True ) and ( not ( not True ) ) is,,8250,8250
2145,( ( False and False ) and ( True or False ) ) and ( not False ) is,( ( True and True ) and ( False or True ) ) and ( not True ) is,,8250,8250
2146,( not ( True and True ) ) and ( False or ( not False ) ) is,( not ( False and False ) ) and ( True or ( not True ) ) is,,8250,8250
2147,( ( not False ) and ( False and False ) ) or ( False and True ) is,( ( not True ) and ( True and True ) ) or ( True and False ) is,,8250,8250
2148,( not False ) or ( ( not True ) or False ) is,( not True ) or ( ( not False ) or True ) is,,6110,6110
2149,( False or ( False and True ) ) or ( False or False ) is,( True or ( True and False ) ) or ( True or True ) is,,8250,8250
2150,( True and ( not False ) ) and ( False or True ) is,( False and ( not True ) ) and ( True or False ) is,,6110,6110
2151,True or ( ( False and True ) and ( False and True ) ) is,False or ( ( True and False ) and ( True and False ) ) is,,6110,6110
2152,( True or ( True and True ) ) and ( False and True ) is,( False or ( False and False ) ) and ( True and False ) is,,8250,8250
2153,( ( False or True ) or False ) and ( not ( True or True ) ) is,( ( True or False ) or True ) and ( not ( False or False ) ) is,,8250,8250
2154,( True or True ) and ( False and ( True or False ) ) is,( False or False ) and ( True and ( False or True ) ) is,,8250,8250
2155,( False or ( True or False ) ) or ( True or True ) is,( True or ( False or True ) ) or ( False or False ) is,,6110,6110
2156,( False or False ) and ( ( True and False ) or ( True and False ) ) is,( True or True ) and ( ( False and True ) or ( False and True ) ) is,,8250,8250
2157,( ( False or False ) or ( False or True ) ) and ( True and True ) is,( ( True or True ) or ( True or False ) ) and ( False and False ) is,,6110,6110
2158,( False and ( False and True ) ) and ( False and ( True and False ) ) is,( True and ( True and False ) ) and ( True and ( False and True ) ) is,,8250,8250
2159,( ( False or False ) and True ) and False is,( ( True or True ) and False ) and True is,,8250,8250
2160,( True or True ) or ( ( False or False ) and False ) is,( False or False ) or ( ( True or True ) and True ) is,,6110,6110
2161,( True and True ) and ( False and ( True and False ) ) is,( False and False ) and ( True and ( False and True ) ) is,,8250,8250
2162,( True and ( True or True ) ) or ( True or ( not True ) ) is,( False and ( False or False ) ) or ( False or ( not False ) ) is,,6110,6110
2163,( not ( not False ) ) and ( not ( True or False ) ) is,( not ( not True ) ) and ( not ( False or True ) ) is,,8250,8250
2164,( not True ) and ( ( True or False ) or ( not True ) ) is,( not False ) and ( ( False or True ) or ( not False ) ) is,,8250,8250
2165,( True or ( not False ) ) and ( False and True ) is,( False or ( not True ) ) and ( True and False ) is,,8250,8250
2166,( False or True ) and ( not ( not False ) ) is,( True or False ) and ( not ( not True ) ) is,,8250,8250
2167,( not True ) or ( not ( False or True ) ) is,( not False ) or ( not ( True or False ) ) is,,8250,8250
2168,( ( True or True ) and ( False and False ) ) and False is,( ( False or False ) and ( True and True ) ) and True is,,8250,8250
2169,( ( False or False ) or False ) and False is,( ( True or True ) or True ) and True is,,8250,8250
2170,( True and ( not False ) ) and ( not ( not True ) ) is,( False and ( not True ) ) and ( not ( not False ) ) is,,6110,6110
2171,( ( True and False ) and ( False or True ) ) and ( True and False ) is,( ( False and True ) and ( True or False ) ) and ( False and True ) is,,8250,8250
2172,( ( True or True ) or ( True and True ) ) and ( False or ( not True ) ) is,( ( False or False ) or ( False and False ) ) and ( True or ( not False ) ) is,,8250,8250
2173,( not ( False and True ) ) and ( False and True ) is,( not ( True and False ) ) and ( True and False ) is,,8250,8250
2174,True or ( True or ( False and True ) ) is,False or ( False or ( True and False ) ) is,,6110,6110
2175,False or ( False and ( True and False ) ) is,True or ( True and ( False and True ) ) is,,8250,8250
2176,( ( True or False ) and False ) and ( ( not False ) or True ) is,( ( False or True ) and True ) and ( ( not True ) or False ) is,,8250,8250
2177,( ( False or False ) and False ) and False is,( ( True or True ) and True ) and True is,,8250,8250
2178,( not ( True or True ) ) and ( ( True and False ) and True ) is,( not ( False or False ) ) and ( ( False and True ) and False ) is,,8250,8250
2179,( False and ( True or False ) ) and ( not ( not True ) ) is,( True and ( False or True ) ) and ( not ( not False ) ) is,,8250,8250
2180,( True and ( not True ) ) or ( False and True ) is,( False and ( not False ) ) or ( True and False ) is,,8250,8250
2181,( ( not True ) and ( True or True ) ) and ( ( False or False ) or True ) is,( ( not False ) and ( False or False ) ) and ( ( True or True ) or False ) is,,8250,8250
2182,False or ( ( not False ) or ( not False ) ) is,True or ( ( not True ) or ( not True ) ) is,,6110,6110
2183,( True and ( True and True ) ) or ( not ( not False ) ) is,( False and ( False and False ) ) or ( not ( not True ) ) is,,6110,6110
2184,( ( True and False ) and ( True or False ) ) or ( not True ) is,( ( False and True ) and ( False or True ) ) or ( not False ) is,,8250,8250
2185,( ( True and True ) or False ) or ( not False ) is,( ( False and False ) or True ) or ( not True ) is,,6110,6110
2186,( False and True ) and ( True or False ) is,( True and False ) and ( False or True ) is,,8250,8250
2187,( ( not True ) or False ) or ( ( not False ) and ( not True ) ) is,( ( not False ) or True ) or ( ( not True ) and ( not False ) ) is,,8250,8250
2188,( ( not True ) or False ) or ( ( True or False ) and ( False and True ) ) is,( ( not False ) or True ) or ( ( False or True ) and ( True and False ) ) is,,8250,8250
2189,False or ( ( True or True ) or True ) is,True or ( ( False or False ) or False ) is,,6110,6110
2190,( True or True ) and ( ( False and True ) and True ) is,( False or False ) and ( ( True and False ) and False ) is,,8250,8250
2191,( ( True or True ) and True ) and ( not ( True or True ) ) is,( ( False or False ) and False ) and ( not ( False or False ) ) is,,8250,8250
2192,( ( True or False ) and False ) or ( not ( False or True ) ) is,( ( False or True ) and True ) or ( not ( True or False ) ) is,,8250,8250
2193,( ( True or True ) or True ) and ( ( True and True ) and False ) is,( ( False or False ) or False ) and ( ( False and False ) and True ) is,,8250,8250
2194,( ( False or True ) and True ) or ( not True ) is,( ( True or False ) and False ) or ( not False ) is,,6110,6110
2195,( not ( True and False ) ) and ( True or False ) is,( not ( False and True ) ) and ( False or True ) is,,6110,6110
2196,True or ( ( not True ) and ( False and False ) ) is,False or ( ( not False ) and ( True and True ) ) is,,6110,6110
2197,( True or ( not False ) ) or ( False or True ) is,( False or ( not True ) ) or ( True or False ) is,,6110,6110
2198,( False and ( True or False ) ) or ( True or True ) is,( True and ( False or True ) ) or ( False or False ) is,,6110,6110
2199,( True and ( True or True ) ) or ( False and False ) is,( False and ( False or False ) ) or ( True and True ) is,,6110,6110
2200,False and ( True and ( True and True ) ) is,True and ( False and ( False and False ) ) is,,8250,8250
2201,( ( False or False ) or True ) and ( True and False ) is,( ( True or True ) or False ) and ( False and True ) is,,8250,8250
2202,( not ( False or True ) ) or False is,( not ( True or False ) ) or True is,,8250,8250
2203,( ( False and False ) or ( not True ) ) and True is,( ( True and True ) or ( not False ) ) and False is,,8250,8250
2204,( ( True or True ) or ( False and False ) ) or False is,( ( False or False ) or ( True and True ) ) or True is,,6110,6110
2205,( True or ( False and False ) ) and ( not ( False and False ) ) is,( False or ( True and True ) ) and ( not ( True and True ) ) is,,6110,6110
2206,( False or True ) or ( False or ( not False ) ) is,( True or False ) or ( True or ( not True ) ) is,,6110,6110
2207,True and ( False or ( True and False ) ) is,False and ( True or ( False and True ) ) is,,8250,8250
2208,( ( False or False ) and False ) and ( False and False ) is,( ( True or True ) and True ) and ( True and True ) is,,8250,8250
2209,( False and True ) or ( True and ( True or False ) ) is,( True and False ) or ( False and ( False or True ) ) is,,6110,6110
2210,( True and True ) and ( ( False or True ) and ( not False ) ) is,( False and False ) and ( ( True or False ) and ( not True ) ) is,,6110,6110
2211,( False or ( False and True ) ) and ( True and True ) is,( True or ( True and False ) ) and ( False and False ) is,,8250,8250
2212,( not ( not True ) ) and ( True and False ) is,( not ( not False ) ) and ( False and True ) is,,8250,8250
2213,( True and True ) or ( not ( False or False ) ) is,( False and False ) or ( not ( True or True ) ) is,,6110,6110
2214,( ( False or False ) or ( not True ) ) or ( not False ) is,( ( True or True ) or ( not False ) ) or ( not True ) is,,6110,6110
2215,( not ( False or False ) ) or ( ( not True ) and ( not False ) ) is,( not ( True or True ) ) or ( ( not False ) and ( not True ) ) is,,6110,6110
2216,( False and True ) and ( True or True ) is,( True and False ) and ( False or False ) is,,8250,8250
2217,( ( True and True ) and ( False and False ) ) and ( not True ) is,( ( False and False ) and ( True and True ) ) and ( not False ) is,,8250,8250
2218,True and ( ( False or True ) and ( False and True ) ) is,False and ( ( True or False ) and ( True and False ) ) is,,8250,8250
2219,( False and ( not True ) ) and ( not ( not True ) ) is,( True and ( not False ) ) and ( not ( not False ) ) is,,8250,8250
2220,( not True ) or ( not False ) is,( not False ) or ( not True ) is,,6110,6110
2221,False and ( ( True or True ) or False ) is,True and ( ( False or False ) or True ) is,,8250,8250
2222,( ( not False ) and False ) and ( ( True and True ) and True ) is,( ( not True ) and True ) and ( ( False and False ) and False ) is,,8250,8250
2223,( False or True ) and ( ( True or False ) or False ) is,( True or False ) and ( ( False or True ) or True ) is,,6110,6110
2224,( ( False or False ) or False ) or ( True or False ) is,( ( True or True ) or True ) or ( False or True ) is,,6110,6110
2225,( not ( False and True ) ) or ( ( not True ) and False ) is,( not ( True and False ) ) or ( ( not False ) and True ) is,,6110,6110
2226,( not True ) or ( False or ( not False ) ) is,( not False ) or ( True or ( not True ) ) is,,6110,6110
2227,( ( not False ) or True ) or ( ( True and True ) and True ) is,( ( not True ) or False ) or ( ( False and False ) and False ) is,,6110,6110
2228,( not ( True or False ) ) or ( True or False ) is,( not ( False or True ) ) or ( False or True ) is,,6110,6110
2229,( ( False or True ) and ( not True ) ) or ( not ( not True ) ) is,( ( True or False ) and ( not False ) ) or ( not ( not False ) ) is,,6110,6110
2230,False or ( ( not True ) or ( False or False ) ) is,True or ( ( not False ) or ( True or True ) ) is,,8250,8250
2231,( not True ) and ( ( not True ) and ( False and False ) ) is,( not False ) and ( ( not False ) and ( True and True ) ) is,,8250,8250
2232,True or ( True or ( True or False ) ) is,False or ( False or ( False or True ) ) is,,6110,6110
2233,( False or ( True and False ) ) or ( True or False ) is,( True or ( False and True ) ) or ( False or True ) is,,6110,6110
2234,( not True ) and ( True and ( not True ) ) is,( not False ) and ( False and ( not False ) ) is,,8250,8250
2235,( not ( not True ) ) or ( not ( True and False ) ) is,( not ( not False ) ) or ( not ( False and True ) ) is,,6110,6110
2236,( False and True ) or ( False and False ) is,( True and False ) or ( True and True ) is,,8250,8250
2237,( not True ) and ( ( not False ) and ( False or True ) ) is,( not False ) and ( ( not True ) and ( True or False ) ) is,,8250,8250
2238,( ( not False ) and True ) and ( False and ( not False ) ) is,( ( not True ) and False ) and ( True and ( not True ) ) is,,8250,8250
2239,( ( False or False ) or ( not True ) ) or ( True or ( False or True ) ) is,( ( True or True ) or ( not False ) ) or ( False or ( True or False ) ) is,,6110,6110
2240,( not ( False and True ) ) or ( False or True ) is,( not ( True and False ) ) or ( True or False ) is,,6110,6110
2241,( False and ( True or True ) ) and ( not ( True or True ) ) is,( True and ( False or False ) ) and ( not ( False or False ) ) is,,8250,8250
2242,( False or ( not True ) ) and True is,( True or ( not False ) ) and False is,,8250,8250
2243,( True or True ) and ( not ( True and False ) ) is,( False or False ) and ( not ( False and True ) ) is,,6110,6110
2244,( True or ( not True ) ) and ( True and False ) is,( False or ( not False ) ) and ( False and True ) is,,8250,8250
2245,( ( not True ) and ( False and False ) ) or ( ( False and True ) or True ) is,( ( not False ) and ( True and True ) ) or ( ( True and False ) or False ) is,,6110,6110
2246,( True and ( False and False ) ) and ( ( True and True ) or False ) is,( False and ( True and True ) ) and ( ( False and False ) or True ) is,,8250,8250
2247,( not ( not True ) ) and ( not ( True and True ) ) is,( not ( not False ) ) and ( not ( False and False ) ) is,,8250,8250
2248,( not False ) or ( True or True ) is,( not True ) or ( False or False ) is,,6110,6110
2249,( False and True ) or ( ( True and True ) or True ) is,( True and False ) or ( ( False and False ) or False ) is,,6110,6110
2250,( True or ( not False ) ) or ( True and False ) is,( False or ( not True ) ) or ( False and True ) is,,6110,6110
2251,( False or False ) or ( ( False and True ) or ( not False ) ) is,( True or True ) or ( ( True and False ) or ( not True ) ) is,,6110,6110
2252,( False and False ) and ( ( True or True ) and False ) is,( True and True ) and ( ( False or False ) and True ) is,,8250,8250
2253,( not True ) or ( ( True and False ) or True ) is,( not False ) or ( ( False and True ) or False ) is,,6110,6110
2254,( ( True and False ) and ( not True ) ) and ( False or ( not False ) ) is,( ( False and True ) and ( not False ) ) and ( True or ( not True ) ) is,,8250,8250
2255,( ( not True ) or ( False and True ) ) and False is,( ( not False ) or ( True and False ) ) and True is,,8250,8250
2256,( False and ( False or False ) ) and ( False and ( True or False ) ) is,( True and ( True or True ) ) and ( True and ( False or True ) ) is,,8250,8250
2257,( True and ( not False ) ) and ( True or ( True or True ) ) is,( False and ( not True ) ) and ( False or ( False or False ) ) is,,6110,6110
2258,( ( not False ) and ( True and True ) ) or True is,( ( not True ) and ( False and False ) ) or False is,,6110,6110
2259,True and ( ( not False ) or ( False and False ) ) is,False and ( ( not True ) or ( True and True ) ) is,,6110,6110
2260,( True and ( False or False ) ) or ( ( True or True ) and True ) is,( False and ( True or True ) ) or ( ( False or False ) and False ) is,,6110,6110
2261,( not ( not True ) ) and ( ( True or False ) or ( True and True ) ) is,( not ( not False ) ) and ( ( False or True ) or ( False and False ) ) is,,6110,6110
2262,( True or ( True and False ) ) or ( not False ) is,( False or ( False and True ) ) or ( not True ) is,,6110,6110
2263,( not ( True or True ) ) or ( True and False ) is,( not ( False or False ) ) or ( False and True ) is,,8250,8250
2264,( ( False or False ) or ( True and True ) ) and ( ( not False ) and False ) is,( ( True or True ) or ( False and False ) ) and ( ( not True ) and True ) is,,8250,8250
2265,( not ( False or True ) ) and ( False and ( False or True ) ) is,( not ( True or False ) ) and ( True and ( True or False ) ) is,,8250,8250
2266,( ( True or True ) or ( True or False ) ) and True is,( ( False or False ) or ( False or True ) ) and False is,,6110,6110
2267,( False and ( True or True ) ) and ( not False ) is,( True and ( False or False ) ) and ( not True ) is,,8250,8250
2268,( not ( True or False ) ) or ( False or False ) is,( not ( False or True ) ) or ( True or True ) is,,8250,8250
2269,( ( True and True ) or ( not False ) ) or False is,( ( False and False ) or ( not True ) ) or True is,,6110,6110
2270,( not True ) and ( ( False and False ) and ( not True ) ) is,( not False ) and ( ( True and True ) and ( not False ) ) is,,8250,8250
2271,( True or False ) and ( False or True ) is,( False or True ) and ( True or False ) is,,6110,6110
2272,( ( not False ) or ( True and True ) ) or True is,( ( not True ) or ( False and False ) ) or False is,,6110,6110
2273,( ( True and True ) or False ) and ( ( not False ) and True ) is,( ( False and False ) or True ) and ( ( not True ) and False ) is,,6110,6110
2274,True or ( ( False or False ) and ( False or False ) ) is,False or ( ( True or True ) and ( True or True ) ) is,,6110,6110
2275,False or ( ( False and False ) or ( not False ) ) is,True or ( ( True and True ) or ( not True ) ) is,,6110,6110
2276,( ( False or True ) or True ) and ( True or True ) is,( ( True or False ) or False ) and ( False or False ) is,,6110,6110
2277,( not ( not True ) ) and ( ( not True ) and False ) is,( not ( not False ) ) and ( ( not False ) and True ) is,,8250,8250
2278,( True or ( not False ) ) and ( ( True and True ) and True ) is,( False or ( not True ) ) and ( ( False and False ) and False ) is,,6110,6110
2279,( True and ( True or False ) ) and ( False and True ) is,( False and ( False or True ) ) and ( True and False ) is,,8250,8250
2280,( ( False and False ) or False ) or False is,( ( True and True ) or True ) or True is,,8250,8250
2281,( not False ) or ( not ( not True ) ) is,( not True ) or ( not ( not False ) ) is,,6110,6110
2282,( True and ( True or False ) ) or ( False or ( True and True ) ) is,( False and ( False or True ) ) or ( True or ( False and False ) ) is,,6110,6110
2283,( True and False ) and ( ( not False ) and ( not False ) ) is,( False and True ) and ( ( not True ) and ( not True ) ) is,,8250,8250
2284,( not ( not True ) ) or ( ( not False ) and ( not False ) ) is,( not ( not False ) ) or ( ( not True ) and ( not True ) ) is,,6110,6110
2285,( ( False and True ) and ( not False ) ) and ( False or True ) is,( ( True and False ) and ( not True ) ) and ( True or False ) is,,8250,8250
2286,( ( True and True ) and ( True or True ) ) and ( not ( True and False ) ) is,( ( False and False ) and ( False or False ) ) and ( not ( False and True ) ) is,,6110,6110
2287,( ( not True ) or False ) and ( True or True ) is,( ( not False ) or True ) and ( False or False ) is,,8250,8250
2288,( ( not True ) and ( True or True ) ) or True is,( ( not False ) and ( False or False ) ) or False is,,6110,6110
2289,( False and False ) or ( False or ( False and False ) ) is,( True and True ) or ( True or ( True and True ) ) is,,8250,8250
2290,( ( True or False ) and ( not False ) ) and ( True and True ) is,( ( False or True ) and ( not True ) ) and ( False and False ) is,,6110,6110
2291,( ( True or True ) or ( False or False ) ) or ( not ( not False ) ) is,( ( False or False ) or ( True or True ) ) or ( not ( not True ) ) is,,6110,6110
2292,( ( False and False ) and False ) or ( ( True and False ) and False ) is,( ( True and True ) and True ) or ( ( False and True ) and True ) is,,8250,8250
2293,( not True ) or ( True or ( not True ) ) is,( not False ) or ( False or ( not False ) ) is,,6110,6110
2294,( ( not False ) or True ) and ( not False ) is,( ( not True ) or False ) and ( not True ) is,,6110,6110
2295,( not ( True and True ) ) and ( False or ( not True ) ) is,( not ( False and False ) ) and ( True or ( not False ) ) is,,8250,8250
2296,True or ( ( True or True ) and ( False and False ) ) is,False or ( ( False or False ) and ( True and True ) ) is,,6110,6110
2297,True and ( ( not False ) and False ) is,False and ( ( not True ) and True ) is,,8250,8250
2298,( not ( False or True ) ) and ( ( False or False ) or ( True and True ) ) is,( not ( True or False ) ) and ( ( True or True ) or ( False and False ) ) is,,8250,8250
2299,( ( not False ) and True ) and ( True and True ) is,( ( not True ) and False ) and ( False and False ) is,,6110,6110
2300,( ( True or True ) or ( not True ) ) and ( False and ( True and False ) ) is,( ( False or False ) or ( not False ) ) and ( True and ( False and True ) ) is,,8250,8250
2301,( not True ) or ( False or ( False or False ) ) is,( not False ) or ( True or ( True or True ) ) is,,8250,8250
2302,( True or False ) and ( ( False and True ) and ( False and True ) ) is,( False or True ) and ( ( True and False ) and ( True and False ) ) is,,8250,8250
2303,( ( True and False ) or ( True or True ) ) and ( True or False ) is,( ( False and True ) or ( False or False ) ) and ( False or True ) is,,6110,6110
2304,( ( not True ) or ( True and True ) ) or ( ( True or True ) and ( not True ) ) is,( ( not False ) or ( False and False ) ) or ( ( False or False ) and ( not False ) ) is,,6110,6110
2305,( ( not False ) or ( False and True ) ) and ( True or ( True or False ) ) is,( ( not True ) or ( True and False ) ) and ( False or ( False or True ) ) is,,6110,6110
2306,( ( False or True ) and ( not False ) ) or ( False or ( False or True ) ) is,( ( True or False ) and ( not True ) ) or ( True or ( True or False ) ) is,,6110,6110
2307,( ( True and False ) or ( not False ) ) or ( not True ) is,( ( False and True ) or ( not True ) ) or ( not False ) is,,6110,6110
2308,( ( not False ) and True ) and ( ( False or False ) or ( False and True ) ) is,( ( not True ) and False ) and ( ( True or True ) or ( True and False ) ) is,,8250,8250
2309,( ( not True ) or True ) or ( False and False ) is,( ( not False ) or False ) or ( True and True ) is,,6110,6110
2310,( not False ) and ( ( False and True ) and ( True and True ) ) is,( not True ) and ( ( True and False ) and ( False and False ) ) is,,8250,8250
2311,( not False ) and ( ( False or True ) and ( True or True ) ) is,( not True ) and ( ( True or False ) and ( False or False ) ) is,,6110,6110
2312,( False and ( True or True ) ) and ( not True ) is,( True and ( False or False ) ) and ( not False ) is,,8250,8250
2313,( not ( False or True ) ) or ( not True ) is,( not ( True or False ) ) or ( not False ) is,,8250,8250
2314,False and ( not ( True and True ) ) is,True and ( not ( False and False ) ) is,,8250,8250
2315,( True and ( True and False ) ) or ( ( not True ) or ( True and True ) ) is,( False and ( False and True ) ) or ( ( not False ) or ( False and False ) ) is,,6110,6110
2316,( True and True ) and ( ( True or True ) or True ) is,( False and False ) and ( ( False or False ) or False ) is,,6110,6110
2317,( False or True ) and ( ( not False ) and ( not True ) ) is,( True or False ) and ( ( not True ) and ( not False ) ) is,,8250,8250
2318,( ( not True ) or ( not True ) ) or ( False or ( True and True ) ) is,( ( not False ) or ( not False ) ) or ( True or ( False and False ) ) is,,6110,6110
2319,( not ( not False ) ) or ( True and ( False or True ) ) is,( not ( not True ) ) or ( False and ( True or False ) ) is,,6110,6110
2320,( not ( True or False ) ) and ( True or True ) is,( not ( False or True ) ) and ( False or False ) is,,8250,8250
2321,( ( False and False ) and False ) and ( False and ( not True ) ) is,( ( True and True ) and True ) and ( True and ( not False ) ) is,,8250,8250
2322,( ( True or False ) and ( False or False ) ) and False is,( ( False or True ) and ( True or True ) ) and True is,,8250,8250
2323,( not ( False and False ) ) or ( True and ( True and False ) ) is,( not ( True and True ) ) or ( False and ( False and True ) ) is,,6110,6110
2324,( not ( True and False ) ) or ( False and ( not False ) ) is,( not ( False and True ) ) or ( True and ( not True ) ) is,,6110,6110
2325,( ( True or False ) or True ) and ( False or True ) is,( ( False or True ) or False ) and ( True or False ) is,,6110,6110
2326,( False or ( False and True ) ) or ( ( True and False ) or False ) is,( True or ( True and False ) ) or ( ( False and True ) or True ) is,,8250,8250
2327,( ( True and True ) and False ) and ( True and ( False and False ) ) is,( ( False and False ) and True ) and ( False and ( True and True ) ) is,,8250,8250
2328,( not ( not True ) ) and True is,( not ( not False ) ) and False is,,6110,6110
2329,( ( False or True ) and False ) or ( True or ( not False ) ) is,( ( True or False ) and True ) or ( False or ( not True ) ) is,,6110,6110
2330,True or ( False or ( True and False ) ) is,False or ( True or ( False and True ) ) is,,6110,6110
2331,( ( not False ) and ( False and True ) ) and ( not True ) is,( ( not True ) and ( True and False ) ) and ( not False ) is,,8250,8250
2332,( ( False or True ) or ( not True ) ) and ( not True ) is,( ( True or False ) or ( not False ) ) and ( not False ) is,,8250,8250
2333,( True and ( False and False ) ) or ( ( True or False ) or ( not False ) ) is,( False and ( True and True ) ) or ( ( False or True ) or ( not True ) ) is,,6110,6110
2334,( True or ( not False ) ) and ( ( False and True ) and False ) is,( False or ( not True ) ) and ( ( True and False ) and True ) is,,8250,8250
2335,( ( True and True ) or ( not False ) ) or True is,( ( False and False ) or ( not True ) ) or False is,,6110,6110
2336,( True or False ) or ( ( not True ) and ( False and False ) ) is,( False or True ) or ( ( not False ) and ( True and True ) ) is,,6110,6110
2337,( ( True or False ) and ( True and True ) ) and ( True or ( not True ) ) is,( ( False or True ) and ( False and False ) ) and ( False or ( not False ) ) is,,6110,6110
2338,( ( True or False ) or ( False and False ) ) or ( not True ) is,( ( False or True ) or ( True and True ) ) or ( not False ) is,,6110,6110
2339,( ( not True ) or True ) or ( ( not True ) or True ) is,( ( not False ) or False ) or ( ( not False ) or False ) is,,6110,6110
2340,( False and ( True and True ) ) or True is,( True and ( False and False ) ) or False is,,6110,6110
2341,( False and ( True or False ) ) or ( True and ( not False ) ) is,( True and ( False or True ) ) or ( False and ( not True ) ) is,,6110,6110
2342,( not False ) and ( ( True or True ) and True ) is,( not True ) and ( ( False or False ) and False ) is,,6110,6110
2343,( ( not False ) or ( not False ) ) or ( not True ) is,( ( not True ) or ( not True ) ) or ( not False ) is,,6110,6110
2344,( not False ) or ( ( True or True ) or True ) is,( not True ) or ( ( False or False ) or False ) is,,6110,6110
2345,( ( not True ) or ( True and True ) ) and ( not False ) is,( ( not False ) or ( False and False ) ) and ( not True ) is,,6110,6110
2346,( False and False ) or ( ( False or False ) and False ) is,( True and True ) or ( ( True or True ) and True ) is,,8250,8250
2347,( ( not True ) and False ) and ( False or ( True and False ) ) is,( ( not False ) and True ) and ( True or ( False and True ) ) is,,8250,8250
2348,( ( False and False ) or False ) and ( False and ( True or False ) ) is,( ( True and True ) or True ) and ( True and ( False or True ) ) is,,8250,8250
2349,( ( not False ) and ( True and True ) ) and ( not False ) is,( ( not True ) and ( False and False ) ) and ( not True ) is,,6110,6110
2350,( ( not True ) and ( False or True ) ) or False is,( ( not False ) and ( True or False ) ) or True is,,8250,8250
2351,( True or ( False and False ) ) and ( not True ) is,( False or ( True and True ) ) and ( not False ) is,,8250,8250
2352,False and ( ( not True ) or True ) is,True and ( ( not False ) or False ) is,,8250,8250
2353,( False and True ) and ( True or ( True and True ) ) is,( True and False ) and ( False or ( False and False ) ) is,,8250,8250
2354,( not ( True and True ) ) or True is,( not ( False and False ) ) or False is,,6110,6110
2355,( ( not False ) and ( True and True ) ) and ( not ( not True ) ) is,( ( not True ) and ( False and False ) ) and ( not ( not False ) ) is,,6110,6110
2356,( ( not False ) and ( False and False ) ) and ( False and False ) is,( ( not True ) and ( True and True ) ) and ( True and True ) is,,8250,8250
2357,( ( not False ) or ( False and False ) ) and ( ( not False ) or ( not True ) ) is,( ( not True ) or ( True and True ) ) and ( ( not True ) or ( not False ) ) is,,6110,6110
2358,( False and False ) or ( True or ( True or False ) ) is,( True and True ) or ( False or ( False or True ) ) is,,6110,6110
2359,( not True ) or ( True or ( False and True ) ) is,( not False ) or ( False or ( True and False ) ) is,,6110,6110
2360,( ( False and False ) and ( not False ) ) or ( True and True ) is,( ( True and True ) and ( not True ) ) or ( False and False ) is,,6110,6110
2361,( not True ) or ( ( False and False ) and ( not False ) ) is,( not False ) or ( ( True and True ) and ( not True ) ) is,,8250,8250
2362,( ( True or True ) and ( not False ) ) and ( ( True or False ) or True ) is,( ( False or False ) and ( not True ) ) and ( ( False or True ) or False ) is,,6110,6110
2363,( False or ( not False ) ) or ( True or False ) is,( True or ( not True ) ) or ( False or True ) is,,6110,6110
2364,( True and False ) or ( ( True and True ) and True ) is,( False and True ) or ( ( False and False ) and False ) is,,6110,6110
2365,( not ( False and False ) ) and ( True or ( not True ) ) is,( not ( True and True ) ) and ( False or ( not False ) ) is,,6110,6110
2366,( False or ( not False ) ) and False is,( True or ( not True ) ) and True is,,8250,8250
2367,( ( True and False ) and ( not False ) ) and ( True and ( not True ) ) is,( ( False and True ) and ( not True ) ) and ( False and ( not False ) ) is,,8250,8250
2368,True or ( ( False or False ) and ( not False ) ) is,False or ( ( True or True ) and ( not True ) ) is,,6110,6110
2369,( False or ( True and True ) ) or ( ( False or True ) and False ) is,( True or ( False and False ) ) or ( ( True or False ) and True ) is,,6110,6110
2370,( ( True or True ) or ( not True ) ) and True is,( ( False or False ) or ( not False ) ) and False is,,6110,6110
2371,( ( True and True ) and True ) and ( not ( True and True ) ) is,( ( False and False ) and False ) and ( not ( False and False ) ) is,,8250,8250
2372,( False or True ) or ( ( True or True ) and True ) is,( True or False ) or ( ( False or False ) and False ) is,,6110,6110
2373,( ( True or False ) or False ) or ( not True ) is,( ( False or True ) or True ) or ( not False ) is,,6110,6110
2374,( ( not True ) or True ) or ( False and ( False and False ) ) is,( ( not False ) or False ) or ( True and ( True and True ) ) is,,6110,6110
2375,( False or ( not False ) ) or ( not ( not True ) ) is,( True or ( not True ) ) or ( not ( not False ) ) is,,6110,6110
2376,( ( not False ) or True ) or ( False or ( True or False ) ) is,( ( not True ) or False ) or ( True or ( False or True ) ) is,,6110,6110
2377,( ( True and False ) or False ) or True is,( ( False and True ) or True ) or False is,,6110,6110
2378,( False or ( False or False ) ) or ( True or True ) is,( True or ( True or True ) ) or ( False or False ) is,,6110,6110
2379,( True and ( False and True ) ) or ( ( not True ) or ( not False ) ) is,( False and ( True and False ) ) or ( ( not False ) or ( not True ) ) is,,6110,6110
2380,True or ( False and ( False or True ) ) is,False or ( True and ( True or False ) ) is,,6110,6110
2381,( True or ( True or True ) ) and ( ( True or False ) and ( not True ) ) is,( False or ( False or False ) ) and ( ( False or True ) and ( not False ) ) is,,8250,8250
2382,( False or False ) or ( False or True ) is,( True or True ) or ( True or False ) is,,6110,6110
2383,( False or ( False and False ) ) and False is,( True or ( True and True ) ) and True is,,8250,8250
2384,( True and ( True or True ) ) and ( not True ) is,( False and ( False or False ) ) and ( not False ) is,,8250,8250
2385,( True or ( False and True ) ) and ( ( False or True ) and False ) is,( False or ( True and False ) ) and ( ( True or False ) and True ) is,,8250,8250
2386,( not False ) or ( False and ( False or True ) ) is,( not True ) or ( True and ( True or False ) ) is,,6110,6110
2387,( not ( False and True ) ) or ( ( False and True ) or True ) is,( not ( True and False ) ) or ( ( True and False ) or False ) is,,6110,6110
2388,( not ( not False ) ) and ( not True ) is,( not ( not True ) ) and ( not False ) is,,8250,8250
2389,( not ( False and True ) ) or ( not False ) is,( not ( True and False ) ) or ( not True ) is,,6110,6110
2390,( ( not True ) or ( False or True ) ) or False is,( ( not False ) or ( True or False ) ) or True is,,6110,6110
2391,( ( True and True ) and False ) or ( True and False ) is,( ( False and False ) and True ) or ( False and True ) is,,8250,8250
2392,True and ( ( True and True ) and False ) is,False and ( ( False and False ) and True ) is,,8250,8250
2393,( not False ) or ( ( not True ) or ( False and True ) ) is,( not True ) or ( ( not False ) or ( True and False ) ) is,,6110,6110
2394,( False and ( False and False ) ) or ( ( False or True ) or True ) is,( True and ( True and True ) ) or ( ( True or False ) or False ) is,,6110,6110
2395,( True and False ) or ( False or ( not False ) ) is,( False and True ) or ( True or ( not True ) ) is,,6110,6110
2396,( False and ( not False ) ) or ( True or True ) is,( True and ( not True ) ) or ( False or False ) is,,6110,6110
2397,( not ( False or False ) ) or ( not ( True or True ) ) is,( not ( True or True ) ) or ( not ( False or False ) ) is,,6110,6110
2398,( False and False ) and ( ( False and False ) and True ) is,( True and True ) and ( ( True and True ) and False ) is,,8250,8250
2399,True or ( False or ( False or True ) ) is,False or ( True or ( True or False ) ) is,,6110,6110
2400,( ( False or True ) or True ) or ( not False ) is,( ( True or False ) or False ) or ( not True ) is,,6110,6110
2401,( not ( False or True ) ) and ( True or ( False and True ) ) is,( not ( True or False ) ) and ( False or ( True and False ) ) is,,8250,8250
2402,True or ( ( not False ) and ( True or True ) ) is,False or ( ( not True ) and ( False or False ) ) is,,6110,6110
2403,( not ( False and True ) ) or ( False or ( True and False ) ) is,( not ( True and False ) ) or ( True or ( False and True ) ) is,,6110,6110
2404,True and ( ( True or True ) and ( False or True ) ) is,False and ( ( False or False ) and ( True or False ) ) is,,6110,6110
2405,( True and ( False or False ) ) or ( ( True or False ) and False ) is,( False and ( True or True ) ) or ( ( False or True ) and True ) is,,8250,8250
2406,( not False ) and ( ( False or False ) and True ) is,( not True ) and ( ( True or True ) and False ) is,,8250,8250
2407,( not ( not True ) ) and ( ( True or True ) or ( False or False ) ) is,( not ( not False ) ) and ( ( False or False ) or ( True or True ) ) is,,6110,6110
2408,( not False ) and ( ( not True ) and False ) is,( not True ) and ( ( not False ) and True ) is,,8250,8250
2409,( True or ( False and True ) ) or True is,( False or ( True and False ) ) or False is,,6110,6110
2410,( ( False or True ) or True ) and ( not ( not True ) ) is,( ( True or False ) or False ) and ( not ( not False ) ) is,,6110,6110
2411,( ( True and True ) or False ) and ( not ( not True ) ) is,( ( False and False ) or True ) and ( not ( not False ) ) is,,6110,6110
2412,( ( not False ) or False ) and ( ( not False ) and ( True and True ) ) is,( ( not True ) or True ) and ( ( not True ) and ( False and False ) ) is,,6110,6110
2413,( ( False or True ) or ( True and False ) ) or ( not ( not False ) ) is,( ( True or False ) or ( False and True ) ) or ( not ( not True ) ) is,,6110,6110
2414,( ( not True ) and ( True and True ) ) and False is,( ( not False ) and ( False and False ) ) and True is,,8250,8250
2415,( not False ) or ( ( False or True ) and True ) is,( not True ) or ( ( True or False ) and False ) is,,6110,6110
2416,( True or ( False and False ) ) or ( ( False or False ) or True ) is,( False or ( True and True ) ) or ( ( True or True ) or False ) is,,6110,6110
2417,( not ( True and False ) ) and ( ( False or False ) and True ) is,( not ( False and True ) ) and ( ( True or True ) and False ) is,,8250,8250
2418,True and ( ( True and False ) and ( True or True ) ) is,False and ( ( False and True ) and ( False or False ) ) is,,8250,8250
2419,( ( not False ) or ( not False ) ) or False is,( ( not True ) or ( not True ) ) or True is,,6110,6110
2420,( True or ( True and True ) ) and ( False or True ) is,( False or ( False and False ) ) and ( True or False ) is,,6110,6110
2421,( ( False or True ) and True ) and ( False and ( not False ) ) is,( ( True or False ) and False ) and ( True and ( not True ) ) is,,8250,8250
2422,( ( not False ) and ( False or False ) ) and ( False or ( not False ) ) is,( ( not True ) and ( True or True ) ) and ( True or ( not True ) ) is,,8250,8250
2423,( True and ( False or False ) ) and ( not False ) is,( False and ( True or True ) ) and ( not True ) is,,8250,8250
2424,( not ( True or False ) ) or ( ( not True ) and ( True and False ) ) is,( not ( False or True ) ) or ( ( not False ) and ( False and True ) ) is,,8250,8250
2425,( not ( not True ) ) or ( False and ( True or False ) ) is,( not ( not False ) ) or ( True and ( False or True ) ) is,,6110,6110
2426,( ( True or False ) or ( False or True ) ) or ( ( not False ) and True ) is,( ( False or True ) or ( True or False ) ) or ( ( not True ) and False ) is,,6110,6110
2427,( ( not True ) or True ) and ( ( False and True ) and ( not False ) ) is,( ( not False ) or False ) and ( ( True and False ) and ( not True ) ) is,,8250,8250
2428,False and ( ( False and True ) or True ) is,True and ( ( True and False ) or False ) is,,8250,8250
2429,( ( not False ) and ( False and True ) ) and True is,( ( not True ) and ( True and False ) ) and False is,,8250,8250
2430,( True or ( not True ) ) or ( not False ) is,( False or ( not False ) ) or ( not True ) is,,6110,6110
2431,( not True ) and ( ( False and True ) and ( not False ) ) is,( not False ) and ( ( True and False ) and ( not True ) ) is,,8250,8250
2432,( False and False ) or ( ( not False ) and ( True and False ) ) is,( True and True ) or ( ( not True ) and ( False and True ) ) is,,8250,8250
2433,( False and False ) or ( ( not True ) and False ) is,( True and True ) or ( ( not False ) and True ) is,,8250,8250
2434,( ( True or False ) and ( False or False ) ) or ( True or True ) is,( ( False or True ) and ( True or True ) ) or ( False or False ) is,,6110,6110
2435,( True and False ) or ( ( not True ) or False ) is,( False and True ) or ( ( not False ) or True ) is,,8250,8250
2436,( ( not False ) or True ) or ( ( not True ) and ( True and False ) ) is,( ( not True ) or False ) or ( ( not False ) and ( False and True ) ) is,,6110,6110
2437,( ( False and False ) and ( False or True ) ) or ( True or True ) is,( ( True and True ) and ( True or False ) ) or ( False or False ) is,,6110,6110
2438,True and ( False and ( False or True ) ) is,False and ( True and ( True or False ) ) is,,8250,8250
2439,( not ( True and True ) ) or ( False and False ) is,( not ( False and False ) ) or ( True and True ) is,,8250,8250
2440,( False and True ) and ( ( True and False ) and False ) is,( True and False ) and ( ( False and True ) and True ) is,,8250,8250
2441,( False or False ) or ( ( True or False ) and False ) is,( True or True ) or ( ( False or True ) and True ) is,,8250,8250
2442,( not True ) and ( ( True or True ) or ( not True ) ) is,( not False ) and ( ( False or False ) or ( not False ) ) is,,8250,8250
2443,( True or False ) or ( ( False and False ) or False ) is,( False or True ) or ( ( True and True ) or True ) is,,6110,6110
2444,( ( not True ) and True ) or ( ( not False ) and False ) is,( ( not False ) and False ) or ( ( not True ) and True ) is,,8250,8250
2445,( ( not False ) or ( not True ) ) or True is,( ( not True ) or ( not False ) ) or False is,,6110,6110
2446,( False or ( False and True ) ) and ( not ( False and True ) ) is,( True or ( True and False ) ) and ( not ( True and False ) ) is,,8250,8250
2447,( True or ( True or True ) ) and ( ( not False ) and ( True or True ) ) is,( False or ( False or False ) ) and ( ( not True ) and ( False or False ) ) is,,6110,6110
2448,( ( not True ) and ( False and False ) ) or False is,( ( not False ) and ( True and True ) ) or True is,,8250,8250
2449,( False and True ) and ( False or ( True and True ) ) is,( True and False ) and ( True or ( False and False ) ) is,,8250,8250
2450,True or ( ( False and True ) or ( False and False ) ) is,False or ( ( True and False ) or ( True and True ) ) is,,6110,6110
2451,( not ( not False ) ) and ( ( not True ) and False ) is,( not ( not True ) ) and ( ( not False ) and True ) is,,8250,8250
2452,( not ( True or True ) ) or ( not ( not False ) ) is,( not ( False or False ) ) or ( not ( not True ) ) is,,8250,8250
2453,( ( False and True ) or False ) or ( False and ( not False ) ) is,( ( True and False ) or True ) or ( True and ( not True ) ) is,,8250,8250
2454,( not False ) and ( False and False ) is,( not True ) and ( True and True ) is,,8250,8250
2455,True and ( ( False and False ) or True ) is,False and ( ( True and True ) or False ) is,,6110,6110
2456,( not True ) or ( ( False or True ) and ( True and False ) ) is,( not False ) or ( ( True or False ) and ( False and True ) ) is,,8250,8250
2457,( ( False or False ) or ( not True ) ) and ( not ( not False ) ) is,( ( True or True ) or ( not False ) ) and ( not ( not True ) ) is,,8250,8250
2458,( True and False ) and ( True and ( not False ) ) is,( False and True ) and ( False and ( not True ) ) is,,8250,8250
2459,True or ( ( False or False ) and ( False and False ) ) is,False or ( ( True or True ) and ( True and True ) ) is,,6110,6110
2460,( not ( True and True ) ) and ( ( True and True ) or ( True and True ) ) is,( not ( False and False ) ) and ( ( False and False ) or ( False and False ) ) is,,8250,8250
2461,( False or True ) or ( ( False or False ) and ( False and False ) ) is,( True or False ) or ( ( True or True ) and ( True and True ) ) is,,6110,6110
2462,( not ( True or True ) ) and ( True or ( False or True ) ) is,( not ( False or False ) ) and ( False or ( True or False ) ) is,,8250,8250
2463,( ( not False ) and ( False and False ) ) and ( True and True ) is,( ( not True ) and ( True and True ) ) and ( False and False ) is,,8250,8250
2464,( ( False and False ) or True ) and ( True or ( True or False ) ) is,( ( True and True ) or False ) and ( False or ( False or True ) ) is,,6110,6110
2465,False or ( ( True and True ) or True ) is,True or ( ( False and False ) or False ) is,,6110,6110
2466,( not ( True or False ) ) or ( ( not True ) and True ) is,( not ( False or True ) ) or ( ( not False ) and False ) is,,8250,8250
2467,True and ( ( True and True ) or False ) is,False and ( ( False and False ) or True ) is,,6110,6110
2468,( True or ( True and False ) ) and ( False or False ) is,( False or ( False and True ) ) and ( True or True ) is,,8250,8250
2469,( not ( False and True ) ) and ( False or ( False or True ) ) is,( not ( True and False ) ) and ( True or ( True or False ) ) is,,6110,6110
2470,( ( False and True ) and ( False or True ) ) or ( not False ) is,( ( True and False ) and ( True or False ) ) or ( not True ) is,,6110,6110
2471,( ( False and False ) or ( True or True ) ) and ( True or False ) is,( ( True and True ) or ( False or False ) ) and ( False or True ) is,,6110,6110
2472,( not ( not True ) ) or ( True and True ) is,( not ( not False ) ) or ( False and False ) is,,6110,6110
2473,True and ( ( True or True ) or True ) is,False and ( ( False or False ) or False ) is,,6110,6110
2474,( ( True and False ) and False ) or ( True and True ) is,( ( False and True ) and True ) or ( False and False ) is,,6110,6110
2475,( False or True ) and ( True or ( not False ) ) is,( True or False ) and ( False or ( not True ) ) is,,6110,6110
2476,( ( False and False ) and True ) and False is,( ( True and True ) and False ) and True is,,8250,8250
2477,( ( False or False ) or ( True or False ) ) or True is,( ( True or True ) or ( False or True ) ) or False is,,6110,6110
2478,( not True ) and ( ( False or True ) and ( False and True ) ) is,( not False ) and ( ( True or False ) and ( True and False ) ) is,,8250,8250
2479,( not True ) and ( ( False or True ) and ( not True ) ) is,( not False ) and ( ( True or False ) and ( not False ) ) is,,8250,8250
2480,( False or False ) or ( False or ( not True ) ) is,( True or True ) or ( True or ( not False ) ) is,,8250,8250
2481,( False or ( True and True ) ) or ( not ( not False ) ) is,( True or ( False and False ) ) or ( not ( not True ) ) is,,6110,6110
2482,( ( False and True ) and ( not False ) ) or ( False or True ) is,( ( True and False ) and ( not True ) ) or ( True or False ) is,,6110,6110
2483,( True or False ) or ( False and ( True and False ) ) is,( False or True ) or ( True and ( False and True ) ) is,,6110,6110
2484,( ( not True ) and True ) or ( not ( False or True ) ) is,( ( not False ) and False ) or ( not ( True or False ) ) is,,8250,8250
2485,( not False ) and ( ( not True ) and ( False and False ) ) is,( not True ) and ( ( not False ) and ( True and True ) ) is,,8250,8250
2486,( ( False or True ) or ( False and True ) ) and False is,( ( True or False ) or ( True and False ) ) and True is,,8250,8250
2487,( True and False ) and False is,( False and True ) and True is,,8250,8250
2488,( False and True ) and ( True or ( True or True ) ) is,( True and False ) and ( False or ( False or False ) ) is,,8250,8250
2489,( ( True and True ) and True ) or ( True or False ) is,( ( False and False ) and False ) or ( False or True ) is,,6110,6110
2490,( False and True ) or ( False and ( False or True ) ) is,( True and False ) or ( True and ( True or False ) ) is,,8250,8250
2491,( ( not True ) and ( True or False ) ) or False is,( ( not False ) and ( False or True ) ) or True is,,8250,8250
2492,( True and ( True and False ) ) or False is,( False and ( False and True ) ) or True is,,8250,8250
2493,( True or ( not True ) ) and ( False or True ) is,( False or ( not False ) ) and ( True or False ) is,,6110,6110
2494,False or ( ( True and False ) or True ) is,True or ( ( False and True ) or False ) is,,6110,6110
2495,( False or False ) and ( True and ( False and False ) ) is,( True or True ) and ( False and ( True and True ) ) is,,8250,8250
2496,( ( not True ) and False ) and True is,( ( not False ) and True ) and False is,,8250,8250
2497,( not ( True and True ) ) or ( ( True or False ) or ( False or False ) ) is,( not ( False and False ) ) or ( ( False or True ) or ( True or True ) ) is,,6110,6110
2498,( not ( True or False ) ) and ( False and False ) is,( not ( False or True ) ) and ( True and True ) is,,8250,8250
2499,( False and True ) and ( not False ) is,( True and False ) and ( not True ) is,,8250,8250
2500,False and ( ( True or False ) or True ) is,True and ( ( False or True ) or False ) is,,8250,8250
2501,( ( not True ) and False ) and ( not True ) is,( ( not False ) and True ) and ( not False ) is,,8250,8250
2502,( True and ( not True ) ) or ( True and True ) is,( False and ( not False ) ) or ( False and False ) is,,6110,6110
2503,( False and ( False or True ) ) or ( True or True ) is,( True and ( True or False ) ) or ( False or False ) is,,6110,6110
2504,False and ( ( True or True ) and ( True or False ) ) is,True and ( ( False or False ) and ( False or True ) ) is,,8250,8250
2505,( ( not True ) or ( not True ) ) or True is,( ( not False ) or ( not False ) ) or False is,,6110,6110
2506,( ( True and True ) or ( False or False ) ) and ( not True ) is,( ( False and False ) or ( True or True ) ) and ( not False ) is,,8250,8250
2507,( ( True and False ) or True ) or ( ( not True ) and True ) is,( ( False and True ) or False ) or ( ( not False ) and False ) is,,6110,6110
2508,( False and ( True and True ) ) or ( True and True ) is,( True and ( False and False ) ) or ( False and False ) is,,6110,6110
2509,( not ( True and False ) ) or ( ( False and False ) and False ) is,( not ( False and True ) ) or ( ( True and True ) and True ) is,,6110,6110
2510,( False or ( True and False ) ) or ( False and True ) is,( True or ( False and True ) ) or ( True and False ) is,,8250,8250
2511,( ( not True ) and ( True and True ) ) or ( False or True ) is,( ( not False ) and ( False and False ) ) or ( True or False ) is,,6110,6110
2512,( ( not False ) and False ) or ( False and False ) is,( ( not True ) and True ) or ( True and True ) is,,8250,8250
2513,( ( True or True ) or ( False or False ) ) and ( ( not True ) or ( not True ) ) is,( ( False or False ) or ( True or True ) ) and ( ( not False ) or ( not False ) ) is,,8250,8250
2514,( True and False ) or ( False or ( False and False ) ) is,( False and True ) or ( True or ( True and True ) ) is,,8250,8250
2515,( ( True or False ) and ( True and True ) ) or True is,( ( False or True ) and ( False and False ) ) or False is,,6110,6110
2516,False or ( True and ( False or False ) ) is,True or ( False and ( True or True ) ) is,,8250,8250
2517,False or ( ( False and True ) and False ) is,True or ( ( True and False ) and True ) is,,8250,8250
2518,( not ( True or False ) ) and ( True or ( True or True ) ) is,( not ( False or True ) ) and ( False or ( False or False ) ) is,,8250,8250
2519,( False or ( not False ) ) and ( True and ( not True ) ) is,( True or ( not True ) ) and ( False and ( not False ) ) is,,8250,8250
2520,True and ( ( True or False ) and ( True or True ) ) is,False and ( ( False or True ) and ( False or False ) ) is,,6110,6110
2521,( True or ( False or True ) ) or ( ( not True ) or False ) is,( False or ( True or False ) ) or ( ( not False ) or True ) is,,6110,6110
2522,( ( False and True ) or True ) or True is,( ( True and False ) or False ) or False is,,6110,6110
2523,( ( False and False ) or True ) and ( not True ) is,( ( True and True ) or False ) and ( not False ) is,,8250,8250
2524,( True and True ) and ( ( not False ) or True ) is,( False and False ) and ( ( not True ) or False ) is,,6110,6110
2525,( ( not False ) or ( not True ) ) or ( True and True ) is,( ( not True ) or ( not False ) ) or ( False and False ) is,,6110,6110
2526,( ( not False ) or ( False or False ) ) and ( False or ( False or False ) ) is,( ( not True ) or ( True or True ) ) and ( True or ( True or True ) ) is,,8250,8250
2527,( ( False or False ) and True ) or ( False or ( not False ) ) is,( ( True or True ) and False ) or ( True or ( not True ) ) is,,6110,6110
2528,( ( False or False ) or ( False and True ) ) and ( ( not False ) or False ) is,( ( True or True ) or ( True and False ) ) and ( ( not True ) or True ) is,,8250,8250
2529,( ( not False ) or False ) or ( True or ( True or False ) ) is,( ( not True ) or True ) or ( False or ( False or True ) ) is,,6110,6110
2530,( ( not True ) and ( True or True ) ) and ( not False ) is,( ( not False ) and ( False or False ) ) and ( not True ) is,,8250,8250
2531,( False and False ) or ( not ( False and False ) ) is,( True and True ) or ( not ( True and True ) ) is,,6110,6110
2532,( True or ( True and True ) ) and ( not False ) is,( False or ( False and False ) ) and ( not True ) is,,6110,6110
2533,( ( not False ) or False ) or True is,( ( not True ) or True ) or False is,,6110,6110
2534,( ( True or True ) and False ) or ( ( not False ) or ( False or False ) ) is,( ( False or False ) and True ) or ( ( not True ) or ( True or True ) ) is,,6110,6110
2535,( True and ( True or True ) ) or ( ( not True ) and ( not False ) ) is,( False and ( False or False ) ) or ( ( not False ) and ( not True ) ) is,,6110,6110
2536,( not False ) and ( False and ( False or False ) ) is,( not True ) and ( True and ( True or True ) ) is,,8250,8250
2537,( False or False ) or ( False or ( True and True ) ) is,( True or True ) or ( True or ( False and False ) ) is,,6110,6110
2538,( ( False or True ) or ( not True ) ) or False is,( ( True or False ) or ( not False ) ) or True is,,6110,6110
2539,( not ( False and False ) ) or ( ( False and True ) and ( not False ) ) is,( not ( True and True ) ) or ( ( True and False ) and ( not True ) ) is,,6110,6110
2540,( True or False ) or ( False or ( True or True ) ) is,( False or True ) or ( True or ( False or False ) ) is,,6110,6110
2541,( ( not True ) and ( not False ) ) and ( False or True ) is,( ( not False ) and ( not True ) ) and ( True or False ) is,,8250,8250
2542,( True or True ) or ( ( False or False ) or ( True or False ) ) is,( False or False ) or ( ( True or True ) or ( False or True ) ) is,,6110,6110
2543,( ( not False ) and ( True or False ) ) and ( not False ) is,( ( not True ) and ( False or True ) ) and ( not True ) is,,6110,6110
2544,( ( not True ) and False ) or ( False and True ) is,( ( not False ) and True ) or ( True and False ) is,,8250,8250
2545,( True or False ) and ( ( False or False ) or ( True or True ) ) is,( False or True ) and ( ( True or True ) or ( False or False ) ) is,,6110,6110
2546,( not ( False or False ) ) or ( True or True ) is,( not ( True or True ) ) or ( False or False ) is,,6110,6110
2547,( not ( False and False ) ) or ( ( False or True ) or False ) is,( not ( True and True ) ) or ( ( True or False ) or True ) is,,6110,6110
2548,( not False ) or ( True and ( False or False ) ) is,( not True ) or ( False and ( True or True ) ) is,,6110,6110
2549,False and ( ( False and False ) and False ) is,True and ( ( True and True ) and True ) is,,8250,8250
2550,( not ( False and False ) ) and ( not ( False or True ) ) is,( not ( True and True ) ) and ( not ( True or False ) ) is,,8250,8250
2551,( not ( True or True ) ) and ( True or ( True or False ) ) is,( not ( False or False ) ) and ( False or ( False or True ) ) is,,8250,8250
2552,( False and False ) or ( ( False and True ) or True ) is,( True and True ) or ( ( True and False ) or False ) is,,6110,6110
2553,( ( not True ) and ( True and False ) ) and False is,( ( not False ) and ( False and True ) ) and True is,,8250,8250
2554,( ( not False ) or True ) and ( False or True ) is,( ( not True ) or False ) and ( True or False ) is,,6110,6110
2555,( ( False or False ) and False ) or ( False and True ) is,( ( True or True ) and True ) or ( True and False ) is,,8250,8250
2556,( False and ( False or False ) ) and ( not ( False and False ) ) is,( True and ( True or True ) ) and ( not ( True and True ) ) is,,8250,8250
2557,( ( False and True ) and False ) or ( ( False or True ) or False ) is,( ( True and False ) and True ) or ( ( True or False ) or True ) is,,6110,6110
2558,( ( True or False ) or ( not False ) ) or ( True or ( False or True ) ) is,( ( False or True ) or ( not True ) ) or ( False or ( True or False ) ) is,,6110,6110
2559,( ( not True ) or ( not False ) ) and True is,( ( not False ) or ( not True ) ) and False is,,6110,6110
2560,True and ( ( True and True ) or ( False and True ) ) is,False and ( ( False and False ) or ( True and False ) ) is,,6110,6110
2561,( not False ) and ( ( True and False ) and ( True or False ) ) is,( not True ) and ( ( False and True ) and ( False or True ) ) is,,8250,8250
2562,( ( not True ) or ( False or False ) ) and ( True or False ) is,( ( not False ) or ( True or True ) ) and ( False or True ) is,,8250,8250
2563,( False or ( not False ) ) or ( ( True and False ) or False ) is,( True or ( not True ) ) or ( ( False and True ) or True ) is,,6110,6110
2564,( not ( False or False ) ) or ( True or ( True or True ) ) is,( not ( True or True ) ) or ( False or ( False or False ) ) is,,6110,6110
2565,( not ( True or False ) ) and ( ( False and False ) and True ) is,( not ( False or True ) ) and ( ( True and True ) and False ) is,,8250,8250
2566,( True or ( not False ) ) and ( True and False ) is,( False or ( not True ) ) and ( False and True ) is,,8250,8250
2567,( False or True ) and False is,( True or False ) and True is,,8250,8250
2568,( not False ) or ( not ( True or True ) ) is,( not True ) or ( not ( False or False ) ) is,,6110,6110
2569,( ( not True ) and ( False or False ) ) or False is,( ( not False ) and ( True or True ) ) or True is,,8250,8250
2570,False and ( ( True and True ) and False ) is,True and ( ( False and False ) and True ) is,,8250,8250
2571,( ( not True ) and ( True and False ) ) or ( True or True ) is,( ( not False ) and ( False and True ) ) or ( False or False ) is,,6110,6110
2572,True and ( True and ( False and False ) ) is,False and ( False and ( True and True ) ) is,,8250,8250
2573,( not False ) or ( ( True and True ) and ( True and False ) ) is,( not True ) or ( ( False and False ) and ( False and True ) ) is,,6110,6110
2574,( ( False and False ) or ( not False ) ) and ( True and True ) is,( ( True and True ) or ( not True ) ) and ( False and False ) is,,6110,6110
2575,( ( not True ) or False ) or ( not True ) is,( ( not False ) or True ) or ( not False ) is,,8250,8250
2576,( ( True or True ) and ( False or True ) ) or ( not False ) is,( ( False or False ) and ( True or False ) ) or ( not True ) is,,6110,6110
2577,( False and ( not True ) ) or ( ( not False ) and True ) is,( True and ( not False ) ) or ( ( not True ) and False ) is,,6110,6110
2578,( not ( False or True ) ) or ( True or ( False and False ) ) is,( not ( True or False ) ) or ( False or ( True and True ) ) is,,6110,6110
2579,( True or True ) and ( ( True and False ) or True ) is,( False or False ) and ( ( False and True ) or False ) is,,6110,6110
2580,( True or False ) and ( ( not False ) or True ) is,( False or True ) and ( ( not True ) or False ) is,,6110,6110
2581,( ( not True ) and ( False and True ) ) or ( not ( False and False ) ) is,( ( not False ) and ( True and False ) ) or ( not ( True and True ) ) is,,6110,6110
2582,( ( False and False ) and False ) or ( False and ( False or True ) ) is,( ( True and True ) and True ) or ( True and ( True or False ) ) is,,8250,8250
2583,False and ( ( False or False ) or False ) is,True and ( ( True or True ) or True ) is,,8250,8250
2584,( ( not False ) or True ) and ( not ( False or True ) ) is,( ( not True ) or False ) and ( not ( True or False ) ) is,,8250,8250
2585,( ( not False ) and True ) or ( not False ) is,( ( not True ) and False ) or ( not True ) is,,6110,6110
2586,( ( False and True ) or False ) and ( True and False ) is,( ( True and False ) or True ) and ( False and True ) is,,8250,8250
2587,( ( not True ) or True ) and ( True or ( True or False ) ) is,( ( not False ) or False ) and ( False or ( False or True ) ) is,,6110,6110
2588,( ( not True ) or ( not False ) ) and ( ( False or False ) and True ) is,( ( not False ) or ( not True ) ) and ( ( True or True ) and False ) is,,8250,8250
2589,( ( not True ) or False ) or ( ( True or False ) or True ) is,( ( not False ) or True ) or ( ( False or True ) or False ) is,,6110,6110
2590,( not ( True and True ) ) and ( not ( False or False ) ) is,( not ( False and False ) ) and ( not ( True or True ) ) is,,8250,8250
2591,( ( False and True ) and False ) or ( not ( True and False ) ) is,( ( True and False ) and True ) or ( not ( False and True ) ) is,,6110,6110
2592,( not ( True and True ) ) or ( False and True ) is,( not ( False and False ) ) or ( True and False ) is,,8250,8250
2593,( True and ( not False ) ) or ( not True ) is,( False and ( not True ) ) or ( not False ) is,,6110,6110
2594,( ( False and False ) or ( True or True ) ) and ( not True ) is,( ( True and True ) or ( False or False ) ) and ( not False ) is,,8250,8250
2595,False or ( True and ( True or False ) ) is,True or ( False and ( False or True ) ) is,,6110,6110
2596,( not True ) or ( False or ( True and False ) ) is,( not False ) or ( True or ( False and True ) ) is,,8250,8250
2597,( ( False or True ) and ( False or False ) ) or ( False or True ) is,( ( True or False ) and ( True or True ) ) or ( True or False ) is,,6110,6110
2598,( True and True ) and ( not False ) is,( False and False ) and ( not True ) is,,6110,6110
2599,( False or True ) or ( ( not True ) or ( False or True ) ) is,( True or False ) or ( ( not False ) or ( True or False ) ) is,,6110,6110
2600,( ( True and False ) and False ) or ( False and ( False or True ) ) is,( ( False and True ) and True ) or ( True and ( True or False ) ) is,,8250,8250
2601,( False or ( not True ) ) or ( ( not True ) or ( not False ) ) is,( True or ( not False ) ) or ( ( not False ) or ( not True ) ) is,,6110,6110
2602,( ( not True ) and ( False and False ) ) and ( False and False ) is,( ( not False ) and ( True and True ) ) and ( True and True ) is,,8250,8250
2603,( ( not True ) or ( False and False ) ) and ( not ( not True ) ) is,( ( not False ) or ( True and True ) ) and ( not ( not False ) ) is,,8250,8250
2604,( ( True or True ) and False ) or ( not True ) is,( ( False or False ) and True ) or ( not False ) is,,8250,8250
2605,( ( not False ) or ( False and True ) ) or ( False and ( True and True ) ) is,( ( not True ) or ( True and False ) ) or ( True and ( False and False ) ) is,,6110,6110
2606,( False or ( False and False ) ) or False is,( True or ( True and True ) ) or True is,,8250,8250
2607,( ( not False ) and False ) or ( not True ) is,( ( not True ) and True ) or ( not False ) is,,8250,8250
2608,( not True ) and ( True and True ) is,( not False ) and ( False and False ) is,,8250,8250
2609,( False and False ) or ( ( True or True ) and ( False or False ) ) is,( True and True ) or ( ( False or False ) and ( True or True ) ) is,,8250,8250
2610,( ( False or True ) or False ) and ( not ( True or False ) ) is,( ( True or False ) or True ) and ( not ( False or True ) ) is,,8250,8250
2611,( ( True or False ) and True ) and ( False and True ) is,( ( False or True ) and False ) and ( True and False ) is,,8250,8250
2612,True or ( ( False or False ) or ( not True ) ) is,False or ( ( True or True ) or ( not False ) ) is,,6110,6110
2613,( ( not True ) and True ) and ( not ( False or True ) ) is,( ( not False ) and False ) and ( not ( True or False ) ) is,,8250,8250
2614,( not ( not True ) ) or ( False and ( True or True ) ) is,( not ( not False ) ) or ( True and ( False or False ) ) is,,6110,6110
2615,( ( not True ) or ( not False ) ) or ( ( True or False ) and ( False and False ) ) is,( ( not False ) or ( not True ) ) or ( ( False or True ) and ( True and True ) ) is,,6110,6110
2616,( ( not True ) or False ) or ( False or False ) is,( ( not False ) or True ) or ( True or True ) is,,8250,8250
2617,( ( True or False ) or ( True and True ) ) and ( not True ) is,( ( False or True ) or ( False and False ) ) and ( not False ) is,,8250,8250
2618,( True or ( True or False ) ) or ( not ( not True ) ) is,( False or ( False or True ) ) or ( not ( not False ) ) is,,6110,6110
2619,( True and True ) or ( ( True and True ) and ( False or True ) ) is,( False and False ) or ( ( False and False ) and ( True or False ) ) is,,6110,6110
2620,( ( not True ) and False ) and ( True and True ) is,( ( not False ) and True ) and ( False and False ) is,,8250,8250
2621,( False and True ) and ( True and ( True or True ) ) is,( True and False ) and ( False and ( False or False ) ) is,,8250,8250
2622,( ( True or False ) and ( True and False ) ) and ( False and True ) is,( ( False or True ) and ( False and True ) ) and ( True and False ) is,,8250,8250
2623,( True and False ) and True is,( False and True ) and False is,,8250,8250
2624,( False or ( False or False ) ) and False is,( True or ( True or True ) ) and True is,,8250,8250
2625,( ( False and False ) or False ) and ( not True ) is,( ( True and True ) or True ) and ( not False ) is,,8250,8250
2626,( ( False and False ) and ( False or False ) ) or ( False and True ) is,( ( True and True ) and ( True or True ) ) or ( True and False ) is,,8250,8250
2627,( False and True ) or ( ( False or True ) and True ) is,( True and False ) or ( ( True or False ) and False ) is,,6110,6110
2628,( True and True ) and ( ( not True ) or True ) is,( False and False ) and ( ( not False ) or False ) is,,6110,6110
2629,( False or ( False or True ) ) or ( not ( not True ) ) is,( True or ( True or False ) ) or ( not ( not False ) ) is,,6110,6110
2630,( ( not False ) and ( False or False ) ) and ( not ( True and True ) ) is,( ( not True ) and ( True or True ) ) and ( not ( False and False ) ) is,,8250,8250
2631,( False or ( not True ) ) and ( True and False ) is,( True or ( not False ) ) and ( False and True ) is,,8250,8250
2632,( ( False and False ) and ( not True ) ) or ( True and ( False or False ) ) is,( ( True and True ) and ( not False ) ) or ( False and ( True or True ) ) is,,8250,8250
2633,( ( True and False ) and True ) or ( not ( True and True ) ) is,( ( False and True ) and False ) or ( not ( False and False ) ) is,,8250,8250
2634,( False or ( not True ) ) or ( not ( False or False ) ) is,( True or ( not False ) ) or ( not ( True or True ) ) is,,6110,6110
2635,( True and ( True and True ) ) or True is,( False and ( False and False ) ) or False is,,6110,6110
2636,( True and False ) or ( False and ( not True ) ) is,( False and True ) or ( True and ( not False ) ) is,,8250,8250
2637,( ( True or True ) or True ) or ( ( True and True ) and False ) is,( ( False or False ) or False ) or ( ( False and False ) and True ) is,,6110,6110
2638,( False and ( False and True ) ) and ( not ( not True ) ) is,( True and ( True and False ) ) and ( not ( not False ) ) is,,8250,8250
2639,( ( False and True ) and ( False and True ) ) or ( not True ) is,( ( True and False ) and ( True and False ) ) or ( not False ) is,,8250,8250
2640,( ( False or True ) and ( False or False ) ) or True is,( ( True or False ) and ( True or True ) ) or False is,,6110,6110
2641,( ( False or False ) or True ) and ( ( True and False ) and True ) is,( ( True or True ) or False ) and ( ( False and True ) and False ) is,,8250,8250
2642,( ( not True ) or ( not False ) ) or ( not ( False and False ) ) is,( ( not False ) or ( not True ) ) or ( not ( True and True ) ) is,,6110,6110
2643,( ( not False ) or ( not False ) ) or ( False or False ) is,( ( not True ) or ( not True ) ) or ( True or True ) is,,6110,6110
2644,( False or True ) or ( not ( False or False ) ) is,( True or False ) or ( not ( True or True ) ) is,,6110,6110
2645,( ( False and True ) or ( not False ) ) or ( ( not True ) and True ) is,( ( True and False ) or ( not True ) ) or ( ( not False ) and False ) is,,6110,6110
2646,( ( not False ) or ( False or True ) ) or ( not True ) is,( ( not True ) or ( True or False ) ) or ( not False ) is,,6110,6110
2647,( ( not False ) or ( not False ) ) and ( not True ) is,( ( not True ) or ( not True ) ) and ( not False ) is,,8250,8250
2648,( ( False and True ) and True ) and ( ( True and True ) or True ) is,( ( True and False ) and False ) and ( ( False and False ) or False ) is,,8250,8250
2649,( False and ( True and False ) ) and ( not ( True or True ) ) is,( True and ( False and True ) ) and ( not ( False or False ) ) is,,8250,8250
2650,False and ( False or ( False or False ) ) is,True and ( True or ( True or True ) ) is,,8250,8250
2651,( True and ( False or False ) ) and ( False and True ) is,( False and ( True or True ) ) and ( True and False ) is,,8250,8250
2652,( ( not True ) and ( True or False ) ) or ( not False ) is,( ( not False ) and ( False or True ) ) or ( not True ) is,,6110,6110
2653,( True or False ) and ( True or ( True or False ) ) is,( False or True ) and ( False or ( False or True ) ) is,,6110,6110
2654,( ( True and True ) or ( True and True ) ) and ( False and True ) is,( ( False and False ) or ( False and False ) ) and ( True and False ) is,,8250,8250
2655,( True or False ) and ( ( True or False ) or True ) is,( False or True ) and ( ( False or True ) or False ) is,,6110,6110
2656,True and ( False and ( False and True ) ) is,False and ( True and ( True and False ) ) is,,8250,8250
2657,( ( True and True ) and False ) or ( not False ) is,( ( False and False ) and True ) or ( not True ) is,,6110,6110
2658,( False and True ) or ( ( True and True ) or ( False and False ) ) is,( True and False ) or ( ( False and False ) or ( True and True ) ) is,,6110,6110
2659,( ( True and True ) and False ) and ( False and ( True or True ) ) is,( ( False and False ) and True ) and ( True and ( False or False ) ) is,,8250,8250
2660,( not ( not False ) ) and ( False and True ) is,( not ( not True ) ) and ( True and False ) is,,8250,8250
2661,( ( False or False ) or ( False and True ) ) or ( False or False ) is,( ( True or True ) or ( True and False ) ) or ( True or True ) is,,8250,8250
2662,( ( False and False ) or False ) or ( not ( not True ) ) is,( ( True and True ) or True ) or ( not ( not False ) ) is,,6110,6110
2663,( ( not False ) or ( not True ) ) or ( ( True and True ) and False ) is,( ( not True ) or ( not False ) ) or ( ( False and False ) and True ) is,,6110,6110
2664,( not True ) or ( ( not True ) or False ) is,( not False ) or ( ( not False ) or True ) is,,8250,8250
2665,True and ( False and ( True or True ) ) is,False and ( True and ( False or False ) ) is,,8250,8250
2666,( False and ( not False ) ) or ( ( True and False ) or True ) is,( True and ( not True ) ) or ( ( False and True ) or False ) is,,6110,6110
2667,( False and ( True or False ) ) and ( ( True or True ) or ( not False ) ) is,( True and ( False or True ) ) and ( ( False or False ) or ( not True ) ) is,,8250,8250
2668,( ( True and True ) or ( True or True ) ) or ( not False ) is,( ( False and False ) or ( False or False ) ) or ( not True ) is,,6110,6110
2669,( ( True and True ) and ( False and True ) ) and True is,( ( False and False ) and ( True and False ) ) and False is,,8250,8250
2670,( ( not True ) and ( not False ) ) and ( True or ( not True ) ) is,( ( not False ) and ( not True ) ) and ( False or ( not False ) ) is,,8250,8250
2671,( True or ( False and False ) ) or False is,( False or ( True and True ) ) or True is,,6110,6110
2672,( True or ( True and False ) ) and ( True or ( True or True ) ) is,( False or ( False and True ) ) and ( False or ( False or False ) ) is,,6110,6110
2673,( not False ) or ( True or ( not True ) ) is,( not True ) or ( False or ( not False ) ) is,,6110,6110
2674,( False or True ) or ( not ( not True ) ) is,( True or False ) or ( not ( not False ) ) is,,6110,6110
2675,( True or True ) or ( True and ( True and True ) ) is,( False or False ) or ( False and ( False and False ) ) is,,6110,6110
2676,( True and False ) or ( True and ( False and False ) ) is,( False and True ) or ( False and ( True and True ) ) is,,8250,8250
2677,( ( True and False ) or ( False and False ) ) or ( True or True ) is,( ( False and True ) or ( True and True ) ) or ( False or False ) is,,6110,6110
2678,( True or ( False and True ) ) or ( False and True ) is,( False or ( True and False ) ) or ( True and False ) is,,6110,6110
2679,( not False ) and ( ( True or True ) or ( False and True ) ) is,( not True ) and ( ( False or False ) or ( True and False ) ) is,,6110,6110
2680,( not ( True and True ) ) or ( True and ( False or False ) ) is,( not ( False and False ) ) or ( False and ( True or True ) ) is,,8250,8250
2681,( not False ) or ( ( True or False ) or ( True or True ) ) is,( not True ) or ( ( False or True ) or ( False or False ) ) is,,6110,6110
2682,( ( not True ) and ( False or False ) ) and ( not True ) is,( ( not False ) and ( True or True ) ) and ( not False ) is,,8250,8250
2683,( False or False ) and ( ( True and True ) and False ) is,( True or True ) and ( ( False and False ) and True ) is,,8250,8250
2684,( ( not False ) or ( False and False ) ) and ( not True ) is,( ( not True ) or ( True and True ) ) and ( not False ) is,,8250,8250
2685,True and ( ( True or True ) or ( True and True ) ) is,False and ( ( False or False ) or ( False and False ) ) is,,6110,6110
2686,True and ( ( False and False ) and True ) is,False and ( ( True and True ) and False ) is,,8250,8250
2687,( True or False ) or ( False or ( not True ) ) is,( False or True ) or ( True or ( not False ) ) is,,6110,6110
2688,( ( not False ) and ( not False ) ) or ( True and ( False or True ) ) is,( ( not True ) and ( not True ) ) or ( False and ( True or False ) ) is,,6110,6110
2689,( True and ( False or False ) ) or ( False or True ) is,( False and ( True or True ) ) or ( True or False ) is,,6110,6110
2690,( ( not False ) or True ) or ( True and False ) is,( ( not True ) or False ) or ( False and True ) is,,6110,6110
2691,( not True ) and ( not ( True and False ) ) is,( not False ) and ( not ( False and True ) ) is,,8250,8250
2692,( not False ) or ( ( not False ) and ( True or True ) ) is,( not True ) or ( ( not True ) and ( False or False ) ) is,,6110,6110
2693,( False or True ) and ( True and ( not True ) ) is,( True or False ) and ( False and ( not False ) ) is,,8250,8250
2694,( not False ) or ( ( False and True ) or True ) is,( not True ) or ( ( True and False ) or False ) is,,6110,6110
2695,( ( True and True ) and False ) and True is,( ( False and False ) and True ) and False is,,8250,8250
2696,( True or False ) or ( True or ( False and False ) ) is,( False or True ) or ( False or ( True and True ) ) is,,6110,6110
2697,( True or False ) and ( False and False ) is,( False or True ) and ( True and True ) is,,8250,8250
2698,( ( not True ) and True ) or ( ( False or False ) and ( not False ) ) is,( ( not False ) and False ) or ( ( True or True ) and ( not True ) ) is,,8250,8250
2699,( not ( False or True ) ) and ( True and True ) is,( not ( True or False ) ) and ( False and False ) is,,8250,8250
2700,True or ( ( True and False ) and ( True and False ) ) is,False or ( ( False and True ) and ( False and True ) ) is,,6110,6110
2701,( ( not True ) or False ) and ( ( False and True ) and True ) is,( ( not False ) or True ) and ( ( True and False ) and False ) is,,8250,8250
2702,( True or False ) and ( False or ( False or True ) ) is,( False or True ) and ( True or ( True or False ) ) is,,6110,6110
2703,( False or ( True and False ) ) or ( True and True ) is,( True or ( False and True ) ) or ( False and False ) is,,6110,6110
2704,True or ( True or ( True or True ) ) is,False or ( False or ( False or False ) ) is,,6110,6110
2705,( not True ) and ( not ( not True ) ) is,( not False ) and ( not ( not False ) ) is,,8250,8250
2706,( True or ( True and False ) ) or ( ( not False ) and True ) is,( False or ( False and True ) ) or ( ( not True ) and False ) is,,6110,6110
2707,( False and True ) and ( ( True or False ) or False ) is,( True and False ) and ( ( False or True ) or True ) is,,8250,8250
2708,( not True ) or ( ( True or True ) or False ) is,( not False ) or ( ( False or False ) or True ) is,,6110,6110
2709,( not ( not False ) ) and ( ( True or True ) or True ) is,( not ( not True ) ) and ( ( False or False ) or False ) is,,8250,8250
2710,( ( True and True ) or True ) or ( not False ) is,( ( False and False ) or False ) or ( not True ) is,,6110,6110
2711,( not True ) or ( ( False and False ) and ( False and True ) ) is,( not False ) or ( ( True and True ) and ( True and False ) ) is,,8250,8250
2712,True and ( ( True and True ) and ( not True ) ) is,False and ( ( False and False ) and ( not False ) ) is,,8250,8250
2713,( ( not False ) or False ) and ( True or ( not False ) ) is,( ( not True ) or True ) and ( False or ( not True ) ) is,,6110,6110
2714,( ( True or True ) or ( True and True ) ) and True is,( ( False or False ) or ( False and False ) ) and False is,,6110,6110
2715,( not False ) or ( ( False or True ) and ( not False ) ) is,( not True ) or ( ( True or False ) and ( not True ) ) is,,6110,6110
2716,( True or False ) or ( True and False ) is,( False or True ) or ( False and True ) is,,6110,6110
2717,( not True ) or ( ( not True ) and ( True or True ) ) is,( not False ) or ( ( not False ) and ( False or False ) ) is,,8250,8250
2718,( True and True ) and ( ( True and False ) or False ) is,( False and False ) and ( ( False and True ) or True ) is,,8250,8250
2719,( not ( not False ) ) and ( not ( not False ) ) is,( not ( not True ) ) and ( not ( not True ) ) is,,8250,8250
2720,( True and ( False or False ) ) or ( False or False ) is,( False and ( True or True ) ) or ( True or True ) is,,8250,8250
2721,( True or False ) and ( ( True and False ) and True ) is,( False or True ) and ( ( False and True ) and False ) is,,8250,8250
2722,( ( not False ) or True ) and ( ( True and False ) and True ) is,( ( not True ) or False ) and ( ( False and True ) and False ) is,,8250,8250
2723,False and ( ( True and True ) and ( True or True ) ) is,True and ( ( False and False ) and ( False or False ) ) is,,8250,8250
2724,( True and True ) and ( False and False ) is,( False and False ) and ( True and True ) is,,8250,8250
2725,( True or False ) and ( ( not False ) or ( not False ) ) is,( False or True ) and ( ( not True ) or ( not True ) ) is,,6110,6110
2726,( ( not True ) and ( False or False ) ) or True is,( ( not False ) and ( True or True ) ) or False is,,6110,6110
2727,True and ( ( True or True ) or ( False or True ) ) is,False and ( ( False or False ) or ( True or False ) ) is,,6110,6110
2728,( not True ) and ( ( True or False ) or ( False or False ) ) is,( not False ) and ( ( False or True ) or ( True or True ) ) is,,8250,8250
2729,( ( False or True ) or True ) or ( ( True or False ) or True ) is,( ( True or False ) or False ) or ( ( False or True ) or False ) is,,6110,6110
2730,( True and ( True or True ) ) and ( ( not True ) and ( True and False ) ) is,( False and ( False or False ) ) and ( ( not False ) and ( False and True ) ) is,,8250,8250
2731,True and ( ( True or False ) and True ) is,False and ( ( False or True ) and False ) is,,6110,6110
2732,( ( False or False ) or ( False or False ) ) or ( not False ) is,( ( True or True ) or ( True or True ) ) or ( not True ) is,,6110,6110
2733,( False and ( True and True ) ) or False is,( True and ( False and False ) ) or True is,,8250,8250
2734,( False or False ) or ( ( False and False ) or False ) is,( True or True ) or ( ( True and True ) or True ) is,,8250,8250
2735,( ( False and False ) or True ) and ( ( True or True ) or True ) is,( ( True and True ) or False ) and ( ( False or False ) or False ) is,,6110,6110
2736,( ( True and False ) and ( True and True ) ) and ( not True ) is,( ( False and True ) and ( False and False ) ) and ( not False ) is,,8250,8250
2737,( ( True or False ) and ( True and False ) ) or ( not ( not True ) ) is,( ( False or True ) and ( False and True ) ) or ( not ( not False ) ) is,,6110,6110
2738,( False or True ) and ( ( True or False ) and ( not False ) ) is,( True or False ) and ( ( False or True ) and ( not True ) ) is,,6110,6110
2739,( ( not False ) and ( False or True ) ) or True is,( ( not True ) and ( True or False ) ) or False is,,6110,6110
2740,True and ( ( False and True ) or ( not False ) ) is,False and ( ( True and False ) or ( not True ) ) is,,6110,6110
2741,( True or ( not False ) ) and ( True or ( not True ) ) is,( False or ( not True ) ) and ( False or ( not False ) ) is,,6110,6110
2742,( ( True or True ) and ( True and False ) ) or False is,( ( False or False ) and ( False and True ) ) or True is,,8250,8250
2743,( ( True or True ) or ( not False ) ) and ( False and ( not True ) ) is,( ( False or False ) or ( not True ) ) and ( True and ( not False ) ) is,,8250,8250
2744,( ( False or False ) and False ) or True is,( ( True or True ) and True ) or False is,,6110,6110
2745,( ( not False ) or ( not True ) ) and ( True and ( not False ) ) is,( ( not True ) or ( not False ) ) and ( False and ( not True ) ) is,,6110,6110
2746,( True and ( not False ) ) and True is,( False and ( not True ) ) and False is,,6110,6110
2747,( False or ( False and False ) ) and ( ( False and True ) and True ) is,( True or ( True and True ) ) and ( ( True and False ) and False ) is,,8250,8250
2748,False or ( ( False or True ) or True ) is,True or ( ( True or False ) or False ) is,,6110,6110
2749,True or ( not ( not False ) ) is,False or ( not ( not True ) ) is,,6110,6110
2750,( False and False ) or False is,( True and True ) or True is,,8250,8250
2751,( ( True and False ) or True ) or ( ( not True ) or ( not False ) ) is,( ( False and True ) or False ) or ( ( not False ) or ( not True ) ) is,,6110,6110
2752,( ( not False ) or True ) or ( True and True ) is,( ( not True ) or False ) or ( False and False ) is,,6110,6110
2753,( False and ( not False ) ) or ( ( not False ) and ( True and False ) ) is,( True and ( not True ) ) or ( ( not True ) and ( False and True ) ) is,,8250,8250
2754,( not ( False or False ) ) or ( not True ) is,( not ( True or True ) ) or ( not False ) is,,6110,6110
2755,False or ( False or False ) is,True or ( True or True ) is,,8250,8250
2756,( ( False and True ) and ( False and False ) ) or ( False and False ) is,( ( True and False ) and ( True and True ) ) or ( True and True ) is,,8250,8250
2757,( ( True or True ) or False ) and ( not ( True and True ) ) is,( ( False or False ) or True ) and ( not ( False and False ) ) is,,8250,8250
2758,( ( True or True ) and True ) or ( True and True ) is,( ( False or False ) and False ) or ( False and False ) is,,6110,6110
2759,( False or True ) or ( True or ( False and True ) ) is,( True or False ) or ( False or ( True and False ) ) is,,6110,6110
2760,( ( not True ) and ( False or False ) ) and False is,( ( not False ) and ( True or True ) ) and True is,,8250,8250
2761,( not ( not False ) ) or ( True or ( False or True ) ) is,( not ( not True ) ) or ( False or ( True or False ) ) is,,6110,6110
2762,( ( not True ) or True ) or ( not True ) is,( ( not False ) or False ) or ( not False ) is,,6110,6110
2763,( not False ) or ( False and ( not True ) ) is,( not True ) or ( True and ( not False ) ) is,,6110,6110
2764,( ( False and False ) and True ) and ( False or False ) is,( ( True and True ) and False ) and ( True or True ) is,,8250,8250
2765,True and ( not True ) is,False and ( not False ) is,,8250,8250
2766,( False and ( False or False ) ) and ( True and True ) is,( True and ( True or True ) ) and ( False and False ) is,,8250,8250
2767,( True or False ) and ( ( not False ) and False ) is,( False or True ) and ( ( not True ) and True ) is,,8250,8250
2768,( ( True and True ) and ( True or True ) ) and ( False and True ) is,( ( False and False ) and ( False or False ) ) and ( True and False ) is,,8250,8250
2769,( False and False ) and ( ( not False ) and True ) is,( True and True ) and ( ( not True ) and False ) is,,8250,8250
2770,( not ( False and False ) ) or ( not ( not False ) ) is,( not ( True and True ) ) or ( not ( not True ) ) is,,6110,6110
2771,( not True ) and ( not ( True or False ) ) is,( not False ) and ( not ( False or True ) ) is,,8250,8250
2772,( ( not True ) or True ) and False is,( ( not False ) or False ) and True is,,8250,8250
2773,( True or True ) or ( ( True or True ) or ( not True ) ) is,( False or False ) or ( ( False or False ) or ( not False ) ) is,,6110,6110
2774,( True and ( not True ) ) and ( ( not True ) and ( not False ) ) is,( False and ( not False ) ) and ( ( not False ) and ( not True ) ) is,,8250,8250
2775,( ( False and True ) and False ) and False is,( ( True and False ) and True ) and True is,,8250,8250
2776,( False or ( False or False ) ) or True is,( True or ( True or True ) ) or False is,,6110,6110
2777,( True or True ) or ( False or ( True or False ) ) is,( False or False ) or ( True or ( False or True ) ) is,,6110,6110
2778,False or ( ( True or True ) and True ) is,True or ( ( False or False ) and False ) is,,6110,6110
2779,( not ( True or True ) ) or ( False and ( True and False ) ) is,( not ( False or False ) ) or ( True and ( False and True ) ) is,,8250,8250
2780,( False and ( True or True ) ) and ( True and False ) is,( True and ( False or False ) ) and ( False and True ) is,,8250,8250
2781,( False and False ) or ( not ( True and False ) ) is,( True and True ) or ( not ( False and True ) ) is,,6110,6110
2782,( ( True or True ) or ( False and True ) ) and True is,( ( False or False ) or ( True and False ) ) and False is,,6110,6110
2783,( True or ( not True ) ) and ( ( True and True ) and ( not True ) ) is,( False or ( not False ) ) and ( ( False and False ) and ( not False ) ) is,,8250,8250
2784,( False and True ) or ( ( False or False ) and True ) is,( True and False ) or ( ( True or True ) and False ) is,,8250,8250
2785,( ( not True ) or ( not False ) ) and ( False and ( True or True ) ) is,( ( not False ) or ( not True ) ) and ( True and ( False or False ) ) is,,8250,8250
2786,True and ( ( True and True ) and ( False or True ) ) is,False and ( ( False and False ) and ( True or False ) ) is,,6110,6110
2787,( ( True or True ) and ( not True ) ) and True is,( ( False or False ) and ( not False ) ) and False is,,8250,8250
2788,( ( False and True ) or ( True or False ) ) or ( not True ) is,( ( True and False ) or ( False or True ) ) or ( not False ) is,,6110,6110
2789,False and ( ( not False ) and ( False and True ) ) is,True and ( ( not True ) and ( True and False ) ) is,,8250,8250
2790,( ( not True ) and ( False and True ) ) or ( not ( True or False ) ) is,( ( not False ) and ( True and False ) ) or ( not ( False or True ) ) is,,8250,8250
2791,( not True ) or ( False and ( True and False ) ) is,( not False ) or ( True and ( False and True ) ) is,,8250,8250
2792,( ( True and False ) or False ) or ( ( not False ) or ( False or True ) ) is,( ( False and True ) or True ) or ( ( not True ) or ( True or False ) ) is,,6110,6110
2793,( ( True or True ) or False ) or ( False or False ) is,( ( False or False ) or True ) or ( True or True ) is,,6110,6110
2794,( False and ( not True ) ) or ( False and ( True and False ) ) is,( True and ( not False ) ) or ( True and ( False and True ) ) is,,8250,8250
2795,( ( False or False ) and False ) or ( False and False ) is,( ( True or True ) and True ) or ( True and True ) is,,8250,8250
2796,( ( False or False ) or ( False or False ) ) or False is,( ( True or True ) or ( True or True ) ) or True is,,8250,8250
2797,( ( not True ) or True ) and ( ( True and True ) or ( not True ) ) is,( ( not False ) or False ) and ( ( False and False ) or ( not False ) ) is,,6110,6110
2798,True and ( not ( False or True ) ) is,False and ( not ( True or False ) ) is,,8250,8250
2799,( ( True and True ) and False ) and ( True or False ) is,( ( False and False ) and True ) and ( False or True ) is,,8250,8250
2800,( True or ( True or True ) ) and True is,( False or ( False or False ) ) and False is,,6110,6110
2801,( ( False or True ) and True ) and ( True and True ) is,( ( True or False ) and False ) and ( False and False ) is,,6110,6110
2802,( False or True ) or ( ( True and False ) or ( not False ) ) is,( True or False ) or ( ( False and True ) or ( not True ) ) is,,6110,6110
2803,( True or False ) or ( False and ( False or True ) ) is,( False or True ) or ( True and ( True or False ) ) is,,6110,6110
2804,False or ( True or ( False and True ) ) is,True or ( False or ( True and False ) ) is,,6110,6110
2805,False or ( True or True ) is,True or ( False or False ) is,,6110,6110
2806,( not ( True or False ) ) and ( ( not False ) or ( not False ) ) is,( not ( False or True ) ) and ( ( not True ) or ( not True ) ) is,,8250,8250
2807,( True or ( False or True ) ) or ( not True ) is,( False or ( True or False ) ) or ( not False ) is,,6110,6110
2808,( ( not True ) or False ) and ( ( False and False ) and ( False and False ) ) is,( ( not False ) or True ) and ( ( True and True ) and ( True and True ) ) is,,8250,8250
2809,False and ( ( True or True ) or ( not True ) ) is,True and ( ( False or False ) or ( not False ) ) is,,8250,8250
2810,( not True ) and ( ( False or False ) or ( True or True ) ) is,( not False ) and ( ( True or True ) or ( False or False ) ) is,,8250,8250
2811,( False and ( False or True ) ) and ( not True ) is,( True and ( True or False ) ) and ( not False ) is,,8250,8250
2812,( ( not False ) or ( False or True ) ) or ( False or ( True or False ) ) is,( ( not True ) or ( True or False ) ) or ( True or ( False or True ) ) is,,6110,6110
2813,( ( True or True ) or False ) and ( True and False ) is,( ( False or False ) or True ) and ( False and True ) is,,8250,8250
2814,( not ( not False ) ) or ( ( False or True ) or ( not False ) ) is,( not ( not True ) ) or ( ( True or False ) or ( not True ) ) is,,6110,6110
2815,( not ( not True ) ) and ( ( not False ) and ( False and False ) ) is,( not ( not False ) ) and ( ( not True ) and ( True and True ) ) is,,8250,8250
2816,( not ( True and True ) ) and ( True or ( False and False ) ) is,( not ( False and False ) ) and ( False or ( True and True ) ) is,,8250,8250
2817,( ( False and False ) and ( False and False ) ) or ( not False ) is,( ( True and True ) and ( True and True ) ) or ( not True ) is,,6110,6110
2818,( True or False ) or ( ( False or False ) or False ) is,( False or True ) or ( ( True or True ) or True ) is,,6110,6110
2819,( not ( False or False ) ) and True is,( not ( True or True ) ) and False is,,6110,6110
2820,( ( True and False ) and False ) and ( True and True ) is,( ( False and True ) and True ) and ( False and False ) is,,8250,8250
2821,( ( not True ) or True ) or ( False and True ) is,( ( not False ) or False ) or ( True and False ) is,,6110,6110
2822,( not ( False or True ) ) or ( False and True ) is,( not ( True or False ) ) or ( True and False ) is,,8250,8250
2823,False and ( True and ( True and False ) ) is,True and ( False and ( False and True ) ) is,,8250,8250
2824,True or ( False or ( True and True ) ) is,False or ( True or ( False and False ) ) is,,6110,6110
2825,( not ( not True ) ) and ( ( True and True ) and True ) is,( not ( not False ) ) and ( ( False and False ) and False ) is,,6110,6110
2826,( not False ) or ( not ( False and False ) ) is,( not True ) or ( not ( True and True ) ) is,,6110,6110
2827,True and ( not ( not True ) ) is,False and ( not ( not False ) ) is,,6110,6110
2828,( not ( not False ) ) and ( not ( True and True ) ) is,( not ( not True ) ) and ( not ( False and False ) ) is,,8250,8250
2829,( ( not False ) and ( True and True ) ) and True is,( ( not True ) and ( False and False ) ) and False is,,6110,6110
2830,( True or ( True or False ) ) or ( ( True or False ) or ( not True ) ) is,( False or ( False or True ) ) or ( ( False or True ) or ( not False ) ) is,,6110,6110
2831,False and ( True or True ) is,True and ( False or False ) is,,8250,8250
2832,( ( not True ) or False ) or ( False and ( False or True ) ) is,( ( not False ) or True ) or ( True and ( True or False ) ) is,,8250,8250
2833,( False or ( not False ) ) and ( False and False ) is,( True or ( not True ) ) and ( True and True ) is,,8250,8250
2834,( ( not False ) or ( False and True ) ) and ( True or True ) is,( ( not True ) or ( True and False ) ) and ( False or False ) is,,6110,6110
2835,( ( not False ) and True ) or ( ( not False ) or True ) is,( ( not True ) and False ) or ( ( not True ) or False ) is,,6110,6110
2836,( ( not True ) and ( True and True ) ) or ( not ( not False ) ) is,( ( not False ) and ( False and False ) ) or ( not ( not True ) ) is,,8250,8250
2837,( True or False ) and ( True and ( not True ) ) is,( False or True ) and ( False and ( not False ) ) is,,8250,8250
2838,( True and ( True or False ) ) or ( ( True or True ) or True ) is,( False and ( False or True ) ) or ( ( False or False ) or False ) is,,6110,6110
2839,( True and False ) and ( ( not False ) and ( False or False ) ) is,( False and True ) and ( ( not True ) and ( True or True ) ) is,,8250,8250
2840,( ( False or False ) or ( not False ) ) and ( not True ) is,( ( True or True ) or ( not True ) ) and ( not False ) is,,8250,8250
2841,False or ( False and ( False and False ) ) is,True or ( True and ( True and True ) ) is,,8250,8250
2842,( not False ) and ( ( False or True ) or ( False and True ) ) is,( not True ) and ( ( True or False ) or ( True and False ) ) is,,6110,6110
2843,( ( not False ) and ( not False ) ) or ( not True ) is,( ( not True ) and ( not True ) ) or ( not False ) is,,6110,6110
2844,( False or False ) and ( ( False or True ) and ( not True ) ) is,( True or True ) and ( ( True or False ) and ( not False ) ) is,,8250,8250
2845,( True and ( True or True ) ) and ( not ( False or False ) ) is,( False and ( False or False ) ) and ( not ( True or True ) ) is,,6110,6110
2846,( not ( False and True ) ) or ( True and True ) is,( not ( True and False ) ) or ( False and False ) is,,6110,6110
2847,( ( not False ) or ( not False ) ) and ( ( not False ) or True ) is,( ( not True ) or ( not True ) ) and ( ( not True ) or False ) is,,6110,6110
2848,( ( False and True ) and ( not True ) ) and False is,( ( True and False ) and ( not False ) ) and True is,,8250,8250
2849,( False and ( not True ) ) and ( False and True ) is,( True and ( not False ) ) and ( True and False ) is,,8250,8250
2850,False and ( ( False or True ) or ( not True ) ) is,True and ( ( True or False ) or ( not False ) ) is,,8250,8250
2851,( False and False ) or ( ( not True ) and True ) is,( True and True ) or ( ( not False ) and False ) is,,8250,8250
2852,( ( False and False ) and False ) or ( False and True ) is,( ( True and True ) and True ) or ( True and False ) is,,8250,8250
2853,( ( True or True ) or ( False or False ) ) or False is,( ( False or False ) or ( True or True ) ) or True is,,6110,6110
2854,( not False ) or ( ( not True ) or ( True or True ) ) is,( not True ) or ( ( not False ) or ( False or False ) ) is,,6110,6110
2855,( False or ( False and False ) ) and ( True and ( True or True ) ) is,( True or ( True and True ) ) and ( False and ( False or False ) ) is,,8250,8250
2856,( ( True or False ) and ( False or False ) ) and ( False and False ) is,( ( False or True ) and ( True or True ) ) and ( True and True ) is,,8250,8250
2857,( ( True and False ) and True ) and ( not True ) is,( ( False and True ) and False ) and ( not False ) is,,8250,8250
2858,False or ( False and ( not False ) ) is,True or ( True and ( not True ) ) is,,8250,8250
2859,False or ( False or ( not True ) ) is,True or ( True or ( not False ) ) is,,8250,8250
2860,False or ( True or ( True and False ) ) is,True or ( False or ( False and True ) ) is,,6110,6110
2861,( True and ( not True ) ) or ( False or True ) is,( False and ( not False ) ) or ( True or False ) is,,6110,6110
2862,( True and ( not False ) ) and ( ( False and False ) or False ) is,( False and ( not True ) ) and ( ( True and True ) or True ) is,,8250,8250
2863,( True or ( False and False ) ) and ( ( not True ) and True ) is,( False or ( True and True ) ) and ( ( not False ) and False ) is,,8250,8250
2864,( ( False or True ) or ( False and False ) ) or ( True and False ) is,( ( True or False ) or ( True and True ) ) or ( False and True ) is,,6110,6110
2865,( ( False or True ) or ( not True ) ) or ( False and True ) is,( ( True or False ) or ( not False ) ) or ( True and False ) is,,6110,6110
2866,( True and False ) and ( ( True or True ) and False ) is,( False and True ) and ( ( False or False ) and True ) is,,8250,8250
2867,( not True ) and ( ( False and True ) and ( True or True ) ) is,( not False ) and ( ( True and False ) and ( False or False ) ) is,,8250,8250
2868,( ( False and False ) or True ) and ( not ( not False ) ) is,( ( True and True ) or False ) and ( not ( not True ) ) is,,8250,8250
2869,( ( False or False ) and ( not False ) ) or ( True or ( False or False ) ) is,( ( True or True ) and ( not True ) ) or ( False or ( True or True ) ) is,,6110,6110
2870,( ( False or False ) and ( True or True ) ) or ( not ( not False ) ) is,( ( True or True ) and ( False or False ) ) or ( not ( not True ) ) is,,8250,8250
2871,( ( not True ) and False ) and ( ( not True ) and True ) is,( ( not False ) and True ) and ( ( not False ) and False ) is,,8250,8250
2872,( ( True and True ) and ( True and True ) ) or False is,( ( False and False ) and ( False and False ) ) or True is,,6110,6110
2873,( ( True or False ) or True ) or False is,( ( False or True ) or False ) or True is,,6110,6110
2874,( True and ( not True ) ) and ( True or True ) is,( False and ( not False ) ) and ( False or False ) is,,8250,8250
2875,( not True ) or ( ( not False ) and ( True or False ) ) is,( not False ) or ( ( not True ) and ( False or True ) ) is,,6110,6110
2876,( True or True ) and ( ( not False ) or ( not True ) ) is,( False or False ) and ( ( not True ) or ( not False ) ) is,,6110,6110
2877,False or ( ( False and True ) and ( not False ) ) is,True or ( ( True and False ) and ( not True ) ) is,,8250,8250
2878,( ( False and False ) and False ) and ( False or ( not False ) ) is,( ( True and True ) and True ) and ( True or ( not True ) ) is,,8250,8250
2879,( not True ) and ( ( True or False ) or ( not False ) ) is,( not False ) and ( ( False or True ) or ( not True ) ) is,,8250,8250
2880,( not True ) and ( True and False ) is,( not False ) and ( False and True ) is,,8250,8250
2881,( ( True and True ) and ( True or True ) ) or ( False and False ) is,( ( False and False ) and ( False or False ) ) or ( True and True ) is,,6110,6110
2882,( ( not False ) and True ) or ( True and ( True or False ) ) is,( ( not True ) and False ) or ( False and ( False or True ) ) is,,6110,6110
2883,True and ( not ( False or False ) ) is,False and ( not ( True or True ) ) is,,6110,6110
2884,( ( False and True ) or ( not True ) ) or ( True or ( not True ) ) is,( ( True and False ) or ( not False ) ) or ( False or ( not False ) ) is,,6110,6110
2885,( True and True ) or ( True or ( not False ) ) is,( False and False ) or ( False or ( not True ) ) is,,6110,6110
2886,( True and ( False or True ) ) or ( True or False ) is,( False and ( True or False ) ) or ( False or True ) is,,6110,6110
2887,( False and False ) and ( ( True or True ) or ( not False ) ) is,( True and True ) and ( ( False or False ) or ( not True ) ) is,,8250,8250
2888,False and ( ( True and False ) or ( True and True ) ) is,True and ( ( False and True ) or ( False and False ) ) is,,8250,8250
2889,( ( True and True ) or ( not True ) ) or False is,( ( False and False ) or ( not False ) ) or True is,,6110,6110
2890,True or ( False or ( True or False ) ) is,False or ( True or ( False or True ) ) is,,6110,6110
2891,( True and ( True and False ) ) or ( not ( False or False ) ) is,( False and ( False and True ) ) or ( not ( True or True ) ) is,,6110,6110
2892,( not False ) and ( ( not False ) or True ) is,( not True ) and ( ( not True ) or False ) is,,6110,6110
2893,( False and ( False and False ) ) or ( True or False ) is,( True and ( True and True ) ) or ( False or True ) is,,6110,6110
2894,False and ( True and False ) is,True and ( False and True ) is,,8250,8250
2895,( True or True ) and ( not ( False or True ) ) is,( False or False ) and ( not ( True or False ) ) is,,8250,8250
2896,( ( True and False ) and False ) and ( not True ) is,( ( False and True ) and True ) and ( not False ) is,,8250,8250
2897,( True or False ) and ( False and ( not True ) ) is,( False or True ) and ( True and ( not False ) ) is,,8250,8250
2898,( ( not True ) or ( False or True ) ) or ( not ( True and True ) ) is,( ( not False ) or ( True or False ) ) or ( not ( False and False ) ) is,,6110,6110
2899,( not ( False and True ) ) or ( ( not False ) and ( True and True ) ) is,( not ( True and False ) ) or ( ( not True ) and ( False and False ) ) is,,6110,6110
2900,( not ( not False ) ) or ( False or ( False and True ) ) is,( not ( not True ) ) or ( True or ( True and False ) ) is,,8250,8250
2901,( True and ( True or False ) ) or ( True and True ) is,( False and ( False or True ) ) or ( False and False ) is,,6110,6110
2902,( not ( True or False ) ) or ( ( False and False ) or False ) is,( not ( False or True ) ) or ( ( True and True ) or True ) is,,8250,8250
2903,( not True ) or ( ( not False ) or ( True and True ) ) is,( not False ) or ( ( not True ) or ( False and False ) ) is,,6110,6110
2904,( False and True ) or ( True and ( not True ) ) is,( True and False ) or ( False and ( not False ) ) is,,8250,8250
2905,( ( False or True ) and ( not True ) ) and ( ( not False ) or True ) is,( ( True or False ) and ( not False ) ) and ( ( not True ) or False ) is,,8250,8250
2906,True and ( ( False or False ) and ( True and True ) ) is,False and ( ( True or True ) and ( False and False ) ) is,,8250,8250
2907,( False and ( not False ) ) and ( False or False ) is,( True and ( not True ) ) and ( True or True ) is,,8250,8250
2908,( True or False ) or ( False or ( not False ) ) is,( False or True ) or ( True or ( not True ) ) is,,6110,6110
2909,( True and ( False and False ) ) and ( ( not False ) and False ) is,( False and ( True and True ) ) and ( ( not True ) and True ) is,,8250,8250
2910,( not False ) and ( ( False and True ) or False ) is,( not True ) and ( ( True and False ) or True ) is,,8250,8250
2911,( False and ( True or False ) ) or True is,( True and ( False or True ) ) or False is,,6110,6110
2912,( ( not True ) and ( not False ) ) or True is,( ( not False ) and ( not True ) ) or False is,,6110,6110
2913,( True or False ) and ( False and True ) is,( False or True ) and ( True and False ) is,,8250,8250
2914,( False and False ) and ( not ( True and False ) ) is,( True and True ) and ( not ( False and True ) ) is,,8250,8250
2915,( False and ( False or False ) ) or False is,( True and ( True or True ) ) or True is,,8250,8250
2916,( not ( True or True ) ) or ( ( True and False ) and False ) is,( not ( False or False ) ) or ( ( False and True ) and True ) is,,8250,8250
2917,( not ( True and False ) ) and True is,( not ( False and True ) ) and False is,,6110,6110
2918,( False and ( False and False ) ) and True is,( True and ( True and True ) ) and False is,,8250,8250
2919,( True and ( True and False ) ) or ( not ( False and False ) ) is,( False and ( False and True ) ) or ( not ( True and True ) ) is,,6110,6110
2920,( ( not False ) and ( False and True ) ) or False is,( ( not True ) and ( True and False ) ) or True is,,8250,8250
2921,( ( True and True ) or False ) or ( not ( not True ) ) is,( ( False and False ) or True ) or ( not ( not False ) ) is,,6110,6110
2922,( True and True ) or ( ( True and False ) and ( False or False ) ) is,( False and False ) or ( ( False and True ) and ( True or True ) ) is,,6110,6110
2923,( ( False and True ) or True ) and ( True or True ) is,( ( True and False ) or False ) and ( False or False ) is,,6110,6110
2924,( ( not False ) or True ) or ( not False ) is,( ( not True ) or False ) or ( not True ) is,,6110,6110
2925,( True and True ) and ( ( False or False ) and ( not False ) ) is,( False and False ) and ( ( True or True ) and ( not True ) ) is,,8250,8250
2926,( ( False or True ) or ( True and True ) ) and False is,( ( True or False ) or ( False and False ) ) and True is,,8250,8250
2927,( False and ( not False ) ) or ( True and ( False and False ) ) is,( True and ( not True ) ) or ( False and ( True and True ) ) is,,8250,8250
2928,( not ( not True ) ) and ( False or True ) is,( not ( not False ) ) and ( True or False ) is,,6110,6110
2929,False and ( ( not True ) or ( True or False ) ) is,True and ( ( not False ) or ( False or True ) ) is,,8250,8250
2930,( not ( not False ) ) or ( ( False and True ) and ( False or False ) ) is,( not ( not True ) ) or ( ( True and False ) and ( True or True ) ) is,,8250,8250
2931,( True and ( not False ) ) or ( ( not False ) or False ) is,( False and ( not True ) ) or ( ( not True ) or True ) is,,6110,6110
2932,( True and ( False or False ) ) and ( False and ( False or True ) ) is,( False and ( True or True ) ) and ( True and ( True or False ) ) is,,8250,8250
2933,( not ( True and True ) ) and ( ( not False ) or True ) is,( not ( False and False ) ) and ( ( not True ) or False ) is,,8250,8250
2934,( not ( True or True ) ) and ( True and ( not False ) ) is,( not ( False or False ) ) and ( False and ( not True ) ) is,,8250,8250
2935,( not False ) and ( ( not True ) or ( not True ) ) is,( not True ) and ( ( not False ) or ( not False ) ) is,,8250,8250
2936,( not False ) and ( ( False and False ) and ( True or False ) ) is,( not True ) and ( ( True and True ) and ( False or True ) ) is,,8250,8250
2937,False or ( ( not True ) or ( not True ) ) is,True or ( ( not False ) or ( not False ) ) is,,8250,8250
2938,( ( False or False ) or True ) or ( True or ( False or True ) ) is,( ( True or True ) or False ) or ( False or ( True or False ) ) is,,6110,6110
2939,( not ( True or True ) ) and ( not False ) is,( not ( False or False ) ) and ( not True ) is,,8250,8250
2940,( False and ( True or False ) ) and ( False or True ) is,( True and ( False or True ) ) and ( True or False ) is,,8250,8250
2941,( not ( True and True ) ) and ( ( True and True ) and True ) is,( not ( False and False ) ) and ( ( False and False ) and False ) is,,8250,8250
2942,( False or ( False and False ) ) or ( ( True and False ) or ( not False ) ) is,( True or ( True and True ) ) or ( ( False and True ) or ( not True ) ) is,,6110,6110
2943,( False or ( True or False ) ) and ( False or ( not False ) ) is,( True or ( False or True ) ) and ( True or ( not True ) ) is,,6110,6110
2944,( not ( True or False ) ) and ( False and ( True or False ) ) is,( not ( False or True ) ) and ( True and ( False or True ) ) is,,8250,8250
2945,( not ( False and True ) ) or ( not ( False or True ) ) is,( not ( True and False ) ) or ( not ( True or False ) ) is,,6110,6110
2946,( not True ) and ( ( False or True ) and False ) is,( not False ) and ( ( True or False ) and True ) is,,8250,8250
2947,( True or ( True or False ) ) or ( not True ) is,( False or ( False or True ) ) or ( not False ) is,,6110,6110
2948,( ( False or False ) or ( True and False ) ) or ( ( not False ) or False ) is,( ( True or True ) or ( False and True ) ) or ( ( not True ) or True ) is,,6110,6110
2949,( ( True and True ) or ( False and False ) ) and ( not ( not True ) ) is,( ( False and False ) or ( True and True ) ) and ( not ( not False ) ) is,,6110,6110
2950,( True and True ) or ( ( True and True ) and True ) is,( False and False ) or ( ( False and False ) and False ) is,,6110,6110
2951,( ( not True ) and True ) and ( not ( False and True ) ) is,( ( not False ) and False ) and ( not ( True and False ) ) is,,8250,8250
2952,( ( True and True ) or False ) or ( True and ( False or False ) ) is,( ( False and False ) or True ) or ( False and ( True or True ) ) is,,6110,6110
2953,False or ( ( True and False ) and False ) is,True or ( ( False and True ) and True ) is,,8250,8250
2954,( ( True or False ) and ( True and True ) ) or ( ( not True ) and False ) is,( ( False or True ) and ( False and False ) ) or ( ( not False ) and True ) is,,6110,6110
2955,( ( not False ) or True ) or ( True or ( not False ) ) is,( ( not True ) or False ) or ( False or ( not True ) ) is,,6110,6110
2956,( True and True ) or ( False or True ) is,( False and False ) or ( True or False ) is,,6110,6110
2957,( not ( not False ) ) and ( ( not True ) and True ) is,( not ( not True ) ) and ( ( not False ) and False ) is,,8250,8250
2958,( not ( False or True ) ) and ( ( False and True ) or False ) is,( not ( True or False ) ) and ( ( True and False ) or True ) is,,8250,8250
2959,( not False ) or ( ( not False ) and ( True or False ) ) is,( not True ) or ( ( not True ) and ( False or True ) ) is,,6110,6110
2960,( False or True ) and ( False or ( not True ) ) is,( True or False ) and ( True or ( not False ) ) is,,8250,8250
2961,False or ( ( True or False ) and ( not False ) ) is,True or ( ( False or True ) and ( not True ) ) is,,6110,6110
2962,( ( not False ) or False ) and ( True and ( not False ) ) is,( ( not True ) or True ) and ( False and ( not True ) ) is,,6110,6110
2963,( False or True ) and ( False and ( False and False ) ) is,( True or False ) and ( True and ( True and True ) ) is,,8250,8250
2964,( ( True or False ) or ( True or True ) ) and ( not True ) is,( ( False or True ) or ( False or False ) ) and ( not False ) is,,8250,8250
2965,( ( not True ) and True ) and ( not False ) is,( ( not False ) and False ) and ( not True ) is,,8250,8250
2966,( False or ( True and True ) ) and ( False and ( not False ) ) is,( True or ( False and False ) ) and ( True and ( not True ) ) is,,8250,8250
2967,( False or ( False or True ) ) and ( ( not False ) and ( False or True ) ) is,( True or ( True or False ) ) and ( ( not True ) and ( True or False ) ) is,,6110,6110
2968,( False or ( True and False ) ) and ( not ( not True ) ) is,( True or ( False and True ) ) and ( not ( not False ) ) is,,8250,8250
2969,( False or ( True and True ) ) or ( ( False or False ) and False ) is,( True or ( False and False ) ) or ( ( True or True ) and True ) is,,6110,6110
2970,( ( True and True ) and False ) or ( False or ( False and False ) ) is,( ( False and False ) and True ) or ( True or ( True and True ) ) is,,8250,8250
2971,( ( not False ) and False ) and ( True or True ) is,( ( not True ) and True ) and ( False or False ) is,,8250,8250
2972,( False and ( not False ) ) and ( ( not True ) and ( not False ) ) is,( True and ( not True ) ) and ( ( not False ) and ( not True ) ) is,,8250,8250
2973,False and ( ( not False ) and ( True or False ) ) is,True and ( ( not True ) and ( False or True ) ) is,,8250,8250
2974,( ( not False ) or ( not False ) ) or ( not ( True and False ) ) is,( ( not True ) or ( not True ) ) or ( not ( False and True ) ) is,,6110,6110
2975,( not ( False and False ) ) and ( not False ) is,( not ( True and True ) ) and ( not True ) is,,6110,6110
2976,( True or False ) and ( ( not True ) or False ) is,( False or True ) and ( ( not False ) or True ) is,,8250,8250
2977,( False or True ) and ( not ( not True ) ) is,( True or False ) and ( not ( not False ) ) is,,6110,6110
2978,( True or ( True or True ) ) and ( False or True ) is,( False or ( False or False ) ) and ( True or False ) is,,6110,6110
2979,False and ( ( False or False ) or ( False or False ) ) is,True and ( ( True or True ) or ( True or True ) ) is,,8250,8250
2980,( not ( not False ) ) and ( False and ( not True ) ) is,( not ( not True ) ) and ( True and ( not False ) ) is,,8250,8250
2981,( ( True or True ) or ( not True ) ) or True is,( ( False or False ) or ( not False ) ) or False is,,6110,6110
2982,( ( True or True ) and ( True or True ) ) or True is,( ( False or False ) and ( False or False ) ) or False is,,6110,6110
2983,True and ( False or ( False or True ) ) is,False and ( True or ( True or False ) ) is,,6110,6110
2984,( not ( False or True ) ) or ( ( False or False ) and True ) is,( not ( True or False ) ) or ( ( True or True ) and False ) is,,8250,8250
2985,( True and ( not False ) ) or ( False or ( False or True ) ) is,( False and ( not True ) ) or ( True or ( True or False ) ) is,,6110,6110
2986,( ( not False ) or ( False and True ) ) or ( ( not False ) and ( True or False ) ) is,( ( not True ) or ( True and False ) ) or ( ( not True ) and ( False or True ) ) is,,6110,6110
2987,( True or False ) or ( ( True and False ) and False ) is,( False or True ) or ( ( False and True ) and True ) is,,6110,6110
2988,( True and ( False and True ) ) or ( ( False and True ) or False ) is,( False and ( True and False ) ) or ( ( True and False ) or True ) is,,8250,8250
2989,( ( not False ) or False ) and ( ( False and False ) and ( True or False ) ) is,( ( not True ) or True ) and ( ( True and True ) and ( False or True ) ) is,,8250,8250
2990,( not ( not True ) ) or ( ( not False ) or True ) is,( not ( not False ) ) or ( ( not True ) or False ) is,,6110,6110
2991,( False or True ) and ( True or ( True or True ) ) is,( True or False ) and ( False or ( False or False ) ) is,,6110,6110
2992,( ( not False ) and False ) and ( True and False ) is,( ( not True ) and True ) and ( False and True ) is,,8250,8250
2993,( False or True ) or ( ( True or False ) and ( False or True ) ) is,( True or False ) or ( ( False or True ) and ( True or False ) ) is,,6110,6110
2994,( ( True or False ) or True ) or ( not False ) is,( ( False or True ) or False ) or ( not True ) is,,6110,6110
2995,( not ( False and True ) ) or ( False and False ) is,( not ( True and False ) ) or ( True and True ) is,,6110,6110
2996,( ( not True ) and False ) or ( False or True ) is,( ( not False ) and True ) or ( True or False ) is,,6110,6110
2997,( True or ( False and True ) ) and ( False and True ) is,( False or ( True and False ) ) and ( True and False ) is,,8250,8250
2998,( not ( False or False ) ) or ( ( True or True ) or False ) is,( not ( True or True ) ) or ( ( False or False ) or True ) is,,6110,6110
2999,False and ( ( False and False ) and True ) is,True and ( ( True and True ) and False ) is,,8250,8250
3000,( ( not False ) and True ) or ( ( not False ) or ( not True ) ) is,( ( not True ) and False ) or ( ( not True ) or ( not False ) ) is,,6110,6110
3001,( ( not True ) and ( False and False ) ) or ( not True ) is,( ( not False ) and ( True and True ) ) or ( not False ) is,,8250,8250
3002,( False or False ) or ( not ( False or True ) ) is,( True or True ) or ( not ( True or False ) ) is,,8250,8250
3003,( True or ( False and True ) ) and ( not ( True or True ) ) is,( False or ( True and False ) ) and ( not ( False or False ) ) is,,8250,8250
3004,True or ( ( True and False ) and ( False or False ) ) is,False or ( ( False and True ) and ( True or True ) ) is,,6110,6110
3005,( not ( not True ) ) or ( True and ( False or False ) ) is,( not ( not False ) ) or ( False and ( True or True ) ) is,,6110,6110
3006,( ( False and True ) or ( False or False ) ) and ( not ( not True ) ) is,( ( True and False ) or ( True or True ) ) and ( not ( not False ) ) is,,8250,8250
3007,False or ( ( False or False ) or True ) is,True or ( ( True or True ) or False ) is,,6110,6110
3008,( ( False and True ) or True ) or ( not ( True or True ) ) is,( ( True and False ) or False ) or ( not ( False or False ) ) is,,6110,6110
3009,( True or False ) or ( ( True or False ) or ( True or False ) ) is,( False or True ) or ( ( False or True ) or ( False or True ) ) is,,6110,6110
3010,( ( not False ) or ( True and False ) ) and ( not ( True and False ) ) is,( ( not True ) or ( False and True ) ) and ( not ( False and True ) ) is,,6110,6110
3011,( False or False ) and ( ( False and True ) or True ) is,( True or True ) and ( ( True and False ) or False ) is,,8250,8250
3012,( not ( False and False ) ) or ( ( False and True ) or ( False and False ) ) is,( not ( True and True ) ) or ( ( True and False ) or ( True and True ) ) is,,6110,6110
3013,( False or False ) and ( False and False ) is,( True or True ) and ( True and True ) is,,8250,8250
3014,( ( False and False ) or True ) and ( not ( False or False ) ) is,( ( True and True ) or False ) and ( not ( True or True ) ) is,,6110,6110
3015,( ( True and True ) and False ) or ( ( False and True ) and False ) is,( ( False and False ) and True ) or ( ( True and False ) and True ) is,,8250,8250
3016,( ( False or False ) and ( False and True ) ) and False is,( ( True or True ) and ( True and False ) ) and True is,,8250,8250
3017,( ( False and True ) and ( True and True ) ) and ( ( not True ) or False ) is,( ( True and False ) and ( False and False ) ) and ( ( not False ) or True ) is,,8250,8250
3018,( False and ( True and False ) ) or ( ( False or True ) and ( not True ) ) is,( True and ( False and True ) ) or ( ( True or False ) and ( not False ) ) is,,8250,8250
3019,( ( True or True ) and False ) or ( True and ( False and True ) ) is,( ( False or False ) and True ) or ( False and ( True and False ) ) is,,8250,8250
3020,( False or True ) or ( True or False ) is,( True or False ) or ( False or True ) is,,6110,6110
3021,True or ( ( True and False ) or True ) is,False or ( ( False and True ) or False ) is,,6110,6110
3022,( False and ( False and True ) ) or ( False and True ) is,( True and ( True and False ) ) or ( True and False ) is,,8250,8250
3023,( False or False ) or ( True or True ) is,( True or True ) or ( False or False ) is,,6110,6110
3024,False and ( not ( False or False ) ) is,True and ( not ( True or True ) ) is,,8250,8250
3025,( True or False ) and ( ( not False ) and True ) is,( False or True ) and ( ( not True ) and False ) is,,6110,6110
3026,( ( not True ) and True ) and ( True or True ) is,( ( not False ) and False ) and ( False or False ) is,,8250,8250
3027,( True or ( False and False ) ) and ( False and ( not True ) ) is,( False or ( True and True ) ) and ( True and ( not False ) ) is,,8250,8250
3028,( ( not False ) and ( not False ) ) or ( False or ( False or True ) ) is,( ( not True ) and ( not True ) ) or ( True or ( True or False ) ) is,,6110,6110
3029,( ( True and False ) or False ) and ( True or ( True and False ) ) is,( ( False and True ) or True ) and ( False or ( False and True ) ) is,,8250,8250
3030,( not False ) and ( ( not True ) or ( False or True ) ) is,( not True ) and ( ( not False ) or ( True or False ) ) is,,6110,6110
3031,( False or ( True and False ) ) or ( not True ) is,( True or ( False and True ) ) or ( not False ) is,,8250,8250
3032,( ( False and False ) or ( not False ) ) and ( False and True ) is,( ( True and True ) or ( not True ) ) and ( True and False ) is,,8250,8250
3033,( False and False ) or ( False or False ) is,( True and True ) or ( True or True ) is,,8250,8250
3034,( not True ) or ( ( True or False ) and True ) is,( not False ) or ( ( False or True ) and False ) is,,6110,6110
3035,( False and ( True and True ) ) and ( not False ) is,( True and ( False and False ) ) and ( not True ) is,,8250,8250
3036,( not ( True or True ) ) or ( ( not False ) and True ) is,( not ( False or False ) ) or ( ( not True ) and False ) is,,6110,6110
3037,( True and ( True and True ) ) or ( not ( True or False ) ) is,( False and ( False and False ) ) or ( not ( False or True ) ) is,,6110,6110
3038,( not ( not False ) ) and ( ( False and False ) and ( True and True ) ) is,( not ( not True ) ) and ( ( True and True ) and ( False and False ) ) is,,8250,8250
3039,( True or False ) or ( False or ( False or True ) ) is,( False or True ) or ( True or ( True or False ) ) is,,6110,6110
3040,( ( False and True ) or True ) and ( True and True ) is,( ( True and False ) or False ) and ( False and False ) is,,6110,6110
3041,( ( not True ) or ( True and True ) ) or ( True or ( not True ) ) is,( ( not False ) or ( False and False ) ) or ( False or ( not False ) ) is,,6110,6110
3042,( False or ( True or False ) ) and ( not False ) is,( True or ( False or True ) ) and ( not True ) is,,6110,6110
3043,( False or ( not True ) ) or ( False or ( True or False ) ) is,( True or ( not False ) ) or ( True or ( False or True ) ) is,,6110,6110
3044,( False or ( not False ) ) or ( ( True or True ) or True ) is,( True or ( not True ) ) or ( ( False or False ) or False ) is,,6110,6110
3045,True or ( ( True or True ) or ( True or True ) ) is,False or ( ( False or False ) or ( False or False ) ) is,,6110,6110
3046,( True and True ) or ( ( True and False ) and True ) is,( False and False ) or ( ( False and True ) and False ) is,,6110,6110
3047,( ( False and True ) and ( True or True ) ) and ( False or True ) is,( ( True and False ) and ( False or False ) ) and ( True or False ) is,,8250,8250
3048,( False and True ) and ( ( not False ) and ( False or True ) ) is,( True and False ) and ( ( not True ) and ( True or False ) ) is,,8250,8250
3049,( True and ( not False ) ) or ( False and ( False or False ) ) is,( False and ( not True ) ) or ( True and ( True or True ) ) is,,6110,6110
3050,( False or ( True or False ) ) or ( not True ) is,( True or ( False or True ) ) or ( not False ) is,,6110,6110
3051,( ( False or False ) or True ) and True is,( ( True or True ) or False ) and False is,,6110,6110
3052,( not ( not True ) ) and ( ( False or False ) or True ) is,( not ( not False ) ) and ( ( True or True ) or False ) is,,6110,6110
3053,( not False ) and ( ( True or False ) or ( False and True ) ) is,( not True ) and ( ( False or True ) or ( True and False ) ) is,,6110,6110
3054,( False or False ) and ( False or False ) is,( True or True ) and ( True or True ) is,,8250,8250
3055,( ( True and False ) and False ) and ( not ( True or False ) ) is,( ( False and True ) and True ) and ( not ( False or True ) ) is,,8250,8250
3056,( True and ( False or True ) ) and ( not ( False and False ) ) is,( False and ( True or False ) ) and ( not ( True and True ) ) is,,6110,6110
3057,( False or True ) or ( False or ( True or False ) ) is,( True or False ) or ( True or ( False or True ) ) is,,6110,6110
3058,( True or True ) or ( True and ( True or False ) ) is,( False or False ) or ( False and ( False or True ) ) is,,6110,6110
3059,( False or False ) and ( True and ( False and True ) ) is,( True or True ) and ( False and ( True and False ) ) is,,8250,8250
3060,( False or False ) or ( ( True or False ) and ( not True ) ) is,( True or True ) or ( ( False or True ) and ( not False ) ) is,,8250,8250
3061,( not ( True or False ) ) and ( False or ( True and False ) ) is,( not ( False or True ) ) and ( True or ( False and True ) ) is,,8250,8250
3062,False or ( ( not True ) and ( True and True ) ) is,True or ( ( not False ) and ( False and False ) ) is,,8250,8250
3063,( True and False ) and ( ( True or False ) and False ) is,( False and True ) and ( ( False or True ) and True ) is,,8250,8250
3064,( ( not True ) or ( not True ) ) or ( not ( False and True ) ) is,( ( not False ) or ( not False ) ) or ( not ( True and False ) ) is,,6110,6110
3065,( not ( False and True ) ) and ( True or ( True or False ) ) is,( not ( True and False ) ) and ( False or ( False or True ) ) is,,6110,6110
3066,False or ( ( True or True ) or ( True and True ) ) is,True or ( ( False or False ) or ( False and False ) ) is,,6110,6110
3067,( ( True and False ) and False ) or ( True and ( not True ) ) is,( ( False and True ) and True ) or ( False and ( not False ) ) is,,8250,8250
3068,( not True ) and ( True or ( not False ) ) is,( not False ) and ( False or ( not True ) ) is,,8250,8250
3069,( ( False or True ) or ( False and False ) ) or ( not True ) is,( ( True or False ) or ( True and True ) ) or ( not False ) is,,6110,6110
3070,( ( False and True ) and True ) or ( True and True ) is,( ( True and False ) and False ) or ( False and False ) is,,6110,6110
3071,( True or ( False or True ) ) and False is,( False or ( True or False ) ) and True is,,8250,8250
3072,( not ( True and True ) ) and ( False and ( True and False ) ) is,( not ( False and False ) ) and ( True and ( False and True ) ) is,,8250,8250
3073,( False and True ) or ( True and True ) is,( True and False ) or ( False and False ) is,,6110,6110
3074,( ( not True ) and True ) or ( True and ( True and False ) ) is,( ( not False ) and False ) or ( False and ( False and True ) ) is,,8250,8250
3075,( not ( True or False ) ) and ( True and ( False or False ) ) is,( not ( False or True ) ) and ( False and ( True or True ) ) is,,8250,8250
3076,( ( False or False ) and False ) or ( True and False ) is,( ( True or True ) and True ) or ( False and True ) is,,8250,8250
3077,( ( False or False ) or ( False and False ) ) and False is,( ( True or True ) or ( True and True ) ) and True is,,8250,8250
3078,( ( not True ) and True ) or ( True and ( False or False ) ) is,( ( not False ) and False ) or ( False and ( True or True ) ) is,,8250,8250
3079,( not False ) and ( ( True or True ) and False ) is,( not True ) and ( ( False or False ) and True ) is,,8250,8250
3080,( ( True and False ) or False ) and ( not False ) is,( ( False and True ) or True ) and ( not True ) is,,8250,8250
3081,( False or ( True or False ) ) or False is,( True or ( False or True ) ) or True is,,6110,6110
3082,True and ( ( False and False ) and ( not True ) ) is,False and ( ( True and True ) and ( not False ) ) is,,8250,8250
3083,( ( not False ) and ( False or True ) ) or ( not False ) is,( ( not True ) and ( True or False ) ) or ( not True ) is,,6110,6110
3084,( ( False or True ) and False ) and ( True or ( not True ) ) is,( ( True or False ) and True ) and ( False or ( not False ) ) is,,8250,8250
3085,( ( False and True ) or True ) and ( ( not True ) or True ) is,( ( True and False ) or False ) and ( ( not False ) or False ) is,,6110,6110
3086,( ( False or False ) or False ) or ( True and False ) is,( ( True or True ) or True ) or ( False and True ) is,,8250,8250
3087,( False and True ) or ( ( False and False ) or ( not True ) ) is,( True and False ) or ( ( True and True ) or ( not False ) ) is,,8250,8250
3088,( ( True and False ) and False ) or ( not ( False and False ) ) is,( ( False and True ) and True ) or ( not ( True and True ) ) is,,6110,6110
3089,( not True ) and ( ( False or False ) or ( not False ) ) is,( not False ) and ( ( True or True ) or ( not True ) ) is,,8250,8250
3090,( False or True ) or ( not ( True or False ) ) is,( True or False ) or ( not ( False or True ) ) is,,6110,6110
3091,False or ( ( True and False ) and ( not True ) ) is,True or ( ( False and True ) and ( not False ) ) is,,8250,8250
3092,( not ( True and True ) ) and True is,( not ( False and False ) ) and False is,,8250,8250
3093,( ( False and True ) and False ) and True is,( ( True and False ) and True ) and False is,,8250,8250
3094,( ( True and False ) or False ) or ( ( not True ) and ( not True ) ) is,( ( False and True ) or True ) or ( ( not False ) and ( not False ) ) is,,8250,8250
3095,( True and ( False or True ) ) or True is,( False and ( True or False ) ) or False is,,6110,6110
3096,( not False ) or ( ( not True ) and ( False and True ) ) is,( not True ) or ( ( not False ) and ( True and False ) ) is,,6110,6110
3097,( False or ( True and False ) ) or True is,( True or ( False and True ) ) or False is,,6110,6110
3098,( ( not True ) or True ) or ( not ( True or False ) ) is,( ( not False ) or False ) or ( not ( False or True ) ) is,,6110,6110
3099,( ( True and False ) or False ) and ( True and True ) is,( ( False and True ) or True ) and ( False and False ) is,,8250,8250
3100,( ( False or False ) and ( False and False ) ) or False is,( ( True or True ) and ( True and True ) ) or True is,,8250,8250
3101,( not False ) and ( False or ( not True ) ) is,( not True ) and ( True or ( not False ) ) is,,8250,8250
3102,True or ( ( False and False ) and ( not False ) ) is,False or ( ( True and True ) and ( not True ) ) is,,6110,6110
3103,( not True ) or ( ( False or False ) and ( False or False ) ) is,( not False ) or ( ( True or True ) and ( True or True ) ) is,,8250,8250
3104,( ( True and True ) and True ) or ( False or ( not True ) ) is,( ( False and False ) and False ) or ( True or ( not False ) ) is,,6110,6110
3105,( True or False ) or ( True and ( False and True ) ) is,( False or True ) or ( False and ( True and False ) ) is,,6110,6110
3106,( not True ) or ( ( False or False ) or False ) is,( not False ) or ( ( True or True ) or True ) is,,8250,8250
3107,( True or True ) and ( False or ( not True ) ) is,( False or False ) and ( True or ( not False ) ) is,,8250,8250
3108,( not False ) and ( True and ( False or False ) ) is,( not True ) and ( False and ( True or True ) ) is,,8250,8250
3109,( ( True and True ) or ( True or True ) ) or True is,( ( False and False ) or ( False or False ) ) or False is,,6110,6110
3110,True and ( True or True ) is,False and ( False or False ) is,,6110,6110
3111,( not ( False and True ) ) or False is,( not ( True and False ) ) or True is,,6110,6110
3112,( False or False ) and ( ( not False ) or ( True or False ) ) is,( True or True ) and ( ( not True ) or ( False or True ) ) is,,8250,8250
3113,( ( False or False ) or ( True and False ) ) and ( ( not True ) and False ) is,( ( True or True ) or ( False and True ) ) and ( ( not False ) and True ) is,,8250,8250
3114,( True and False ) and ( ( not True ) and ( True or False ) ) is,( False and True ) and ( ( not False ) and ( False or True ) ) is,,8250,8250
3115,( False and True ) or ( ( True and True ) and True ) is,( True and False ) or ( ( False and False ) and False ) is,,6110,6110
3116,False and ( ( True or True ) or True ) is,True and ( ( False or False ) or False ) is,,8250,8250
3117,( True or ( True or False ) ) or ( ( not False ) or ( True or False ) ) is,( False or ( False or True ) ) or ( ( not True ) or ( False or True ) ) is,,6110,6110
3118,( ( True or False ) or ( True and False ) ) and ( True or True ) is,( ( False or True ) or ( False and True ) ) and ( False or False ) is,,6110,6110
3119,( not True ) and ( False and False ) is,( not False ) and ( True and True ) is,,8250,8250
3120,( False and True ) or ( ( not True ) or True ) is,( True and False ) or ( ( not False ) or False ) is,,6110,6110
3121,( not ( False and True ) ) and ( False or ( True and False ) ) is,( not ( True and False ) ) and ( True or ( False and True ) ) is,,8250,8250
3122,False or ( ( True or False ) or ( False or False ) ) is,True or ( ( False or True ) or ( True or True ) ) is,,6110,6110
3123,( ( False and False ) or ( not True ) ) or ( True or ( False or True ) ) is,( ( True and True ) or ( not False ) ) or ( False or ( True or False ) ) is,,6110,6110
3124,False and ( False and ( False and False ) ) is,True and ( True and ( True and True ) ) is,,8250,8250
3125,( True and True ) and ( ( False and False ) or False ) is,( False and False ) and ( ( True and True ) or True ) is,,8250,8250
3126,( False or False ) and ( True and ( False or False ) ) is,( True or True ) and ( False and ( True or True ) ) is,,8250,8250
3127,( ( False or False ) or True ) and ( False or False ) is,( ( True or True ) or False ) and ( True or True ) is,,8250,8250
3128,False and ( ( not True ) and ( not True ) ) is,True and ( ( not False ) and ( not False ) ) is,,8250,8250
3129,True or ( ( True or True ) or ( False and False ) ) is,False or ( ( False or False ) or ( True and True ) ) is,,6110,6110
3130,( ( True or True ) and False ) and ( True or ( not False ) ) is,( ( False or False ) and True ) and ( False or ( not True ) ) is,,8250,8250
3131,False or ( False and ( True or False ) ) is,True or ( True and ( False or True ) ) is,,8250,8250
3132,( ( False and True ) and ( True or False ) ) and False is,( ( True and False ) and ( False or True ) ) and True is,,8250,8250
3133,( True or ( False or False ) ) or ( True and True ) is,( False or ( True or True ) ) or ( False and False ) is,,6110,6110
3134,( not ( False or False ) ) or ( ( False or False ) and ( False or False ) ) is,( not ( True or True ) ) or ( ( True or True ) and ( True or True ) ) is,,6110,6110
3135,( True or ( not True ) ) and False is,( False or ( not False ) ) and True is,,8250,8250
3136,( True and True ) and ( not ( True and False ) ) is,( False and False ) and ( not ( False and True ) ) is,,6110,6110
3137,( not ( False and False ) ) or ( ( True and True ) and ( False or True ) ) is,( not ( True and True ) ) or ( ( False and False ) and ( True or False ) ) is,,6110,6110
3138,( False and True ) or ( False and ( True and True ) ) is,( True and False ) or ( True and ( False and False ) ) is,,8250,8250
3139,( ( False or False ) or False ) or True is,( ( True or True ) or True ) or False is,,6110,6110
3140,( ( not False ) and False ) or ( False or ( False and False ) ) is,( ( not True ) and True ) or ( True or ( True and True ) ) is,,8250,8250
3141,( not ( True or False ) ) and ( ( not True ) or False ) is,( not ( False or True ) ) and ( ( not False ) or True ) is,,8250,8250
3142,( False and True ) and ( False and ( False or True ) ) is,( True and False ) and ( True and ( True or False ) ) is,,8250,8250
3143,( False or ( True or True ) ) and ( ( False and True ) or False ) is,( True or ( False or False ) ) and ( ( True and False ) or True ) is,,8250,8250
3144,( not ( not True ) ) and ( ( not False ) or ( True or True ) ) is,( not ( not False ) ) and ( ( not True ) or ( False or False ) ) is,,6110,6110
3145,( ( not False ) and True ) or False is,( ( not True ) and False ) or True is,,6110,6110
3146,False or ( ( not True ) and ( True or True ) ) is,True or ( ( not False ) and ( False or False ) ) is,,8250,8250
3147,( not True ) or ( False or ( False or True ) ) is,( not False ) or ( True or ( True or False ) ) is,,6110,6110
3148,( True and ( False or False ) ) and ( ( True or True ) or False ) is,( False and ( True or True ) ) and ( ( False or False ) or True ) is,,8250,8250
3149,( ( True or True ) or True ) or ( False and True ) is,( ( False or False ) or False ) or ( True and False ) is,,6110,6110
3150,( True or False ) or ( ( not True ) and ( False or True ) ) is,( False or True ) or ( ( not False ) and ( True or False ) ) is,,6110,6110
3151,( ( False and False ) or ( False or False ) ) or ( False or False ) is,( ( True and True ) or ( True or True ) ) or ( True or True ) is,,8250,8250
3152,False and ( ( False or True ) or ( not False ) ) is,True and ( ( True or False ) or ( not True ) ) is,,8250,8250
3153,( ( not True ) and ( False and True ) ) and ( False and ( False or True ) ) is,( ( not False ) and ( True and False ) ) and ( True and ( True or False ) ) is,,8250,8250
3154,( ( not False ) or ( True and True ) ) and ( ( not True ) and False ) is,( ( not True ) or ( False and False ) ) and ( ( not False ) and True ) is,,8250,8250
3155,( ( True and False ) or True ) or ( True or ( False and False ) ) is,( ( False and True ) or False ) or ( False or ( True and True ) ) is,,6110,6110
3156,( not ( not True ) ) or ( ( False or False ) or ( True or True ) ) is,( not ( not False ) ) or ( ( True or True ) or ( False or False ) ) is,,6110,6110
3157,( not ( False or True ) ) and ( ( True or False ) and ( False or True ) ) is,( not ( True or False ) ) and ( ( False or True ) and ( True or False ) ) is,,8250,8250
3158,( False or False ) or ( ( True and False ) or True ) is,( True or True ) or ( ( False and True ) or False ) is,,6110,6110
3159,( False and True ) and ( ( not False ) or ( False or False ) ) is,( True and False ) and ( ( not True ) or ( True or True ) ) is,,8250,8250
3160,( True and ( True or True ) ) and ( True or ( True and True ) ) is,( False and ( False or False ) ) and ( False or ( False and False ) ) is,,6110,6110
3161,( ( True or True ) or ( not False ) ) or ( False or ( False and True ) ) is,( ( False or False ) or ( not True ) ) or ( True or ( True and False ) ) is,,6110,6110
3162,( True or ( True and True ) ) or ( ( True and True ) and False ) is,( False or ( False and False ) ) or ( ( False and False ) and True ) is,,6110,6110
3163,( not ( False or False ) ) and ( ( False and False ) and False ) is,( not ( True or True ) ) and ( ( True and True ) and True ) is,,8250,8250
3164,( True or True ) and ( ( True or False ) or True ) is,( False or False ) and ( ( False or True ) or False ) is,,6110,6110
3165,( not False ) or ( ( not True ) and False ) is,( not True ) or ( ( not False ) and True ) is,,6110,6110
3166,( ( True and True ) and ( True and False ) ) or ( not ( False or True ) ) is,( ( False and False ) and ( False and True ) ) or ( not ( True or False ) ) is,,8250,8250
3167,( not ( not True ) ) or ( ( not False ) or False ) is,( not ( not False ) ) or ( ( not True ) or True ) is,,6110,6110
3168,( True or True ) and ( True or False ) is,( False or False ) and ( False or True ) is,,6110,6110
3169,( not ( True and False ) ) and False is,( not ( False and True ) ) and True is,,8250,8250
3170,( ( True or True ) and False ) or ( not ( False and False ) ) is,( ( False or False ) and True ) or ( not ( True and True ) ) is,,6110,6110
3171,( not ( False and True ) ) and ( not ( not False ) ) is,( not ( True and False ) ) and ( not ( not True ) ) is,,8250,8250
3172,( ( False or True ) and ( not False ) ) or ( True and False ) is,( ( True or False ) and ( not True ) ) or ( False and True ) is,,6110,6110
3173,( not False ) and ( ( True or True ) and ( False and True ) ) is,( not True ) and ( ( False or False ) and ( True and False ) ) is,,8250,8250
3174,( True or ( True or True ) ) or ( not False ) is,( False or ( False or False ) ) or ( not True ) is,,6110,6110
3175,( not ( not False ) ) and ( ( not False ) and True ) is,( not ( not True ) ) and ( ( not True ) and False ) is,,8250,8250
3176,( True or True ) or ( True and False ) is,( False or False ) or ( False and True ) is,,6110,6110
3177,( ( False and True ) or False ) and ( False or False ) is,( ( True and False ) or True ) and ( True or True ) is,,8250,8250
3178,( ( False or False ) and ( True or True ) ) or True is,( ( True or True ) and ( False or False ) ) or False is,,6110,6110
3179,False and ( True and ( True or True ) ) is,True and ( False and ( False or False ) ) is,,8250,8250
3180,( not True ) or ( True or False ) is,( not False ) or ( False or True ) is,,6110,6110
3181,( False and ( False and False ) ) and ( not False ) is,( True and ( True and True ) ) and ( not True ) is,,8250,8250
3182,( True and False ) or ( ( False and True ) and False ) is,( False and True ) or ( ( True and False ) and True ) is,,8250,8250
3183,( not ( True or False ) ) or ( not ( False or False ) ) is,( not ( False or True ) ) or ( not ( True or True ) ) is,,6110,6110
3184,( ( not False ) or False ) or ( False or ( not False ) ) is,( ( not True ) or True ) or ( True or ( not True ) ) is,,6110,6110
3185,( ( True and False ) and ( not True ) ) or ( ( True or False ) or False ) is,( ( False and True ) and ( not False ) ) or ( ( False or True ) or True ) is,,6110,6110
3186,( ( True or False ) and ( not True ) ) and ( True or False ) is,( ( False or True ) and ( not False ) ) and ( False or True ) is,,8250,8250
3187,False and ( False and ( True and False ) ) is,True and ( True and ( False and True ) ) is,,8250,8250
3188,( False or ( not False ) ) or ( ( True or True ) and True ) is,( True or ( not True ) ) or ( ( False or False ) and False ) is,,6110,6110
3189,( not False ) and ( not ( True or True ) ) is,( not True ) and ( not ( False or False ) ) is,,8250,8250
3190,( ( False and True ) or True ) and ( ( True or True ) or False ) is,( ( True and False ) or False ) and ( ( False or False ) or True ) is,,6110,6110
3191,( not ( True and True ) ) and ( True and False ) is,( not ( False and False ) ) and ( False and True ) is,,8250,8250
3192,( not False ) and ( ( True and True ) or ( not False ) ) is,( not True ) and ( ( False and False ) or ( not True ) ) is,,6110,6110
3193,False and ( True and ( not False ) ) is,True and ( False and ( not True ) ) is,,8250,8250
3194,( False or ( True or True ) ) and ( True and ( False and False ) ) is,( True or ( False or False ) ) and ( False and ( True and True ) ) is,,8250,8250
3195,False and ( ( True and True ) and ( True and False ) ) is,True and ( ( False and False ) and ( False and True ) ) is,,8250,8250
3196,( True or True ) and ( ( not False ) and True ) is,( False or False ) and ( ( not True ) and False ) is,,6110,6110
3197,True or ( False and ( not False ) ) is,False or ( True and ( not True ) ) is,,6110,6110
3198,False and ( False or False ) is,True and ( True or True ) is,,8250,8250
3199,True or ( False and ( True or False ) ) is,False or ( True and ( False or True ) ) is,,6110,6110
3200,( not ( not False ) ) and ( ( True and False ) or False ) is,( not ( not True ) ) and ( ( False and True ) or True ) is,,8250,8250
3201,( False or ( False and True ) ) or ( not ( True or False ) ) is,( True or ( True and False ) ) or ( not ( False or True ) ) is,,8250,8250
3202,( not True ) and ( ( True or False ) and ( not True ) ) is,( not False ) and ( ( False or True ) and ( not False ) ) is,,8250,8250
3203,( True or ( True or True ) ) and ( ( not False ) and True ) is,( False or ( False or False ) ) and ( ( not True ) and False ) is,,6110,6110
3204,( ( False and True ) and True ) or ( ( False and False ) and ( not True ) ) is,( ( True and False ) and False ) or ( ( True and True ) and ( not False ) ) is,,8250,8250
3205,( ( not True ) and True ) and ( ( True and False ) and False ) is,( ( not False ) and False ) and ( ( False and True ) and True ) is,,8250,8250
3206,( False or False ) or ( ( True or False ) and True ) is,( True or True ) or ( ( False or True ) and False ) is,,6110,6110
3207,( not ( False or False ) ) and ( not ( True or True ) ) is,( not ( True or True ) ) and ( not ( False or False ) ) is,,8250,8250
3208,( ( False or True ) or True ) or ( not True ) is,( ( True or False ) or False ) or ( not False ) is,,6110,6110
3209,( False and True ) and ( ( True and True ) and ( True and False ) ) is,( True and False ) and ( ( False and False ) and ( False and True ) ) is,,8250,8250
3210,( True or True ) or ( not ( False and True ) ) is,( False or False ) or ( not ( True and False ) ) is,,6110,6110
3211,( ( not False ) or ( True and False ) ) and ( ( False or True ) or False ) is,( ( not True ) or ( False and True ) ) and ( ( True or False ) or True ) is,,6110,6110
3212,( False or True ) and ( True and ( False or False ) ) is,( True or False ) and ( False and ( True or True ) ) is,,8250,8250
3213,( True and False ) and ( ( True and False ) and ( False and True ) ) is,( False and True ) and ( ( False and True ) and ( True and False ) ) is,,8250,8250
3214,( True or ( False or False ) ) and ( ( not False ) and True ) is,( False or ( True or True ) ) and ( ( not True ) and False ) is,,6110,6110
3215,( True and ( True and False ) ) and ( False and True ) is,( False and ( False and True ) ) and ( True and False ) is,,8250,8250
3216,( ( False and False ) and False ) and ( not ( True and True ) ) is,( ( True and True ) and True ) and ( not ( False and False ) ) is,,8250,8250
3217,True or ( ( not False ) or ( True and False ) ) is,False or ( ( not True ) or ( False and True ) ) is,,6110,6110
3218,( False and False ) or ( ( False or False ) or False ) is,( True and True ) or ( ( True or True ) or True ) is,,8250,8250
3219,( False or True ) or ( True and ( True or False ) ) is,( True or False ) or ( False and ( False or True ) ) is,,6110,6110
3220,( False and ( False and True ) ) or ( not False ) is,( True and ( True and False ) ) or ( not True ) is,,6110,6110
3221,( False and ( True or False ) ) or ( True and True ) is,( True and ( False or True ) ) or ( False and False ) is,,6110,6110
3222,( not False ) and ( ( not True ) or True ) is,( not True ) and ( ( not False ) or False ) is,,6110,6110
3223,( True and False ) or ( ( not True ) or ( True and True ) ) is,( False and True ) or ( ( not False ) or ( False and False ) ) is,,6110,6110
3224,False and ( True or ( False and True ) ) is,True and ( False or ( True and False ) ) is,,8250,8250
3225,( False or ( True and False ) ) and ( ( False or True ) and ( not False ) ) is,( True or ( False and True ) ) and ( ( True or False ) and ( not True ) ) is,,8250,8250
3226,( True or ( False and False ) ) or ( ( False and False ) or ( not True ) ) is,( False or ( True and True ) ) or ( ( True and True ) or ( not False ) ) is,,6110,6110
3227,( True or True ) and ( False and True ) is,( False or False ) and ( True and False ) is,,8250,8250
3228,( not ( False or True ) ) or ( not ( False or True ) ) is,( not ( True or False ) ) or ( not ( True or False ) ) is,,8250,8250
3229,( ( False or False ) and True ) and True is,( ( True or True ) and False ) and False is,,8250,8250
3230,True or ( ( True and False ) and ( True or True ) ) is,False or ( ( False and True ) and ( False or False ) ) is,,6110,6110
3231,( False and ( True and False ) ) or False is,( True and ( False and True ) ) or True is,,8250,8250
3232,( ( not True ) and ( False and False ) ) or ( ( True or True ) or ( not False ) ) is,( ( not False ) and ( True and True ) ) or ( ( False or False ) or ( not True ) ) is,,6110,6110
3233,( ( True or True ) or ( not True ) ) or ( not ( True and True ) ) is,( ( False or False ) or ( not False ) ) or ( not ( False and False ) ) is,,6110,6110
3234,( not ( not True ) ) and ( ( True and False ) or ( True or False ) ) is,( not ( not False ) ) and ( ( False and True ) or ( False or True ) ) is,,6110,6110
3235,( True or ( False and True ) ) and ( False or True ) is,( False or ( True and False ) ) and ( True or False ) is,,6110,6110
3236,False and ( ( True and True ) or True ) is,True and ( ( False and False ) or False ) is,,8250,8250
3237,( True and ( True or False ) ) or ( ( not False ) or True ) is,( False and ( False or True ) ) or ( ( not True ) or False ) is,,6110,6110
3238,False or ( ( not False ) or ( False or True ) ) is,True or ( ( not True ) or ( True or False ) ) is,,6110,6110
3239,( True and ( not False ) ) and ( False and ( False and False ) ) is,( False and ( not True ) ) and ( True and ( True and True ) ) is,,8250,8250
3240,( not ( not True ) ) and ( ( True and False ) and ( not True ) ) is,( not ( not False ) ) and ( ( False and True ) and ( not False ) ) is,,8250,8250
3241,( not ( not False ) ) or ( ( not False ) and False ) is,( not ( not True ) ) or ( ( not True ) and True ) is,,8250,8250
3242,( ( True and False ) or ( not False ) ) and ( not False ) is,( ( False and True ) or ( not True ) ) and ( not True ) is,,6110,6110
3243,( ( False or True ) and True ) and ( True and ( not True ) ) is,( ( True or False ) and False ) and ( False and ( not False ) ) is,,8250,8250
3244,( not False ) or ( False or ( True and False ) ) is,( not True ) or ( True or ( False and True ) ) is,,6110,6110
3245,( not ( False and True ) ) and ( not ( not True ) ) is,( not ( True and False ) ) and ( not ( not False ) ) is,,6110,6110
3246,( ( True or True ) and ( not True ) ) and False is,( ( False or False ) and ( not False ) ) and True is,,8250,8250
3247,( False and False ) and ( ( True or False ) and True ) is,( True and True ) and ( ( False or True ) and False ) is,,8250,8250
3248,( ( False or True ) and False ) and ( False or False ) is,( ( True or False ) and True ) and ( True or True ) is,,8250,8250
3249,( True or True ) and ( ( True or True ) and False ) is,( False or False ) and ( ( False or False ) and True ) is,,8250,8250
3250,( ( False and True ) and ( False or False ) ) and ( not False ) is,( ( True and False ) and ( True or True ) ) and ( not True ) is,,8250,8250
3251,( ( False and True ) and False ) and ( True and False ) is,( ( True and False ) and True ) and ( False and True ) is,,8250,8250
3252,( ( not False ) and ( False and True ) ) and ( False or True ) is,( ( not True ) and ( True and False ) ) and ( True or False ) is,,8250,8250
3253,( not ( False or False ) ) or ( not ( False and True ) ) is,( not ( True or True ) ) or ( not ( True and False ) ) is,,6110,6110
3254,( True or ( False or False ) ) and ( False or ( False and False ) ) is,( False or ( True or True ) ) and ( True or ( True and True ) ) is,,8250,8250
3255,False and ( False or ( not False ) ) is,True and ( True or ( not True ) ) is,,8250,8250
3256,( False and ( False or True ) ) or True is,( True and ( True or False ) ) or False is,,6110,6110
3257,( True or ( True and True ) ) or ( ( True or True ) and False ) is,( False or ( False and False ) ) or ( ( False or False ) and True ) is,,6110,6110
3258,( not ( not False ) ) and ( ( True and True ) and True ) is,( not ( not True ) ) and ( ( False and False ) and False ) is,,8250,8250
3259,( not False ) or ( ( False and False ) or True ) is,( not True ) or ( ( True and True ) or False ) is,,6110,6110
3260,( False and False ) and ( not True ) is,( True and True ) and ( not False ) is,,8250,8250
3261,( False or ( not False ) ) or ( False or ( False and False ) ) is,( True or ( not True ) ) or ( True or ( True and True ) ) is,,6110,6110
3262,( True or False ) or ( False or ( True or False ) ) is,( False or True ) or ( True or ( False or True ) ) is,,6110,6110
3263,( True or ( not True ) ) or ( True and ( not True ) ) is,( False or ( not False ) ) or ( False and ( not False ) ) is,,6110,6110
3264,( ( True or True ) or False ) and False is,( ( False or False ) or True ) and True is,,8250,8250
3265,( True and False ) and ( not False ) is,( False and True ) and ( not True ) is,,8250,8250
3266,( ( False and True ) and True ) and ( False or False ) is,( ( True and False ) and False ) and ( True or True ) is,,8250,8250
3267,( not ( False and False ) ) or ( not ( False or True ) ) is,( not ( True and True ) ) or ( not ( True or False ) ) is,,6110,6110
3268,( True or True ) and ( ( False and False ) and False ) is,( False or False ) and ( ( True and True ) and True ) is,,8250,8250
3269,( False or True ) and ( ( not True ) or True ) is,( True or False ) and ( ( not False ) or False ) is,,6110,6110
3270,( not True ) or ( ( not False ) and ( not False ) ) is,( not False ) or ( ( not True ) and ( not True ) ) is,,6110,6110
3271,( not ( not False ) ) and ( False or ( not False ) ) is,( not ( not True ) ) and ( True or ( not True ) ) is,,8250,8250
3272,( ( True or True ) and ( True and False ) ) and ( not True ) is,( ( False or False ) and ( False and True ) ) and ( not False ) is,,8250,8250
3273,( ( True and False ) and False ) or ( ( True and False ) and ( not True ) ) is,( ( False and True ) and True ) or ( ( False and True ) and ( not False ) ) is,,8250,8250
3274,( True or ( False and False ) ) or ( not True ) is,( False or ( True and True ) ) or ( not False ) is,,6110,6110
3275,( ( False and True ) and ( True or False ) ) or False is,( ( True and False ) and ( False or True ) ) or True is,,8250,8250
3276,( ( True or True ) or False ) and True is,( ( False or False ) or True ) and False is,,6110,6110
3277,( True or ( False and False ) ) and ( not ( True and True ) ) is,( False or ( True and True ) ) and ( not ( False and False ) ) is,,8250,8250
3278,( True and True ) or ( False or ( not True ) ) is,( False and False ) or ( True or ( not False ) ) is,,6110,6110
3279,( False and ( not True ) ) and ( ( False and True ) and True ) is,( True and ( not False ) ) and ( ( True and False ) and False ) is,,8250,8250
3280,( False and ( True or True ) ) or False is,( True and ( False or False ) ) or True is,,8250,8250
3281,False and ( ( not True ) or ( False and False ) ) is,True and ( ( not False ) or ( True and True ) ) is,,8250,8250
3282,( False or ( not False ) ) and ( not True ) is,( True or ( not True ) ) and ( not False ) is,,8250,8250
3283,( ( True and True ) or ( not True ) ) or ( False and ( not True ) ) is,( ( False and False ) or ( not False ) ) or ( True and ( not False ) ) is,,6110,6110
3284,( not ( True and False ) ) and ( not ( False and True ) ) is,( not ( False and True ) ) and ( not ( True and False ) ) is,,6110,6110
3285,( ( not False ) or ( False or False ) ) or ( not False ) is,( ( not True ) or ( True or True ) ) or ( not True ) is,,6110,6110
3286,( True or False ) and ( True or True ) is,( False or True ) and ( False or False ) is,,6110,6110
3287,( True or False ) and ( ( True or False ) and True ) is,( False or True ) and ( ( False or True ) and False ) is,,6110,6110
3288,( ( True and False ) or True ) and ( False or True ) is,( ( False and True ) or False ) and ( True or False ) is,,6110,6110
3289,( False or ( not True ) ) and ( True and True ) is,( True or ( not False ) ) and ( False and False ) is,,8250,8250
3290,( not False ) and ( ( not False ) and ( not False ) ) is,( not True ) and ( ( not True ) and ( not True ) ) is,,6110,6110
3291,( ( not True ) or ( not False ) ) or True is,( ( not False ) or ( not True ) ) or False is,,6110,6110
3292,( ( False or True ) and ( not False ) ) or ( not False ) is,( ( True or False ) and ( not True ) ) or ( not True ) is,,6110,6110
3293,( True and ( True and False ) ) or ( not True ) is,( False and ( False and True ) ) or ( not False ) is,,8250,8250
3294,( ( False or False ) and ( True or False ) ) and ( not ( True and False ) ) is,( ( True or True ) and ( False or True ) ) and ( not ( False and True ) ) is,,8250,8250
3295,( not ( True and True ) ) or ( True or ( not False ) ) is,( not ( False and False ) ) or ( False or ( not True ) ) is,,6110,6110
3296,( True and False ) or ( False or True ) is,( False and True ) or ( True or False ) is,,6110,6110
3297,( False and ( False or False ) ) or ( True or ( not True ) ) is,( True and ( True or True ) ) or ( False or ( not False ) ) is,,6110,6110
3298,( False or ( True or True ) ) or ( ( not False ) or False ) is,( True or ( False or False ) ) or ( ( not True ) or True ) is,,6110,6110
3299,( ( True or True ) or ( True or False ) ) and ( ( not False ) or False ) is,( ( False or False ) or ( False or True ) ) and ( ( not True ) or True ) is,,6110,6110
3300,( ( not False ) or ( True or True ) ) and ( False and False ) is,( ( not True ) or ( False or False ) ) and ( True and True ) is,,8250,8250
3301,( not ( not True ) ) or ( False and ( not True ) ) is,( not ( not False ) ) or ( True and ( not False ) ) is,,6110,6110
3302,( True or ( False and False ) ) or ( False or True ) is,( False or ( True and True ) ) or ( True or False ) is,,6110,6110
3303,( ( True or False ) or ( False or True ) ) and False is,( ( False or True ) or ( True or False ) ) and True is,,8250,8250
3304,( True and ( False and True ) ) or ( not True ) is,( False and ( True and False ) ) or ( not False ) is,,8250,8250
3305,( False and False ) and ( False or ( not False ) ) is,( True and True ) and ( True or ( not True ) ) is,,8250,8250
3306,( ( False and False ) and False ) and ( True or True ) is,( ( True and True ) and True ) and ( False or False ) is,,8250,8250
3307,( False or False ) and ( False and ( True or False ) ) is,( True or True ) and ( True and ( False or True ) ) is,,8250,8250
3308,( ( False and False ) or ( not False ) ) or ( not ( False and True ) ) is,( ( True and True ) or ( not True ) ) or ( not ( True and False ) ) is,,6110,6110
3309,( not ( True or False ) ) or ( not True ) is,( not ( False or True ) ) or ( not False ) is,,8250,8250
3310,( ( False and True ) and ( True and False ) ) and ( not True ) is,( ( True and False ) and ( False and True ) ) and ( not False ) is,,8250,8250
3311,( True and False ) and ( False or True ) is,( False and True ) and ( True or False ) is,,8250,8250
3312,( ( not True ) and False ) and ( False or True ) is,( ( not False ) and True ) and ( True or False ) is,,8250,8250
3313,( ( False and True ) or ( False and False ) ) or ( ( not True ) and False ) is,( ( True and False ) or ( True and True ) ) or ( ( not False ) and True ) is,,8250,8250
3314,( ( False or True ) or ( False and True ) ) and ( not ( False and False ) ) is,( ( True or False ) or ( True and False ) ) and ( not ( True and True ) ) is,,6110,6110
3315,( not ( False and True ) ) and ( ( not True ) or True ) is,( not ( True and False ) ) and ( ( not False ) or False ) is,,6110,6110
3316,( not True ) and ( ( True or False ) and ( True and False ) ) is,( not False ) and ( ( False or True ) and ( False and True ) ) is,,8250,8250
3317,( True and ( not True ) ) and ( ( False and False ) or True ) is,( False and ( not False ) ) and ( ( True and True ) or False ) is,,8250,8250
3318,( not ( False and False ) ) and ( ( not True ) and False ) is,( not ( True and True ) ) and ( ( not False ) and True ) is,,8250,8250
3319,( ( True or True ) or ( False or False ) ) and ( False and False ) is,( ( False or False ) or ( True or True ) ) and ( True and True ) is,,8250,8250
3320,( ( not False ) and ( True or False ) ) and ( True or ( not False ) ) is,( ( not True ) and ( False or True ) ) and ( False or ( not True ) ) is,,6110,6110
3321,( True and ( True and True ) ) or ( not ( False and False ) ) is,( False and ( False and False ) ) or ( not ( True and True ) ) is,,6110,6110
3322,( ( not False ) and True ) or ( True and True ) is,( ( not True ) and False ) or ( False and False ) is,,6110,6110
3323,( ( not False ) or True ) or ( False and True ) is,( ( not True ) or False ) or ( True and False ) is,,6110,6110
3324,( False and False ) or ( not ( True or False ) ) is,( True and True ) or ( not ( False or True ) ) is,,8250,8250
3325,( ( not True ) and False ) and ( True or True ) is,( ( not False ) and True ) and ( False or False ) is,,8250,8250
3326,False and ( False or ( True or True ) ) is,True and ( True or ( False or False ) ) is,,8250,8250
3327,( ( True or True ) or True ) and ( False and True ) is,( ( False or False ) or False ) and ( True and False ) is,,8250,8250
3328,( not ( not True ) ) and ( ( not False ) and False ) is,( not ( not False ) ) and ( ( not True ) and True ) is,,8250,8250
3329,( ( True or False ) and True ) or ( False and True ) is,( ( False or True ) and False ) or ( True and False ) is,,6110,6110
3330,( ( True or False ) or False ) and ( True or False ) is,( ( False or True ) or True ) and ( False or True ) is,,6110,6110
3331,( False or True ) and ( ( not True ) and True ) is,( True or False ) and ( ( not False ) and False ) is,,8250,8250
3332,( ( False or False ) or True ) and False is,( ( True or True ) or False ) and True is,,8250,8250
3333,( not ( not False ) ) or ( False or ( False or True ) ) is,( not ( not True ) ) or ( True or ( True or False ) ) is,,6110,6110
3334,( ( True and True ) and ( True and False ) ) or ( not False ) is,( ( False and False ) and ( False and True ) ) or ( not True ) is,,6110,6110
3335,( ( not False ) and True ) or ( ( not True ) or False ) is,( ( not True ) and False ) or ( ( not False ) or True ) is,,6110,6110
3336,( ( False or False ) and ( False and False ) ) or ( False or True ) is,( ( True or True ) and ( True and True ) ) or ( True or False ) is,,6110,6110
3337,( False and True ) and False is,( True and False ) and True is,,8250,8250
3338,( False and ( True and True ) ) or ( True and False ) is,( True and ( False and False ) ) or ( False and True ) is,,8250,8250
3339,( True or ( False and False ) ) and ( not False ) is,( False or ( True and True ) ) and ( not True ) is,,6110,6110
3340,( True and True ) or ( True and ( True and True ) ) is,( False and False ) or ( False and ( False and False ) ) is,,6110,6110
3341,( False and True ) or ( ( not False ) or ( not False ) ) is,( True and False ) or ( ( not True ) or ( not True ) ) is,,6110,6110
3342,( not ( True or False ) ) or ( not ( not False ) ) is,( not ( False or True ) ) or ( not ( not True ) ) is,,8250,8250
3343,( False and True ) or ( ( False or True ) or True ) is,( True and False ) or ( ( True or False ) or False ) is,,6110,6110
3344,( ( not True ) or True ) and ( False and True ) is,( ( not False ) or False ) and ( True and False ) is,,8250,8250
3345,( ( False or False ) and True ) or False is,( ( True or True ) and False ) or True is,,8250,8250
3346,( ( True and True ) or ( False and True ) ) and ( not True ) is,( ( False and False ) or ( True and False ) ) and ( not False ) is,,8250,8250
3347,( True or ( not False ) ) and ( ( False or False ) and False ) is,( False or ( not True ) ) and ( ( True or True ) and True ) is,,8250,8250
3348,( False and ( not True ) ) and ( not ( not False ) ) is,( True and ( not False ) ) and ( not ( not True ) ) is,,8250,8250
3349,( not False ) or ( False and ( not False ) ) is,( not True ) or ( True and ( not True ) ) is,,6110,6110
3350,True or ( True or ( not True ) ) is,False or ( False or ( not False ) ) is,,6110,6110
3351,( True or ( True or True ) ) or ( ( not True ) and ( False and False ) ) is,( False or ( False or False ) ) or ( ( not False ) and ( True and True ) ) is,,6110,6110
3352,( not True ) and ( True or False ) is,( not False ) and ( False or True ) is,,8250,8250
3353,( not True ) and False is,( not False ) and True is,,8250,8250
3354,( ( not False ) or ( not True ) ) and ( not True ) is,( ( not True ) or ( not False ) ) and ( not False ) is,,8250,8250
3355,( ( True or True ) or False ) or True is,( ( False or False ) or True ) or False is,,6110,6110
3356,( False or True ) or ( False or ( False or True ) ) is,( True or False ) or ( True or ( True or False ) ) is,,6110,6110
3357,( ( True and True ) or ( not True ) ) or True is,( ( False and False ) or ( not False ) ) or False is,,6110,6110
3358,( ( False and True ) and False ) or ( False and True ) is,( ( True and False ) and True ) or ( True and False ) is,,8250,8250
3359,( True or True ) and ( True and ( False and False ) ) is,( False or False ) and ( False and ( True and True ) ) is,,8250,8250
3360,( True and False ) and ( not ( True and True ) ) is,( False and True ) and ( not ( False and False ) ) is,,8250,8250
3361,( not ( True and False ) ) and ( not ( False or False ) ) is,( not ( False and True ) ) and ( not ( True or True ) ) is,,6110,6110
3362,( True and ( True and True ) ) and ( not ( False and False ) ) is,( False and ( False and False ) ) and ( not ( True and True ) ) is,,6110,6110
3363,( ( False and False ) and True ) and ( ( True and True ) or True ) is,( ( True and True ) and False ) and ( ( False and False ) or False ) is,,8250,8250
3364,( ( True and True ) and True ) and ( False or ( False and False ) ) is,( ( False and False ) and False ) and ( True or ( True and True ) ) is,,8250,8250
3365,( not True ) and ( ( False or True ) and ( True or True ) ) is,( not False ) and ( ( True or False ) and ( False or False ) ) is,,8250,8250
3366,( ( True and True ) and ( False or False ) ) and ( not ( not True ) ) is,( ( False and False ) and ( True or True ) ) and ( not ( not False ) ) is,,8250,8250
3367,( not ( not True ) ) and ( ( True or False ) or ( False and True ) ) is,( not ( not False ) ) and ( ( False or True ) or ( True and False ) ) is,,6110,6110
3368,( True or False ) or ( ( False or True ) and False ) is,( False or True ) or ( ( True or False ) and True ) is,,6110,6110
3369,( True and False ) or ( ( True or False ) and ( False or True ) ) is,( False and True ) or ( ( False or True ) and ( True or False ) ) is,,6110,6110
3370,( ( True and True ) and ( False or True ) ) and ( not ( True and False ) ) is,( ( False and False ) and ( True or False ) ) and ( not ( False and True ) ) is,,6110,6110
3371,False or ( False and ( False or False ) ) is,True or ( True and ( True or True ) ) is,,8250,8250
3372,( ( False or False ) or False ) or ( False and True ) is,( ( True or True ) or True ) or ( True and False ) is,,8250,8250
3373,( False or ( True and True ) ) and ( True and False ) is,( True or ( False and False ) ) and ( False and True ) is,,8250,8250
3374,( not ( not True ) ) or ( ( False and True ) and ( True or False ) ) is,( not ( not False ) ) or ( ( True and False ) and ( False or True ) ) is,,6110,6110
3375,( not False ) and ( ( False or True ) or False ) is,( not True ) and ( ( True or False ) or True ) is,,6110,6110
3376,( ( not False ) and True ) or ( not ( not False ) ) is,( ( not True ) and False ) or ( not ( not True ) ) is,,6110,6110
3377,( False or True ) and ( True or ( False and True ) ) is,( True or False ) and ( False or ( True and False ) ) is,,6110,6110
3378,( False or True ) or ( ( False and True ) or ( False and False ) ) is,( True or False ) or ( ( True and False ) or ( True and True ) ) is,,6110,6110
3379,( ( True and False ) and ( True and False ) ) or ( True or True ) is,( ( False and True ) and ( False and True ) ) or ( False or False ) is,,6110,6110
3380,( not ( True and False ) ) or True is,( not ( False and True ) ) or False is,,6110,6110
3381,( True and True ) and ( not ( False and True ) ) is,( False and False ) and ( not ( True and False ) ) is,,6110,6110
3382,( False or ( not False ) ) and ( ( True and False ) or ( False and False ) ) is,( True or ( not True ) ) and ( ( False and True ) or ( True and True ) ) is,,8250,8250
3383,( False or False ) or ( ( False and False ) and ( False and False ) ) is,( True or True ) or ( ( True and True ) and ( True and True ) ) is,,8250,8250
3384,( not True ) or ( ( True or False ) or ( False and False ) ) is,( not False ) or ( ( False or True ) or ( True and True ) ) is,,6110,6110
3385,( not ( not False ) ) or ( ( not False ) and ( False and False ) ) is,( not ( not True ) ) or ( ( not True ) and ( True and True ) ) is,,8250,8250
3386,( ( not True ) or ( True and False ) ) or ( False or False ) is,( ( not False ) or ( False and True ) ) or ( True or True ) is,,8250,8250
3387,False or ( ( True and True ) and True ) is,True or ( ( False and False ) and False ) is,,6110,6110
3388,( ( not True ) and ( False and True ) ) or ( ( not True ) and ( False or False ) ) is,( ( not False ) and ( True and False ) ) or ( ( not False ) and ( True or True ) ) is,,8250,8250
3389,( not ( True or True ) ) or ( not False ) is,( not ( False or False ) ) or ( not True ) is,,6110,6110
3390,( ( True and False ) and ( False and False ) ) and ( not ( not False ) ) is,( ( False and True ) and ( True and True ) ) and ( not ( not True ) ) is,,8250,8250
3391,( False or True ) or ( ( not False ) and ( not True ) ) is,( True or False ) or ( ( not True ) and ( not False ) ) is,,6110,6110
3392,( not False ) and ( ( not False ) or ( True and True ) ) is,( not True ) and ( ( not True ) or ( False and False ) ) is,,6110,6110
3393,( ( not False ) and ( False and False ) ) or ( ( not True ) or True ) is,( ( not True ) and ( True and True ) ) or ( ( not False ) or False ) is,,6110,6110
3394,( ( True or True ) and ( True and True ) ) or False is,( ( False or False ) and ( False and False ) ) or True is,,6110,6110
3395,( True or True ) and ( True and ( True and True ) ) is,( False or False ) and ( False and ( False and False ) ) is,,6110,6110
3396,( False and True ) and ( not True ) is,( True and False ) and ( not False ) is,,8250,8250
3397,( False and ( not False ) ) and ( False or True ) is,( True and ( not True ) ) and ( True or False ) is,,8250,8250
3398,( True or ( False or False ) ) and ( True or False ) is,( False or ( True or True ) ) and ( False or True ) is,,6110,6110
3399,( False and True ) or ( ( False and True ) or True ) is,( True and False ) or ( ( True and False ) or False ) is,,6110,6110
3400,( True or True ) and ( ( not True ) or True ) is,( False or False ) and ( ( not False ) or False ) is,,6110,6110
3401,( True and False ) or ( ( False or True ) or ( True or False ) ) is,( False and True ) or ( ( True or False ) or ( False or True ) ) is,,6110,6110
3402,( True or False ) and ( True or ( False and True ) ) is,( False or True ) and ( False or ( True and False ) ) is,,6110,6110
3403,( False or True ) or ( True or ( False or True ) ) is,( True or False ) or ( False or ( True or False ) ) is,,6110,6110
3404,False or ( not ( not False ) ) is,True or ( not ( not True ) ) is,,8250,8250
3405,True or ( True or ( False and False ) ) is,False or ( False or ( True and True ) ) is,,6110,6110
3406,( ( True and True ) and False ) or ( not True ) is,( ( False and False ) and True ) or ( not False ) is,,8250,8250
3407,( True or ( True and False ) ) and ( not ( True or True ) ) is,( False or ( False and True ) ) and ( not ( False or False ) ) is,,8250,8250
3408,( False or False ) or ( ( not True ) and True ) is,( True or True ) or ( ( not False ) and False ) is,,8250,8250
3409,( True or ( False and True ) ) and ( False or ( not True ) ) is,( False or ( True and False ) ) and ( True or ( not False ) ) is,,8250,8250
3410,( True and True ) or ( ( not True ) or ( True or False ) ) is,( False and False ) or ( ( not False ) or ( False or True ) ) is,,6110,6110
3411,False and ( ( True and False ) and ( False and True ) ) is,True and ( ( False and True ) and ( True and False ) ) is,,8250,8250
3412,( not ( True or False ) ) and ( True and True ) is,( not ( False or True ) ) and ( False and False ) is,,8250,8250
3413,( ( not True ) or False ) or ( not False ) is,( ( not False ) or True ) or ( not True ) is,,6110,6110
3414,( False and True ) or ( False or ( True or True ) ) is,( True and False ) or ( True or ( False or False ) ) is,,6110,6110
3415,( ( True or False ) and ( True and True ) ) and ( not ( False and False ) ) is,( ( False or True ) and ( False and False ) ) and ( not ( True and True ) ) is,,6110,6110
3416,( False or True ) or ( False and ( True or False ) ) is,( True or False ) or ( True and ( False or True ) ) is,,6110,6110
3417,( ( not True ) or ( False and True ) ) or False is,( ( not False ) or ( True and False ) ) or True is,,8250,8250
3418,( not ( False and True ) ) or ( ( not True ) and ( not False ) ) is,( not ( True and False ) ) or ( ( not False ) and ( not True ) ) is,,6110,6110
3419,( not ( True and True ) ) and ( False or ( False or False ) ) is,( not ( False and False ) ) and ( True or ( True or True ) ) is,,8250,8250
3420,( not ( False and True ) ) and ( not ( True or True ) ) is,( not ( True and False ) ) and ( not ( False or False ) ) is,,8250,8250
3421,( ( False or True ) and True ) or ( False or False ) is,( ( True or False ) and False ) or ( True or True ) is,,6110,6110
3422,( True and ( False and False ) ) and True is,( False and ( True and True ) ) and False is,,8250,8250
3423,( False or ( True and False ) ) and ( ( not False ) or True ) is,( True or ( False and True ) ) and ( ( not True ) or False ) is,,8250,8250
3424,( ( not False ) or True ) and ( not True ) is,( ( not True ) or False ) and ( not False ) is,,8250,8250
3425,( False or ( True and True ) ) and ( True or False ) is,( True or ( False and False ) ) and ( False or True ) is,,6110,6110
3426,( ( not False ) and ( True and False ) ) and ( not False ) is,( ( not True ) and ( False and True ) ) and ( not True ) is,,8250,8250
3427,( not True ) and ( False and ( False or True ) ) is,( not False ) and ( True and ( True or False ) ) is,,8250,8250
3428,( ( not False ) and ( True and False ) ) and ( False and ( True and False ) ) is,( ( not True ) and ( False and True ) ) and ( True and ( False and True ) ) is,,8250,8250
3429,( not ( not True ) ) or ( not ( True and True ) ) is,( not ( not False ) ) or ( not ( False and False ) ) is,,6110,6110
3430,( ( True and True ) or True ) or ( not ( not False ) ) is,( ( False and False ) or False ) or ( not ( not True ) ) is,,6110,6110
3431,( ( True and False ) or ( False or True ) ) or ( False or False ) is,( ( False and True ) or ( True or False ) ) or ( True or True ) is,,6110,6110
3432,( ( not True ) and ( False and True ) ) or ( not False ) is,( ( not False ) and ( True and False ) ) or ( not True ) is,,6110,6110
3433,( not False ) and ( ( False and False ) or True ) is,( not True ) and ( ( True and True ) or False ) is,,6110,6110
3434,( False or ( False and False ) ) or ( False or ( False and False ) ) is,( True or ( True and True ) ) or ( True or ( True and True ) ) is,,8250,8250
3435,( not True ) and ( ( False and False ) and True ) is,( not False ) and ( ( True and True ) and False ) is,,8250,8250
3436,( not ( False or True ) ) or ( True and True ) is,( not ( True or False ) ) or ( False and False ) is,,6110,6110
3437,( ( not False ) or ( False and True ) ) and False is,( ( not True ) or ( True and False ) ) and True is,,8250,8250
3438,( ( False and True ) or ( True or False ) ) and ( ( not False ) or False ) is,( ( True and False ) or ( False or True ) ) and ( ( not True ) or True ) is,,6110,6110
3439,( not ( True or True ) ) and ( ( False and False ) and True ) is,( not ( False or False ) ) and ( ( True and True ) and False ) is,,8250,8250
3440,( ( False or True ) or ( True or True ) ) and False is,( ( True or False ) or ( False or False ) ) and True is,,8250,8250
3441,( not True ) or ( ( False and True ) or ( not True ) ) is,( not False ) or ( ( True and False ) or ( not False ) ) is,,8250,8250
3442,( ( not False ) or ( False or False ) ) or ( True or True ) is,( ( not True ) or ( True or True ) ) or ( False or False ) is,,6110,6110
3443,( ( not False ) and False ) and ( ( not True ) or True ) is,( ( not True ) and True ) and ( ( not False ) or False ) is,,8250,8250
3444,( True or True ) and ( True and ( False and True ) ) is,( False or False ) and ( False and ( True and False ) ) is,,8250,8250
3445,( False or False ) or ( True or ( not False ) ) is,( True or True ) or ( False or ( not True ) ) is,,6110,6110
3446,( True and ( not False ) ) and ( True or False ) is,( False and ( not True ) ) and ( False or True ) is,,6110,6110
3447,( not True ) and ( ( not True ) and ( True and False ) ) is,( not False ) and ( ( not False ) and ( False and True ) ) is,,8250,8250
3448,False or True is,True or False is,,6110,6110
3449,( ( not True ) and ( not True ) ) and ( ( True and False ) or ( not False ) ) is,( ( not False ) and ( not False ) ) and ( ( False and True ) or ( not True ) ) is,,8250,8250
3450,( ( False or False ) or True ) and ( ( not False ) or False ) is,( ( True or True ) or False ) and ( ( not True ) or True ) is,,6110,6110
3451,( not ( True and True ) ) or ( ( True and False ) and True ) is,( not ( False and False ) ) or ( ( False and True ) and False ) is,,8250,8250
3452,( not ( False and True ) ) or ( not ( True and True ) ) is,( not ( True and False ) ) or ( not ( False and False ) ) is,,6110,6110
3453,( True and ( not False ) ) or ( ( False and True ) and True ) is,( False and ( not True ) ) or ( ( True and False ) and False ) is,,6110,6110
3454,( True or ( not True ) ) or ( not ( not False ) ) is,( False or ( not False ) ) or ( not ( not True ) ) is,,6110,6110
3455,( False or False ) or ( ( True and False ) or ( False and True ) ) is,( True or True ) or ( ( False and True ) or ( True and False ) ) is,,8250,8250
3456,( True or ( True and False ) ) or True is,( False or ( False and True ) ) or False is,,6110,6110
3457,( not False ) or ( ( True and True ) and True ) is,( not True ) or ( ( False and False ) and False ) is,,6110,6110
3458,( ( not False ) or False ) and ( not True ) is,( ( not True ) or True ) and ( not False ) is,,8250,8250
3459,( ( not True ) or False ) or ( ( not True ) and False ) is,( ( not False ) or True ) or ( ( not False ) and True ) is,,8250,8250
3460,( True or True ) or ( ( False or False ) or ( True or True ) ) is,( False or False ) or ( ( True or True ) or ( False or False ) ) is,,6110,6110
3461,( not False ) or ( not ( True and True ) ) is,( not True ) or ( not ( False and False ) ) is,,6110,6110
3462,( True and ( False or True ) ) or ( True or ( False or False ) ) is,( False and ( True or False ) ) or ( False or ( True or True ) ) is,,6110,6110
3463,( ( False and True ) or False ) and ( ( False and False ) or False ) is,( ( True and False ) or True ) and ( ( True and True ) or True ) is,,8250,8250
3464,( ( False and False ) and True ) or ( not True ) is,( ( True and True ) and False ) or ( not False ) is,,8250,8250
3465,( False and True ) or ( not ( False and False ) ) is,( True and False ) or ( not ( True and True ) ) is,,6110,6110
3466,( not ( not True ) ) or ( ( False and True ) and ( True and False ) ) is,( not ( not False ) ) or ( ( True and False ) and ( False and True ) ) is,,6110,6110
3467,( ( False or True ) and ( False or True ) ) and True is,( ( True or False ) and ( True or False ) ) and False is,,6110,6110
3468,( ( not True ) and ( False or True ) ) and ( False and True ) is,( ( not False ) and ( True or False ) ) and ( True and False ) is,,8250,8250
3469,( not ( True and True ) ) and ( ( False and True ) or False ) is,( not ( False and False ) ) and ( ( True and False ) or True ) is,,8250,8250
3470,False or ( ( False and True ) and ( False and False ) ) is,True or ( ( True and False ) and ( True and True ) ) is,,8250,8250
3471,( True or False ) or ( True or ( True or False ) ) is,( False or True ) or ( False or ( False or True ) ) is,,6110,6110
3472,( not False ) or ( ( True and False ) and ( not True ) ) is,( not True ) or ( ( False and True ) and ( not False ) ) is,,6110,6110
3473,( ( True or False ) and ( not False ) ) or ( not False ) is,( ( False or True ) and ( not True ) ) or ( not True ) is,,6110,6110
3474,( ( False or True ) and False ) and False is,( ( True or False ) and True ) and True is,,8250,8250
3475,( ( not True ) or ( True or False ) ) and ( not False ) is,( ( not False ) or ( False or True ) ) and ( not True ) is,,6110,6110
3476,( ( not False ) or ( True and True ) ) or ( ( not True ) and True ) is,( ( not True ) or ( False and False ) ) or ( ( not False ) and False ) is,,6110,6110
3477,( not ( True and False ) ) or ( not ( not True ) ) is,( not ( False and True ) ) or ( not ( not False ) ) is,,6110,6110
3478,( ( True and True ) and ( True or True ) ) or True is,( ( False and False ) and ( False or False ) ) or False is,,6110,6110
3479,False or ( ( True and True ) and False ) is,True or ( ( False and False ) and True ) is,,8250,8250
3480,( not ( not True ) ) and ( False and ( False or False ) ) is,( not ( not False ) ) and ( True and ( True or True ) ) is,,8250,8250
3481,( not ( False and True ) ) or ( True and ( True and True ) ) is,( not ( True and False ) ) or ( False and ( False and False ) ) is,,6110,6110
3482,( ( False or False ) or ( False or False ) ) or True is,( ( True or True ) or ( True or True ) ) or False is,,6110,6110
3483,( ( False and True ) and False ) and ( not False ) is,( ( True and False ) and True ) and ( not True ) is,,8250,8250
3484,( True or ( not False ) ) or ( not False ) is,( False or ( not True ) ) or ( not True ) is,,6110,6110
3485,( not ( True or False ) ) and ( False or ( True and True ) ) is,( not ( False or True ) ) and ( True or ( False and False ) ) is,,8250,8250
3486,( ( not True ) or ( not True ) ) or ( not True ) is,( ( not False ) or ( not False ) ) or ( not False ) is,,8250,8250
3487,( ( False or True ) or True ) or ( True or ( True and True ) ) is,( ( True or False ) or False ) or ( False or ( False and False ) ) is,,6110,6110
3488,( False or True ) or ( False or True ) is,( True or False ) or ( True or False ) is,,6110,6110
3489,( True or False ) and ( not ( False or True ) ) is,( False or True ) and ( not ( True or False ) ) is,,8250,8250
3490,( ( True and True ) or True ) and True is,( ( False and False ) or False ) and False is,,6110,6110
3491,( not ( True and True ) ) or ( ( not False ) or True ) is,( not ( False and False ) ) or ( ( not True ) or False ) is,,6110,6110
3492,( False or False ) and ( True or ( True and False ) ) is,( True or True ) and ( False or ( False and True ) ) is,,8250,8250
3493,( False or ( not True ) ) and ( not ( False and False ) ) is,( True or ( not False ) ) and ( not ( True and True ) ) is,,8250,8250
3494,( True and False ) or ( ( True and True ) or False ) is,( False and True ) or ( ( False and False ) or True ) is,,6110,6110
3495,( not ( not False ) ) or ( not ( not False ) ) is,( not ( not True ) ) or ( not ( not True ) ) is,,8250,8250
3496,( ( not False ) or True ) or ( False and False ) is,( ( not True ) or False ) or ( True and True ) is,,6110,6110
3497,( True or False ) and ( not ( True and False ) ) is,( False or True ) and ( not ( False and True ) ) is,,6110,6110
3498,( not ( True and True ) ) or ( True and ( True or False ) ) is,( not ( False and False ) ) or ( False and ( False or True ) ) is,,6110,6110
3499,( ( not True ) or ( True or True ) ) or ( not True ) is,( ( not False ) or ( False or False ) ) or ( not False ) is,,6110,6110
3500,( not True ) and ( ( True and True ) or False ) is,( not False ) and ( ( False and False ) or True ) is,,8250,8250
3501,( False or ( not True ) ) and ( False or False ) is,( True or ( not False ) ) and ( True or True ) is,,8250,8250
3502,( True or ( not True ) ) or ( True and ( False or False ) ) is,( False or ( not False ) ) or ( False and ( True or True ) ) is,,6110,6110
3503,( False or False ) and ( ( not True ) or ( True or False ) ) is,( True or True ) and ( ( not False ) or ( False or True ) ) is,,8250,8250
3504,( ( False or True ) and False ) and ( True and False ) is,( ( True or False ) and True ) and ( False and True ) is,,8250,8250
3505,( not ( False or True ) ) and ( ( False and False ) and False ) is,( not ( True or False ) ) and ( ( True and True ) and True ) is,,8250,8250
3506,False or ( ( True and False ) or False ) is,True or ( ( False and True ) or True ) is,,8250,8250
3507,True and ( ( False or False ) or True ) is,False and ( ( True or True ) or False ) is,,6110,6110
3508,( False or True ) and ( ( False and True ) and False ) is,( True or False ) and ( ( True and False ) and True ) is,,8250,8250
3509,( False and False ) and ( False and ( False and False ) ) is,( True and True ) and ( True and ( True and True ) ) is,,8250,8250
3510,( ( True and True ) or False ) or ( not True ) is,( ( False and False ) or True ) or ( not False ) is,,6110,6110
3511,( ( not True ) and ( True or False ) ) or ( ( False or True ) and False ) is,( ( not False ) and ( False or True ) ) or ( ( True or False ) and True ) is,,8250,8250
3512,( ( not True ) and ( True and False ) ) or ( not ( True or True ) ) is,( ( not False ) and ( False and True ) ) or ( not ( False or False ) ) is,,8250,8250
3513,( False or ( False and True ) ) or ( not False ) is,( True or ( True and False ) ) or ( not True ) is,,6110,6110
3514,( ( True and False ) and False ) or ( not ( False and True ) ) is,( ( False and True ) and True ) or ( not ( True and False ) ) is,,6110,6110
3515,( ( False and False ) and False ) or ( False or ( False and True ) ) is,( ( True and True ) and True ) or ( True or ( True and False ) ) is,,8250,8250
3516,( True and ( not False ) ) or ( not ( not True ) ) is,( False and ( not True ) ) or ( not ( not False ) ) is,,6110,6110
3517,( False or ( False or False ) ) or ( False or ( True or False ) ) is,( True or ( True or True ) ) or ( True or ( False or True ) ) is,,6110,6110
3518,( not False ) and ( ( False and True ) and ( False and False ) ) is,( not True ) and ( ( True and False ) and ( True and True ) ) is,,8250,8250
3519,( not ( True or False ) ) and ( ( False or True ) and True ) is,( not ( False or True ) ) and ( ( True or False ) and False ) is,,8250,8250
3520,( False and ( not True ) ) and ( not ( True or True ) ) is,( True and ( not False ) ) and ( not ( False or False ) ) is,,8250,8250
3521,( True and False ) or ( False and ( not False ) ) is,( False and True ) or ( True and ( not True ) ) is,,8250,8250
3522,True or ( ( False or False ) and True ) is,False or ( ( True or True ) and False ) is,,6110,6110
3523,( True or ( False and True ) ) or ( False and ( True or False ) ) is,( False or ( True and False ) ) or ( True and ( False or True ) ) is,,6110,6110
3524,( not True ) or ( ( True or False ) and ( not False ) ) is,( not False ) or ( ( False or True ) and ( not True ) ) is,,6110,6110
3525,( ( not True ) or ( True and True ) ) and ( not ( True and True ) ) is,( ( not False ) or ( False and False ) ) and ( not ( False and False ) ) is,,8250,8250
3526,( ( not True ) and ( False or False ) ) and ( True or False ) is,( ( not False ) and ( True or True ) ) and ( False or True ) is,,8250,8250
3527,( not True ) and ( False or ( True and True ) ) is,( not False ) and ( True or ( False and False ) ) is,,8250,8250
3528,( ( not True ) and ( not True ) ) or ( True or False ) is,( ( not False ) and ( not False ) ) or ( False or True ) is,,6110,6110
3529,( False or ( not True ) ) or False is,( True or ( not False ) ) or True is,,8250,8250
3530,( ( not False ) and ( not False ) ) and ( not False ) is,( ( not True ) and ( not True ) ) and ( not True ) is,,6110,6110
3531,( not ( not False ) ) or ( ( False and True ) and True ) is,( not ( not True ) ) or ( ( True and False ) and False ) is,,8250,8250
3532,( ( not True ) or ( True or False ) ) or ( not True ) is,( ( not False ) or ( False or True ) ) or ( not False ) is,,6110,6110
3533,( False and ( False and True ) ) and ( not ( True and True ) ) is,( True and ( True and False ) ) and ( not ( False and False ) ) is,,8250,8250
3534,( False or ( not False ) ) and ( True and ( False and False ) ) is,( True or ( not True ) ) and ( False and ( True and True ) ) is,,8250,8250
3535,( not ( not True ) ) and ( ( False and True ) or ( True or True ) ) is,( not ( not False ) ) and ( ( True and False ) or ( False or False ) ) is,,6110,6110
3536,( False or False ) or ( False and ( not True ) ) is,( True or True ) or ( True and ( not False ) ) is,,8250,8250
3537,( True or ( not True ) ) or ( False or False ) is,( False or ( not False ) ) or ( True or True ) is,,6110,6110
3538,( True and True ) or ( ( True or True ) and False ) is,( False and False ) or ( ( False or False ) and True ) is,,6110,6110
3539,( not ( not False ) ) and ( ( False and True ) or False ) is,( not ( not True ) ) and ( ( True and False ) or True ) is,,8250,8250
3540,True or ( ( not True ) or False ) is,False or ( ( not False ) or True ) is,,6110,6110
3541,( True and True ) and ( True or ( not False ) ) is,( False and False ) and ( False or ( not True ) ) is,,6110,6110
3542,( True or ( not True ) ) and ( ( True or False ) and False ) is,( False or ( not False ) ) and ( ( False or True ) and True ) is,,8250,8250
3543,( False and False ) and False is,( True and True ) and True is,,8250,8250
3544,( True or False ) or True is,( False or True ) or False is,,6110,6110
3545,( False or ( not False ) ) and ( not ( not False ) ) is,( True or ( not True ) ) and ( not ( not True ) ) is,,8250,8250
3546,( ( not False ) and True ) or ( False and ( not True ) ) is,( ( not True ) and False ) or ( True and ( not False ) ) is,,6110,6110
3547,( ( False and True ) and True ) or ( False or True ) is,( ( True and False ) and False ) or ( True or False ) is,,6110,6110
3548,( False and False ) or ( True and ( True and False ) ) is,( True and True ) or ( False and ( False and True ) ) is,,8250,8250
3549,True or ( ( False and False ) or ( False and True ) ) is,False or ( ( True and True ) or ( True and False ) ) is,,6110,6110
3550,( not ( not True ) ) and ( False and True ) is,( not ( not False ) ) and ( True and False ) is,,8250,8250
3551,( False and True ) or ( ( not True ) and ( False or True ) ) is,( True and False ) or ( ( not False ) and ( True or False ) ) is,,8250,8250
3552,( False and ( not False ) ) and ( ( True and False ) or ( False or False ) ) is,( True and ( not True ) ) and ( ( False and True ) or ( True or True ) ) is,,8250,8250
3553,( True and ( False and False ) ) or ( not False ) is,( False and ( True and True ) ) or ( not True ) is,,6110,6110
3554,( ( True or True ) and ( not True ) ) or False is,( ( False or False ) and ( not False ) ) or True is,,8250,8250
3555,( False and False ) and ( not ( False and False ) ) is,( True and True ) and ( not ( True and True ) ) is,,8250,8250
3556,( False and ( True or False ) ) or ( not True ) is,( True and ( False or True ) ) or ( not False ) is,,8250,8250
3557,( ( False or True ) or ( True and False ) ) or True is,( ( True or False ) or ( False and True ) ) or False is,,6110,6110
3558,( ( not True ) or ( not True ) ) and ( True and ( not False ) ) is,( ( not False ) or ( not False ) ) and ( False and ( not True ) ) is,,8250,8250
3559,( True or True ) or ( True and ( False and False ) ) is,( False or False ) or ( False and ( True and True ) ) is,,6110,6110
3560,( ( not True ) and False ) or ( True and False ) is,( ( not False ) and True ) or ( False and True ) is,,8250,8250
3561,( not ( True and True ) ) and ( False and ( not False ) ) is,( not ( False and False ) ) and ( True and ( not True ) ) is,,8250,8250
3562,( ( True and False ) and ( False and False ) ) and ( not False ) is,( ( False and True ) and ( True and True ) ) and ( not True ) is,,8250,8250
3563,( not True ) and ( False and ( False and True ) ) is,( not False ) and ( True and ( True and False ) ) is,,8250,8250
3564,( False and ( True or False ) ) and ( True and False ) is,( True and ( False or True ) ) and ( False and True ) is,,8250,8250
3565,( False and ( False and True ) ) and ( True or ( True and True ) ) is,( True and ( True and False ) ) and ( False or ( False and False ) ) is,,8250,8250
3566,( not False ) or ( ( True and False ) and False ) is,( not True ) or ( ( False and True ) and True ) is,,6110,6110
3567,( True and True ) and ( True and ( not False ) ) is,( False and False ) and ( False and ( not True ) ) is,,6110,6110
3568,( False and False ) or ( False and ( False and True ) ) is,( True and True ) or ( True and ( True and False ) ) is,,8250,8250
3569,( not False ) or ( ( True and True ) or False ) is,( not True ) or ( ( False and False ) or True ) is,,6110,6110
3570,( ( not True ) and ( False or True ) ) or ( False and True ) is,( ( not False ) and ( True or False ) ) or ( True and False ) is,,8250,8250
3571,( True and True ) or ( True or True ) is,( False and False ) or ( False or False ) is,,6110,6110
3572,( ( False and False ) or True ) and ( True or True ) is,( ( True and True ) or False ) and ( False or False ) is,,6110,6110
3573,( True or True ) and ( ( not False ) and ( not True ) ) is,( False or False ) and ( ( not True ) and ( not False ) ) is,,8250,8250
3574,( ( True or True ) or ( True and False ) ) and True is,( ( False or False ) or ( False and True ) ) and False is,,6110,6110
3575,( not ( not True ) ) and ( False and ( not True ) ) is,( not ( not False ) ) and ( True and ( not False ) ) is,,8250,8250
3576,( False and ( False or True ) ) and ( not False ) is,( True and ( True or False ) ) and ( not True ) is,,8250,8250
3577,True or ( False and ( True or True ) ) is,False or ( True and ( False or False ) ) is,,6110,6110
3578,( ( not False ) and True ) or ( True and ( True and True ) ) is,( ( not True ) and False ) or ( False and ( False and False ) ) is,,6110,6110
3579,( ( not True ) or ( not True ) ) or ( ( False or True ) and True ) is,( ( not False ) or ( not False ) ) or ( ( True or False ) and False ) is,,6110,6110
3580,( ( True or True ) or False ) or ( ( True or True ) or ( not True ) ) is,( ( False or False ) or True ) or ( ( False or False ) or ( not False ) ) is,,6110,6110
3581,( ( True or False ) and ( False or False ) ) and ( not True ) is,( ( False or True ) and ( True or True ) ) and ( not False ) is,,8250,8250
3582,( ( not True ) or False ) or ( True and ( True or True ) ) is,( ( not False ) or True ) or ( False and ( False or False ) ) is,,6110,6110
3583,( ( not True ) and False ) or ( ( True or False ) or False ) is,( ( not False ) and True ) or ( ( False or True ) or True ) is,,6110,6110
3584,( not ( not True ) ) or ( not ( False or True ) ) is,( not ( not False ) ) or ( not ( True or False ) ) is,,6110,6110
3585,( ( not False ) and ( not False ) ) and ( ( not True ) or False ) is,( ( not True ) and ( not True ) ) and ( ( not False ) or True ) is,,8250,8250
3586,( not False ) or ( ( False or False ) and ( not True ) ) is,( not True ) or ( ( True or True ) and ( not False ) ) is,,6110,6110
3587,( False and ( True or False ) ) or False is,( True and ( False or True ) ) or True is,,8250,8250
3588,( ( False and False ) or False ) or ( True and ( True and False ) ) is,( ( True and True ) or True ) or ( False and ( False and True ) ) is,,8250,8250
3589,( True and ( False and False ) ) or ( not ( False or True ) ) is,( False and ( True and True ) ) or ( not ( True or False ) ) is,,8250,8250
3590,( not ( True and True ) ) or ( ( True and True ) and True ) is,( not ( False and False ) ) or ( ( False and False ) and False ) is,,6110,6110
3591,( ( False and True ) or ( not False ) ) and ( False or True ) is,( ( True and False ) or ( not True ) ) and ( True or False ) is,,6110,6110
3592,( True or True ) or ( ( True or False ) and ( True and True ) ) is,( False or False ) or ( ( False or True ) and ( False and False ) ) is,,6110,6110
3593,( True and ( True or True ) ) or ( not False ) is,( False and ( False or False ) ) or ( not True ) is,,6110,6110
3594,( True and ( True and False ) ) and ( True or True ) is,( False and ( False and True ) ) and ( False or False ) is,,8250,8250
3595,( ( False or False ) and False ) and ( True or False ) is,( ( True or True ) and True ) and ( False or True ) is,,8250,8250
3596,( False or ( not True ) ) and ( ( False and True ) and False ) is,( True or ( not False ) ) and ( ( True and False ) and True ) is,,8250,8250
3597,( ( not False ) and False ) and ( False and True ) is,( ( not True ) and True ) and ( True and False ) is,,8250,8250
3598,( True or False ) or ( False or ( True and False ) ) is,( False or True ) or ( True or ( False and True ) ) is,,6110,6110
3599,( ( not False ) or ( True or False ) ) or ( True or False ) is,( ( not True ) or ( False or True ) ) or ( False or True ) is,,6110,6110
3600,( not ( False and True ) ) and ( ( not True ) and False ) is,( not ( True and False ) ) and ( ( not False ) and True ) is,,8250,8250
3601,( ( not True ) or True ) or ( False and ( not False ) ) is,( ( not False ) or False ) or ( True and ( not True ) ) is,,6110,6110
3602,False or ( ( False and True ) or ( True or True ) ) is,True or ( ( True and False ) or ( False or False ) ) is,,6110,6110
3603,( False or ( False and False ) ) or ( not ( True and False ) ) is,( True or ( True and True ) ) or ( not ( False and True ) ) is,,6110,6110
3604,( False and True ) and ( True and ( not False ) ) is,( True and False ) and ( False and ( not True ) ) is,,8250,8250
3605,True and ( ( not True ) and ( not True ) ) is,False and ( ( not False ) and ( not False ) ) is,,8250,8250
3606,( not ( not True ) ) and ( ( False or True ) or False ) is,( not ( not False ) ) and ( ( True or False ) or True ) is,,6110,6110
3607,( False and ( False and True ) ) or ( False or True ) is,( True and ( True and False ) ) or ( True or False ) is,,6110,6110
3608,( ( False or True ) and ( not False ) ) and False is,( ( True or False ) and ( not True ) ) and True is,,8250,8250
3609,( ( not True ) and True ) or ( ( True and True ) and False ) is,( ( not False ) and False ) or ( ( False and False ) and True ) is,,8250,8250
3610,( ( not True ) or False ) and ( False or ( False or True ) ) is,( ( not False ) or True ) and ( True or ( True or False ) ) is,,8250,8250
3611,( ( True or False ) and ( False and True ) ) or ( ( not False ) or False ) is,( ( False or True ) and ( True and False ) ) or ( ( not True ) or True ) is,,6110,6110
3612,( ( not True ) and True ) or ( ( not False ) or True ) is,( ( not False ) and False ) or ( ( not True ) or False ) is,,6110,6110
3613,( True and ( True and False ) ) or ( True and True ) is,( False and ( False and True ) ) or ( False and False ) is,,6110,6110
3614,False or ( ( True or False ) or False ) is,True or ( ( False or True ) or True ) is,,6110,6110
3615,( not ( False and False ) ) or ( ( not True ) or True ) is,( not ( True and True ) ) or ( ( not False ) or False ) is,,6110,6110
3616,( not True ) and ( not False ) is,( not False ) and ( not True ) is,,8250,8250
3617,( True and ( not False ) ) and ( not True ) is,( False and ( not True ) ) and ( not False ) is,,8250,8250
3618,( ( not False ) and False ) or ( False and True ) is,( ( not True ) and True ) or ( True and False ) is,,8250,8250
3619,( ( not False ) or False ) or ( False or ( not True ) ) is,( ( not True ) or True ) or ( True or ( not False ) ) is,,6110,6110
3620,( not True ) or ( False or True ) is,( not False ) or ( True or False ) is,,6110,6110
3621,( not ( True and True ) ) or ( False or False ) is,( not ( False and False ) ) or ( True or True ) is,,8250,8250
3622,( True or ( False and True ) ) or ( not True ) is,( False or ( True and False ) ) or ( not False ) is,,6110,6110
3623,( ( True and False ) and True ) and ( False and ( False and True ) ) is,( ( False and True ) and False ) and ( True and ( True and False ) ) is,,8250,8250
3624,( True or ( True or True ) ) and ( True or False ) is,( False or ( False or False ) ) and ( False or True ) is,,6110,6110
3625,False and ( ( True and False ) and ( True and False ) ) is,True and ( ( False and True ) and ( False and True ) ) is,,8250,8250
3626,( not ( True or False ) ) and ( ( True and True ) and ( True and False ) ) is,( not ( False or True ) ) and ( ( False and False ) and ( False and True ) ) is,,8250,8250
3627,( True and ( True and True ) ) or ( False and ( not False ) ) is,( False and ( False and False ) ) or ( True and ( not True ) ) is,,6110,6110
3628,( False and ( False or True ) ) or ( True and False ) is,( True and ( True or False ) ) or ( False and True ) is,,8250,8250
3629,( False and False ) or ( not ( False or True ) ) is,( True and True ) or ( not ( True or False ) ) is,,8250,8250
3630,( ( not False ) and ( not True ) ) or ( True and ( False and True ) ) is,( ( not True ) and ( not False ) ) or ( False and ( True and False ) ) is,,8250,8250
3631,( ( True or False ) and False ) and ( False and True ) is,( ( False or True ) and True ) and ( True and False ) is,,8250,8250
3632,( False and True ) or ( ( not False ) or False ) is,( True and False ) or ( ( not True ) or True ) is,,6110,6110
3633,( ( True or False ) and ( not True ) ) or False is,( ( False or True ) and ( not False ) ) or True is,,8250,8250
3634,( False and False ) and ( ( False and True ) and True ) is,( True and True ) and ( ( True and False ) and False ) is,,8250,8250
3635,( ( False and False ) or False ) and ( False and ( False or False ) ) is,( ( True and True ) or True ) and ( True and ( True or True ) ) is,,8250,8250
3636,( True or True ) and ( not ( not True ) ) is,( False or False ) and ( not ( not False ) ) is,,6110,6110
3637,( True and False ) or ( False and ( True or False ) ) is,( False and True ) or ( True and ( False or True ) ) is,,8250,8250
3638,( False or False ) and ( True or ( True and True ) ) is,( True or True ) and ( False or ( False and False ) ) is,,8250,8250
3639,( not ( True and False ) ) and ( not ( True and False ) ) is,( not ( False and True ) ) and ( not ( False and True ) ) is,,6110,6110
3640,False and ( ( not True ) or ( True and False ) ) is,True and ( ( not False ) or ( False and True ) ) is,,8250,8250
3641,( ( True or True ) and ( False or False ) ) and ( True and True ) is,( ( False or False ) and ( True or True ) ) and ( False and False ) is,,8250,8250
3642,( ( False or False ) and False ) and ( not ( not True ) ) is,( ( True or True ) and True ) and ( not ( not False ) ) is,,8250,8250
3643,( True or True ) and ( False or False ) is,( False or False ) and ( True or True ) is,,8250,8250
3644,( not ( True or True ) ) or ( ( not False ) or False ) is,( not ( False or False ) ) or ( ( not True ) or True ) is,,6110,6110
3645,True and ( ( not True ) and ( False and True ) ) is,False and ( ( not False ) and ( True and False ) ) is,,8250,8250
3646,False and ( True or ( not True ) ) is,True and ( False or ( not False ) ) is,,8250,8250
3647,( True or ( not True ) ) or ( not ( not True ) ) is,( False or ( not False ) ) or ( not ( not False ) ) is,,6110,6110
3648,( ( False and True ) and ( True and True ) ) or ( not False ) is,( ( True and False ) and ( False and False ) ) or ( not True ) is,,6110,6110
3649,( ( True or True ) and ( True and True ) ) or ( ( not False ) or False ) is,( ( False or False ) and ( False and False ) ) or ( ( not True ) or True ) is,,6110,6110
3650,( ( True and True ) and ( not True ) ) and ( True and False ) is,( ( False and False ) and ( not False ) ) and ( False and True ) is,,8250,8250
3651,True or ( ( False or False ) and False ) is,False or ( ( True or True ) and True ) is,,6110,6110
3652,( True and True ) or ( ( True and True ) or ( True and True ) ) is,( False and False ) or ( ( False and False ) or ( False and False ) ) is,,6110,6110
3653,( False and ( not False ) ) and ( True or ( True and False ) ) is,( True and ( not True ) ) and ( False or ( False and True ) ) is,,8250,8250
3654,( not False ) and ( True and ( True and False ) ) is,( not True ) and ( False and ( False and True ) ) is,,8250,8250
3655,False and ( ( not False ) and ( not True ) ) is,True and ( ( not True ) and ( not False ) ) is,,8250,8250
3656,( not False ) or ( True and ( False and False ) ) is,( not True ) or ( False and ( True and True ) ) is,,6110,6110
3657,( not ( True and True ) ) or False is,( not ( False and False ) ) or True is,,8250,8250
3658,( ( True and False ) and False ) and ( False or False ) is,( ( False and True ) and True ) and ( True or True ) is,,8250,8250
3659,( False and ( False and True ) ) and ( True and True ) is,( True and ( True and False ) ) and ( False and False ) is,,8250,8250
3660,( ( not False ) and True ) or ( not ( True and False ) ) is,( ( not True ) and False ) or ( not ( False and True ) ) is,,6110,6110
3661,( True and False ) or ( not ( True or True ) ) is,( False and True ) or ( not ( False or False ) ) is,,8250,8250
3662,( not True ) and ( ( not True ) and ( False and True ) ) is,( not False ) and ( ( not False ) and ( True and False ) ) is,,8250,8250
3663,( not False ) or ( ( False or False ) and ( True or True ) ) is,( not True ) or ( ( True or True ) and ( False or False ) ) is,,6110,6110
3664,False and ( ( False and True ) or ( True and False ) ) is,True and ( ( True and False ) or ( False and True ) ) is,,8250,8250
3665,( ( False or False ) or False ) and ( True or True ) is,( ( True or True ) or True ) and ( False or False ) is,,8250,8250
3666,( not ( not False ) ) or ( ( not True ) and ( True or True ) ) is,( not ( not True ) ) or ( ( not False ) and ( False or False ) ) is,,8250,8250
3667,( ( False or True ) and ( False or False ) ) and ( not ( not False ) ) is,( ( True or False ) and ( True or True ) ) and ( not ( not True ) ) is,,8250,8250
3668,( not ( False or True ) ) or ( False or False ) is,( not ( True or False ) ) or ( True or True ) is,,8250,8250
3669,( True and False ) or ( not ( True and False ) ) is,( False and True ) or ( not ( False and True ) ) is,,6110,6110
3670,True and ( ( False or True ) or ( not False ) ) is,False and ( ( True or False ) or ( not True ) ) is,,6110,6110
3671,( True or ( not True ) ) and ( True and ( False and False ) ) is,( False or ( not False ) ) and ( False and ( True and True ) ) is,,8250,8250
3672,( ( False or True ) and True ) and ( False or False ) is,( ( True or False ) and False ) and ( True or True ) is,,8250,8250
3673,( ( False or False ) or ( True and True ) ) or ( not ( not True ) ) is,( ( True or True ) or ( False and False ) ) or ( not ( not False ) ) is,,6110,6110
3674,( True or ( False or False ) ) or ( False and True ) is,( False or ( True or True ) ) or ( True and False ) is,,6110,6110
3675,( False or ( True and False ) ) and ( ( True and True ) or False ) is,( True or ( False and True ) ) and ( ( False and False ) or True ) is,,8250,8250
3676,( False or True ) and ( ( True and False ) and True ) is,( True or False ) and ( ( False and True ) and False ) is,,8250,8250
3677,( True or False ) or ( True or ( False or False ) ) is,( False or True ) or ( False or ( True or True ) ) is,,6110,6110
3678,( True and False ) and ( not ( True and False ) ) is,( False and True ) and ( not ( False and True ) ) is,,8250,8250
3679,( ( True or True ) or ( False and False ) ) and ( True or ( not False ) ) is,( ( False or False ) or ( True and True ) ) and ( False or ( not True ) ) is,,6110,6110
3680,( False or ( True or False ) ) or ( False and ( not False ) ) is,( True or ( False or True ) ) or ( True and ( not True ) ) is,,6110,6110
3681,( not ( False or True ) ) and True is,( not ( True or False ) ) and False is,,8250,8250
3682,( False or ( False or False ) ) and ( False and False ) is,( True or ( True or True ) ) and ( True and True ) is,,8250,8250
3683,( not False ) and ( ( True and False ) or ( not False ) ) is,( not True ) and ( ( False and True ) or ( not True ) ) is,,6110,6110
3684,( not ( False or False ) ) or ( ( True and False ) or ( False or False ) ) is,( not ( True or True ) ) or ( ( False and True ) or ( True or True ) ) is,,6110,6110
3685,( True or ( False and False ) ) and True is,( False or ( True and True ) ) and False is,,6110,6110
3686,( not ( not True ) ) or ( ( True or True ) and ( False or True ) ) is,( not ( not False ) ) or ( ( False or False ) and ( True or False ) ) is,,6110,6110
3687,( True and ( True or True ) ) or ( not ( False or True ) ) is,( False and ( False or False ) ) or ( not ( True or False ) ) is,,6110,6110
3688,( ( False and True ) or False ) or ( True and True ) is,( ( True and False ) or True ) or ( False and False ) is,,6110,6110
3689,( not ( False and True ) ) or ( ( False and True ) and ( not True ) ) is,( not ( True and False ) ) or ( ( True and False ) and ( not False ) ) is,,6110,6110
3690,( True or True ) and ( ( True and True ) and False ) is,( False or False ) and ( ( False and False ) and True ) is,,8250,8250
3691,( True and True ) or ( ( False and True ) and True ) is,( False and False ) or ( ( True and False ) and False ) is,,6110,6110
3692,( False and False ) or ( ( False or True ) and True ) is,( True and True ) or ( ( True or False ) and False ) is,,6110,6110
3693,True or ( False or False ) is,False or ( True or True ) is,,6110,6110
3694,( ( not True ) or ( False and True ) ) and ( not False ) is,( ( not False ) or ( True and False ) ) and ( not True ) is,,8250,8250
3695,( ( not True ) and ( not False ) ) or ( not ( not True ) ) is,( ( not False ) and ( not True ) ) or ( not ( not False ) ) is,,6110,6110
3696,( False and True ) and ( ( not True ) and ( False or False ) ) is,( True and False ) and ( ( not False ) and ( True or True ) ) is,,8250,8250
3697,( not ( not True ) ) and ( not ( False or False ) ) is,( not ( not False ) ) and ( not ( True or True ) ) is,,6110,6110
3698,( ( True and False ) and ( True and True ) ) or ( not ( not False ) ) is,( ( False and True ) and ( False and False ) ) or ( not ( not True ) ) is,,8250,8250
3699,( not ( False or False ) ) or ( ( not True ) and True ) is,( not ( True or True ) ) or ( ( not False ) and False ) is,,6110,6110
3700,( ( True or True ) and True ) or True is,( ( False or False ) and False ) or False is,,6110,6110
3701,( True or True ) or ( ( False or False ) or ( not False ) ) is,( False or False ) or ( ( True or True ) or ( not True ) ) is,,6110,6110
3702,( ( True and True ) or False ) and ( not False ) is,( ( False and False ) or True ) and ( not True ) is,,6110,6110
3703,( True or True ) or ( ( False or True ) or True ) is,( False or False ) or ( ( True or False ) or False ) is,,6110,6110
3704,( True or False ) and ( False or ( not True ) ) is,( False or True ) and ( True or ( not False ) ) is,,8250,8250
3705,( True or ( True or True ) ) and ( ( not True ) or False ) is,( False or ( False or False ) ) and ( ( not False ) or True ) is,,8250,8250
3706,( True and ( True and True ) ) and ( True and True ) is,( False and ( False and False ) ) and ( False and False ) is,,6110,6110
3707,( False or ( True or True ) ) and ( ( True and False ) and False ) is,( True or ( False or False ) ) and ( ( False and True ) and True ) is,,8250,8250
3708,( ( True and True ) or True ) or ( False and ( False or False ) ) is,( ( False and False ) or False ) or ( True and ( True or True ) ) is,,6110,6110
3709,( ( True or False ) and ( False or False ) ) or False is,( ( False or True ) and ( True or True ) ) or True is,,8250,8250
3710,( ( not True ) or False ) and ( not ( not False ) ) is,( ( not False ) or True ) and ( not ( not True ) ) is,,8250,8250
3711,( ( False or True ) or True ) and ( not False ) is,( ( True or False ) or False ) and ( not True ) is,,6110,6110
3712,( not True ) and ( not ( False or True ) ) is,( not False ) and ( not ( True or False ) ) is,,8250,8250
3713,( ( not False ) and ( False and False ) ) or ( ( True and True ) or True ) is,( ( not True ) and ( True and True ) ) or ( ( False and False ) or False ) is,,6110,6110
3714,( not True ) and ( ( False and False ) and ( not False ) ) is,( not False ) and ( ( True and True ) and ( not True ) ) is,,8250,8250
3715,( False or True ) and ( not ( False and False ) ) is,( True or False ) and ( not ( True and True ) ) is,,6110,6110
3716,( False and False ) or ( True or ( not False ) ) is,( True and True ) or ( False or ( not True ) ) is,,6110,6110
3717,( ( True or True ) and False ) or ( ( not False ) and True ) is,( ( False or False ) and True ) or ( ( not True ) and False ) is,,6110,6110
3718,( not True ) or ( True or ( True or False ) ) is,( not False ) or ( False or ( False or True ) ) is,,6110,6110
3719,( False and False ) and ( ( False and False ) or ( False and False ) ) is,( True and True ) and ( ( True and True ) or ( True and True ) ) is,,8250,8250
3720,( ( not False ) and ( False or True ) ) or ( not True ) is,( ( not True ) and ( True or False ) ) or ( not False ) is,,6110,6110
3721,( False and False ) or ( ( True and False ) and ( not True ) ) is,( True and True ) or ( ( False and True ) and ( not False ) ) is,,8250,8250
3722,( ( not True ) and True ) or ( ( not True ) or ( not False ) ) is,( ( not False ) and False ) or ( ( not False ) or ( not True ) ) is,,6110,6110
3723,False or ( not True ) is,True or ( not False ) is,,8250,8250
3724,( ( not False ) and ( True and False ) ) or ( True and False ) is,( ( not True ) and ( False and True ) ) or ( False and True ) is,,8250,8250
3725,( False and True ) or ( ( False or True ) or False ) is,( True and False ) or ( ( True or False ) or True ) is,,6110,6110
3726,( False and ( not True ) ) and ( True or False ) is,( True and ( not False ) ) and ( False or True ) is,,8250,8250
3727,( ( False or True ) or ( False and True ) ) or ( not True ) is,( ( True or False ) or ( True and False ) ) or ( not False ) is,,6110,6110
3728,( ( False and True ) and False ) and ( False and False ) is,( ( True and False ) and True ) and ( True and True ) is,,8250,8250
3729,( ( True or True ) or ( True and True ) ) and ( True or ( not False ) ) is,( ( False or False ) or ( False and False ) ) and ( False or ( not True ) ) is,,6110,6110
3730,( False or True ) and ( True or ( True and True ) ) is,( True or False ) and ( False or ( False and False ) ) is,,6110,6110
3731,( True or ( False and True ) ) or ( True and False ) is,( False or ( True and False ) ) or ( False and True ) is,,6110,6110
3732,True and ( ( True or True ) or ( True or False ) ) is,False and ( ( False or False ) or ( False or True ) ) is,,6110,6110
3733,( ( False or False ) or False ) and ( not ( not True ) ) is,( ( True or True ) or True ) and ( not ( not False ) ) is,,8250,8250
3734,( ( not True ) and ( True or False ) ) and ( not ( True and False ) ) is,( ( not False ) and ( False or True ) ) and ( not ( False and True ) ) is,,8250,8250
3735,( False or False ) or ( True and ( True and False ) ) is,( True or True ) or ( False and ( False and True ) ) is,,8250,8250
3736,True or ( False or ( not True ) ) is,False or ( True or ( not False ) ) is,,6110,6110
3737,( False or False ) and ( not True ) is,( True or True ) and ( not False ) is,,8250,8250
3738,( True and ( True or False ) ) and ( ( not True ) or False ) is,( False and ( False or True ) ) and ( ( not False ) or True ) is,,8250,8250
3739,True and ( ( True or True ) and ( not True ) ) is,False and ( ( False or False ) and ( not False ) ) is,,8250,8250
3740,( False and ( True or True ) ) or ( ( not False ) and True ) is,( True and ( False or False ) ) or ( ( not True ) and False ) is,,6110,6110
3741,( False and ( True or False ) ) or ( ( False and False ) and True ) is,( True and ( False or True ) ) or ( ( True and True ) and False ) is,,8250,8250
3742,( not ( False or True ) ) and ( False or False ) is,( not ( True or False ) ) and ( True or True ) is,,8250,8250
3743,( ( False or False ) and False ) or ( not False ) is,( ( True or True ) and True ) or ( not True ) is,,6110,6110
3744,( not True ) or ( not ( False and True ) ) is,( not False ) or ( not ( True and False ) ) is,,6110,6110
3745,( ( True or False ) or False ) and ( not ( not False ) ) is,( ( False or True ) or True ) and ( not ( not True ) ) is,,8250,8250
3746,( not ( True and True ) ) or ( False and ( not True ) ) is,( not ( False and False ) ) or ( True and ( not False ) ) is,,8250,8250
3747,( ( False and False ) and True ) or ( False or ( True or False ) ) is,( ( True and True ) and False ) or ( True or ( False or True ) ) is,,6110,6110
3748,( ( False and True ) or False ) or ( not ( False or False ) ) is,( ( True and False ) or True ) or ( not ( True or True ) ) is,,6110,6110
3749,( not False ) or ( False or ( True or True ) ) is,( not True ) or ( True or ( False or False ) ) is,,6110,6110
3750,( not True ) or ( ( not False ) and False ) is,( not False ) or ( ( not True ) and True ) is,,8250,8250
3751,( True and ( False or False ) ) or ( True or True ) is,( False and ( True or True ) ) or ( False or False ) is,,6110,6110
3752,( True and False ) or ( False and ( True or True ) ) is,( False and True ) or ( True and ( False or False ) ) is,,8250,8250
3753,( ( True and True ) or ( False and False ) ) or ( False and False ) is,( ( False and False ) or ( True and True ) ) or ( True and True ) is,,6110,6110
3754,( ( True or True ) or ( False or False ) ) or ( False and True ) is,( ( False or False ) or ( True or True ) ) or ( True and False ) is,,6110,6110
3755,( False and ( False or True ) ) and ( ( False or False ) and False ) is,( True and ( True or False ) ) and ( ( True or True ) and True ) is,,8250,8250
3756,( ( not False ) and ( False and False ) ) or ( not True ) is,( ( not True ) and ( True and True ) ) or ( not False ) is,,8250,8250
3757,( ( False and False ) or ( False and False ) ) or ( False or True ) is,( ( True and True ) or ( True and True ) ) or ( True or False ) is,,6110,6110
3758,( not False ) or ( False or ( not False ) ) is,( not True ) or ( True or ( not True ) ) is,,6110,6110
3759,( False or False ) and ( True or ( False and True ) ) is,( True or True ) and ( False or ( True and False ) ) is,,8250,8250
3760,False and ( ( True and False ) and ( False or False ) ) is,True and ( ( False and True ) and ( True or True ) ) is,,8250,8250
3761,( True or ( False or False ) ) or True is,( False or ( True or True ) ) or False is,,6110,6110
3762,( not True ) and ( ( False and True ) and ( False and True ) ) is,( not False ) and ( ( True and False ) and ( True and False ) ) is,,8250,8250
3763,( ( not False ) and ( not False ) ) or ( True or ( False or False ) ) is,( ( not True ) and ( not True ) ) or ( False or ( True or True ) ) is,,6110,6110
3764,( True and False ) and ( ( not True ) and False ) is,( False and True ) and ( ( not False ) and True ) is,,8250,8250
3765,( not False ) and ( ( False and True ) or ( not True ) ) is,( not True ) and ( ( True and False ) or ( not False ) ) is,,8250,8250
3766,( False and True ) or ( ( True or False ) and True ) is,( True and False ) or ( ( False or True ) and False ) is,,6110,6110
3767,( False or True ) or ( ( not False ) or True ) is,( True or False ) or ( ( not True ) or False ) is,,6110,6110
3768,( not ( True and True ) ) or ( True and ( not False ) ) is,( not ( False and False ) ) or ( False and ( not True ) ) is,,6110,6110
3769,( False or ( not True ) ) and ( False and ( True and False ) ) is,( True or ( not False ) ) and ( True and ( False and True ) ) is,,8250,8250
3770,( ( False or True ) or ( not False ) ) and ( False and True ) is,( ( True or False ) or ( not True ) ) and ( True and False ) is,,8250,8250
3771,( False or False ) and ( True or ( not True ) ) is,( True or True ) and ( False or ( not False ) ) is,,8250,8250
3772,( not ( True and True ) ) and ( True and True ) is,( not ( False and False ) ) and ( False and False ) is,,8250,8250
3773,( True and True ) and ( not ( not False ) ) is,( False and False ) and ( not ( not True ) ) is,,8250,8250
3774,( True or ( False and True ) ) and ( True or True ) is,( False or ( True and False ) ) and ( False or False ) is,,6110,6110
3775,( True or ( True and True ) ) and ( ( not False ) and True ) is,( False or ( False and False ) ) and ( ( not True ) and False ) is,,6110,6110
3776,( True and False ) and ( ( True and False ) or False ) is,( False and True ) and ( ( False and True ) or True ) is,,8250,8250
3777,( not True ) or ( not ( True and True ) ) is,( not False ) or ( not ( False and False ) ) is,,8250,8250
3778,( False and False ) or ( ( False and False ) or False ) is,( True and True ) or ( ( True and True ) or True ) is,,8250,8250
3779,( False or ( False or False ) ) and ( ( False and True ) or False ) is,( True or ( True or True ) ) and ( ( True and False ) or True ) is,,8250,8250
3780,( False and True ) or ( False or True ) is,( True and False ) or ( True or False ) is,,6110,6110
3781,True or ( ( False or False ) or False ) is,False or ( ( True or True ) or True ) is,,6110,6110
3782,( True or ( True or False ) ) and ( ( True and False ) and False ) is,( False or ( False or True ) ) and ( ( False and True ) and True ) is,,8250,8250
3783,( not ( False and False ) ) or ( not ( True and True ) ) is,( not ( True and True ) ) or ( not ( False and False ) ) is,,6110,6110
3784,False or ( ( False or True ) or ( False or True ) ) is,True or ( ( True or False ) or ( True or False ) ) is,,6110,6110
3785,( not ( True and False ) ) and ( ( not True ) or True ) is,( not ( False and True ) ) and ( ( not False ) or False ) is,,6110,6110
3786,( ( True and False ) and True ) or ( True or False ) is,( ( False and True ) and False ) or ( False or True ) is,,6110,6110
3787,( True or ( True and True ) ) and ( not True ) is,( False or ( False and False ) ) and ( not False ) is,,8250,8250
3788,( ( False or False ) or ( True and False ) ) and ( not True ) is,( ( True or True ) or ( False and True ) ) and ( not False ) is,,8250,8250
3789,( True or ( True or False ) ) and ( not ( True and False ) ) is,( False or ( False or True ) ) and ( not ( False and True ) ) is,,6110,6110
3790,( ( False or True ) or ( not False ) ) and ( not ( not True ) ) is,( ( True or False ) or ( not True ) ) and ( not ( not False ) ) is,,6110,6110
3791,( False or False ) or ( ( False or False ) and True ) is,( True or True ) or ( ( True or True ) and False ) is,,8250,8250
3792,( ( True and False ) or ( True or False ) ) and ( False or False ) is,( ( False and True ) or ( False or True ) ) and ( True or True ) is,,8250,8250
3793,False or ( ( not True ) and ( not True ) ) is,True or ( ( not False ) and ( not False ) ) is,,8250,8250
3794,( not ( True and False ) ) and ( not True ) is,( not ( False and True ) ) and ( not False ) is,,8250,8250
3795,( False or ( True and True ) ) or ( ( True and True ) or True ) is,( True or ( False and False ) ) or ( ( False and False ) or False ) is,,6110,6110
3796,( True or ( False and True ) ) and ( ( False or False ) or ( not False ) ) is,( False or ( True and False ) ) and ( ( True or True ) or ( not True ) ) is,,6110,6110
3797,( True or True ) and ( not ( not False ) ) is,( False or False ) and ( not ( not True ) ) is,,8250,8250
3798,( False and True ) or ( ( not True ) and ( True or False ) ) is,( True and False ) or ( ( not False ) and ( False or True ) ) is,,8250,8250
3799,( False or False ) or ( ( False or False ) and False ) is,( True or True ) or ( ( True or True ) and True ) is,,8250,8250
3800,( False or ( True or False ) ) or True is,( True or ( False or True ) ) or False is,,6110,6110
3801,( not ( not False ) ) and ( ( True or False ) and False ) is,( not ( not True ) ) and ( ( False or True ) and True ) is,,8250,8250
3802,( ( not True ) and ( not False ) ) and ( True and True ) is,( ( not False ) and ( not True ) ) and ( False and False ) is,,8250,8250
3803,( ( False or True ) and False ) and ( not ( False and True ) ) is,( ( True or False ) and True ) and ( not ( True and False ) ) is,,8250,8250
3804,False and ( True and ( False or True ) ) is,True and ( False and ( True or False ) ) is,,8250,8250
3805,( ( True or False ) and ( False or False ) ) or ( not ( not False ) ) is,( ( False or True ) and ( True or True ) ) or ( not ( not True ) ) is,,8250,8250
3806,( ( True and False ) and True ) and ( not ( False and True ) ) is,( ( False and True ) and False ) and ( not ( True and False ) ) is,,8250,8250
3807,( not False ) and ( ( not False ) or ( not False ) ) is,( not True ) and ( ( not True ) or ( not True ) ) is,,6110,6110
3808,( ( False and True ) and True ) and ( True and True ) is,( ( True and False ) and False ) and ( False and False ) is,,8250,8250
3809,( ( not False ) and True ) and ( True and False ) is,( ( not True ) and False ) and ( False and True ) is,,8250,8250
3810,( ( False or True ) or ( True and False ) ) or ( ( not False ) and False ) is,( ( True or False ) or ( False and True ) ) or ( ( not True ) and True ) is,,6110,6110
3811,( not ( False or False ) ) or True is,( not ( True or True ) ) or False is,,6110,6110
3812,( ( True and True ) or ( not True ) ) and ( not ( True and True ) ) is,( ( False and False ) or ( not False ) ) and ( not ( False and False ) ) is,,8250,8250
3813,True and ( ( False or False ) or ( False and True ) ) is,False and ( ( True or True ) or ( True and False ) ) is,,8250,8250
3814,( ( True and False ) or False ) or ( not ( not True ) ) is,( ( False and True ) or True ) or ( not ( not False ) ) is,,6110,6110
3815,( not ( not False ) ) or ( not False ) is,( not ( not True ) ) or ( not True ) is,,6110,6110
3816,( not ( True or True ) ) and ( ( not True ) and ( True or True ) ) is,( not ( False or False ) ) and ( ( not False ) and ( False or False ) ) is,,8250,8250
3817,( False and ( not True ) ) and ( not ( False and False ) ) is,( True and ( not False ) ) and ( not ( True and True ) ) is,,8250,8250
3818,( not ( True and False ) ) or ( not ( False and False ) ) is,( not ( False and True ) ) or ( not ( True and True ) ) is,,6110,6110
3819,( ( not False ) and True ) or ( ( not True ) and True ) is,( ( not True ) and False ) or ( ( not False ) and False ) is,,6110,6110
3820,( ( True or True ) and False ) or ( not False ) is,( ( False or False ) and True ) or ( not True ) is,,6110,6110
3821,( False and ( not True ) ) or ( ( True or True ) and False ) is,( True and ( not False ) ) or ( ( False or False ) and True ) is,,8250,8250
3822,( True and ( not False ) ) and ( True and ( not True ) ) is,( False and ( not True ) ) and ( False and ( not False ) ) is,,8250,8250
3823,( ( not False ) or False ) or ( True or ( not False ) ) is,( ( not True ) or True ) or ( False or ( not True ) ) is,,6110,6110
3824,True and ( False and False ) is,False and ( True and True ) is,,8250,8250
3825,( False or ( False or True ) ) or True is,( True or ( True or False ) ) or False is,,6110,6110
3826,False and ( False or ( False or True ) ) is,True and ( True or ( True or False ) ) is,,8250,8250
3827,( not ( True and True ) ) or ( not False ) is,( not ( False and False ) ) or ( not True ) is,,6110,6110
3828,( ( True or True ) or ( True and False ) ) and ( False or True ) is,( ( False or False ) or ( False and True ) ) and ( True or False ) is,,6110,6110
3829,( False and ( True and True ) ) or ( ( False and True ) or True ) is,( True and ( False and False ) ) or ( ( True and False ) or False ) is,,6110,6110
3830,( not ( True or True ) ) and ( True and True ) is,( not ( False or False ) ) and ( False and False ) is,,8250,8250
3831,( ( not False ) or ( not True ) ) or ( True or True ) is,( ( not True ) or ( not False ) ) or ( False or False ) is,,6110,6110
3832,( True or ( True or False ) ) or ( True or ( False and True ) ) is,( False or ( False or True ) ) or ( False or ( True and False ) ) is,,6110,6110
3833,( False or False ) or ( True and ( not False ) ) is,( True or True ) or ( False and ( not True ) ) is,,6110,6110
3834,( False or ( not True ) ) and ( ( True and True ) and ( True or False ) ) is,( True or ( not False ) ) and ( ( False and False ) and ( False or True ) ) is,,8250,8250
3835,( not ( True and True ) ) or ( ( True and True ) and False ) is,( not ( False and False ) ) or ( ( False and False ) and True ) is,,8250,8250
3836,( ( not True ) and True ) or ( ( False or True ) or ( True and False ) ) is,( ( not False ) and False ) or ( ( True or False ) or ( False and True ) ) is,,6110,6110
3837,( not True ) or ( True or ( False and False ) ) is,( not False ) or ( False or ( True and True ) ) is,,6110,6110
3838,( not ( False and False ) ) or ( ( True and True ) and True ) is,( not ( True and True ) ) or ( ( False and False ) and False ) is,,6110,6110
3839,True or ( ( False and False ) or False ) is,False or ( ( True and True ) or True ) is,,6110,6110
3840,( False or False ) and ( ( True or True ) or ( False or True ) ) is,( True or True ) and ( ( False or False ) or ( True or False ) ) is,,8250,8250
