,clean,corrupted,corrupted_hard,correct_idx,incorrect_idx
1,"So Kelly is always up for an adventure, isn't","So Benjamin is always up for an adventure, isn't",,630,400
2,"So Mary can always be counted on in a crisis, can't","So Arnold can always be counted on in a crisis, can't",,630,400
3,"So Ruby is the person everyone trusts, isn't","So Marc is the person everyone trusts, isn't",,630,400
4,"So Angel brings coffee when you're working late, doesn't","So Amy brings coffee when you're working late, doesn't",,400,630
5,"So Connor is always learning something new, isn't","So Leslie is always learning something new, isn't",,400,630
6,"So Summer always remembers birthdays, doesn't","So Cameron always remembers birthdays, doesn't",,630,400
7,"So Scott shares their lunch when you forget yours, doesn't","So Molly shares their lunch when you forget yours, doesn't",,400,630
8,"So Unique is great at giving advice, isn't","So Ezra is great at giving advice, isn't",,630,400
9,"So Ruby is always there to lend an ear, isn't","So Sam is always there to lend an ear, isn't",,630,400
10,"So Luke is always respectful to everyone, isn't","So Mercedes is always respectful to everyone, isn't",,400,630
11,"So Robert keeps secrets well, doesn't","So Mercedes keeps secrets well, doesn't",,400,630
12,"So Crystal is passionate about their hobbies, isn't","So Enrique is passionate about their hobbies, isn't",,630,400
13,"So Kevin is always respectful to everyone, isn't","So Gabriel is always respectful to everyone, isn't",,400,630
14,"So Luke stands up for their friends, doesn't","So Helen stands up for their friends, doesn't",,400,630
15,"So Ian is great with kids, isn't","So Amy is great with kids, isn't",,400,630
16,"So Madison remembers all the little details, doesn't","So Stephen remembers all the little details, doesn't",,630,400
17,"So Alan often volunteers for charity work, doesn't","So Clara often volunteers for charity work, doesn't",,400,630
18,"So Unique offers a ride home when it's raining, doesn't","So Reilly offers a ride home when it's raining, doesn't",,630,400
19,"So Hillary offers a ride home when it's raining, doesn't","So Adam offers a ride home when it's raining, doesn't",,630,400
20,"So Tyler always texts back promptly, doesn't","So Leo always texts back promptly, doesn't",,630,400
21,"So Justin gives the best book recommendations, doesn't","So Catherine gives the best book recommendations, doesn't",,400,630
22,"So Rachel can always be counted on in a crisis, can't","So Andre can always be counted on in a crisis, can't",,630,400
23,"So Morgan is great at giving advice, isn't","So Stone is great at giving advice, isn't",,630,400
24,"So John always knows how to make you laugh, doesn't","So Mercedes always knows how to make you laugh, doesn't",,400,630
25,"So George always knows how to make you laugh, doesn't","So Marie always knows how to make you laugh, doesn't",,400,630
26,"So Susan knows how to listen without judging, doesn't","So Ali knows how to listen without judging, doesn't",,630,400
27,"So Matthew is passionate about their hobbies, isn't","So Carol is passionate about their hobbies, isn't",,400,630
28,"So Carter is passionate about their hobbies, isn't","So Sally is passionate about their hobbies, isn't",,400,630
29,"So Ali is the person everyone trusts, isn't","So Stefan is the person everyone trusts, isn't",,630,400
30,"So Dallas is great at giving advice, isn't","So Thomas is great at giving advice, isn't",,630,400
31,"So Carter is the person everyone trusts, isn't","So Lucy is the person everyone trusts, isn't",,400,630
32,"So April always texts back promptly, doesn't","So Gary always texts back promptly, doesn't",,630,400
33,"So Baby gives the best book recommendations, doesn't","So Donald gives the best book recommendations, doesn't",,630,400
34,"So Rachel is passionate about their hobbies, isn't","So Diego is passionate about their hobbies, isn't",,630,400
35,"So Sarah offers a ride home when it's raining, doesn't","So Alberto offers a ride home when it's raining, doesn't",,630,400
36,"So Sean is always up for an adventure, isn't","So Robin is always up for an adventure, isn't",,400,630
37,"So Jake is great with kids, isn't","So Barbara is great with kids, isn't",,400,630
38,"So Robin always remembers birthdays, doesn't","So Cruz always remembers birthdays, doesn't",,630,400
39,"So Patrick is always respectful to everyone, isn't","So Faith is always respectful to everyone, isn't",,400,630
40,"So Austin brings coffee when you're working late, doesn't","So India brings coffee when you're working late, doesn't",,400,630
41,"So Alexander is always learning something new, isn't","So Ruby is always learning something new, isn't",,400,630
42,"So Tyler is the person everyone trusts, isn't","So Diamond is the person everyone trusts, isn't",,400,630
43,"So Paris always knows how to make you laugh, doesn't","So Joshua always knows how to make you laugh, doesn't",,630,400
44,"So Victoria stays calm under pressure, doesn't","So Alberto stays calm under pressure, doesn't",,630,400
45,"So Eric always knows how to make you laugh, doesn't","So Annie always knows how to make you laugh, doesn't",,400,630
46,"So Hope is always learning something new, isn't","So Jacob is always learning something new, isn't",,630,400
47,"So Jesus offers a ride home when it's raining, doesn't","So Victoria offers a ride home when it's raining, doesn't",,400,630
48,"So Hillary is great with kids, isn't","So Roger is great with kids, isn't",,630,400
49,"So Blake is always respectful to everyone, isn't","So Rosa is always respectful to everyone, isn't",,400,630
50,"So Joshua always texts back promptly, doesn't","So Ryan always texts back promptly, doesn't",,400,630
51,"So James remembers all the little details, doesn't","So Catherine remembers all the little details, doesn't",,400,630
52,"So Jordan always plans the best surprises, doesn't","So Jimmy always plans the best surprises, doesn't",,630,400
53,"So Jose often volunteers for charity work, doesn't","So Susan often volunteers for charity work, doesn't",,400,630
54,"So Matthew shares their lunch when you forget yours, doesn't","So Ellen shares their lunch when you forget yours, doesn't",,400,630
55,"So Sean respects other people's opinions, doesn't","So Faith respects other people's opinions, doesn't",,400,630
56,"So Chelsea remembers all the little details, doesn't","So Christian remembers all the little details, doesn't",,630,400
57,"So Grant is never too busy to help out, is","So Jessica is never too busy to help out, is",,400,630
58,"So Jordan is always there to lend an ear, isn't","So Ian is always there to lend an ear, isn't",,630,400
59,"So London is always there to lend an ear, isn't","So Rick is always there to lend an ear, isn't",,630,400
60,"So Morgan is always up for an adventure, isn't","So Ian is always up for an adventure, isn't",,630,400
61,"So Rachel is always respectful to everyone, isn't","So Gilbert is always respectful to everyone, isn't",,630,400
62,"So Tyler is the first to congratulate you, isn't","So Reagan is the first to congratulate you, isn't",,400,630
63,"So James always plans the best surprises, doesn't","So Ana always plans the best surprises, doesn't",,400,630
64,"So Michelle gives the best book recommendations, doesn't","So Roland gives the best book recommendations, doesn't",,630,400
65,"So Ali is always respectful to everyone, isn't","So Philip is always respectful to everyone, isn't",,630,400
66,"So America is always there to lend an ear, isn't","So Andre is always there to lend an ear, isn't",,630,400
67,"So Edward knows how to listen without judging, doesn't","So Reagan knows how to listen without judging, doesn't",,400,630
68,"So Kelly shows up to all your events, doesn't","So London shows up to all your events, doesn't",,630,400
69,"So Jack always texts back promptly, doesn't","So London always texts back promptly, doesn't",,400,630
70,"So Summer is always encouraging, isn't","So Karl is always encouraging, isn't",,630,400
71,"So Alex is always there to lend an ear, isn't","So Michelle is always there to lend an ear, isn't",,400,630
72,"So Alexander knows how to listen without judging, doesn't","So Sky knows how to listen without judging, doesn't",,400,630
73,"So Ali is the first to congratulate you, isn't","So Jake is the first to congratulate you, isn't",,630,400
74,"So Matthew is always up for an adventure, isn't","So Madison is always up for an adventure, isn't",,400,630
75,"So Robin is great with kids, isn't","So Roy is great with kids, isn't",,630,400
76,"So Anne always plans the best surprises, doesn't","So Jimmy always plans the best surprises, doesn't",,630,400
77,"So Connor is great at giving advice, isn't","So Drew is great at giving advice, isn't",,400,630
78,"So Anna respects other people's opinions, doesn't","So Ross respects other people's opinions, doesn't",,630,400
79,"So Emily knows how to listen without judging, doesn't","So Marcel knows how to listen without judging, doesn't",,630,400
80,"So Michelle offers a ride home when it's raining, doesn't","So Manuel offers a ride home when it's raining, doesn't",,630,400
81,"So Hunter respects other people's opinions, doesn't","So Seth respects other people's opinions, doesn't",,630,400
82,"So Jason respects other people's opinions, doesn't","So Michelle respects other people's opinions, doesn't",,400,630
83,"So Jane is always encouraging, isn't","So Luke is always encouraging, isn't",,630,400
84,"So Jennifer gives the best book recommendations, doesn't","So Cole gives the best book recommendations, doesn't",,630,400
85,"So Jamie shares their lunch when you forget yours, doesn't","So Kurt shares their lunch when you forget yours, doesn't",,630,400
86,"So Kelly makes the best homemade cookies, doesn't","So Bryan makes the best homemade cookies, doesn't",,630,400
87,"So Sky can always be counted on in a crisis, can't","So German can always be counted on in a crisis, can't",,630,400
88,"So Peter is passionate about their hobbies, isn't","So Maria is passionate about their hobbies, isn't",,400,630
89,"So Tyler knows how to listen without judging, doesn't","So Jeremy knows how to listen without judging, doesn't",,630,400
90,"So Justice is great at giving advice, isn't","So Junior is great at giving advice, isn't",,630,400
91,"So Amy always knows how to make you laugh, doesn't","So Dale always knows how to make you laugh, doesn't",,630,400
92,"So Ruby is great with kids, isn't","So Pedro is great with kids, isn't",,630,400
93,"So Joy is great at giving advice, isn't","So Lawrence is great at giving advice, isn't",,630,400
94,"So Dallas is always encouraging, isn't","So Lee is always encouraging, isn't",,630,400
95,"So Eric is always learning something new, isn't","So Lucy is always learning something new, isn't",,400,630
96,"So Jordan is the first to congratulate you, isn't","So Taylor is the first to congratulate you, isn't",,400,630
97,"So Cole keeps secrets well, doesn't","So Christian keeps secrets well, doesn't",,400,630
98,"So Chelsea offers a ride home when it's raining, doesn't","So Jesus offers a ride home when it's raining, doesn't",,630,400
99,"So Blake is the person everyone trusts, isn't","So Ana is the person everyone trusts, isn't",,400,630
100,"So Lisa always plans the best surprises, doesn't","So Cole always plans the best surprises, doesn't",,630,400
101,"So Alex is great with kids, isn't","So Dallas is great with kids, isn't",,400,630
102,"So Jack respects other people's opinions, doesn't","So Ellen respects other people's opinions, doesn't",,400,630
103,"So Anthony offers a ride home when it's raining, doesn't","So Elizabeth offers a ride home when it's raining, doesn't",,400,630
104,"So Baby offers a ride home when it's raining, doesn't","So Jan offers a ride home when it's raining, doesn't",,630,400
105,"So Summer is never too busy to help out, is","So Gregory is never too busy to help out, is",,630,400
106,"So Taylor is always learning something new, isn't","So Margaret is always learning something new, isn't",,400,630
107,"So Emily brings coffee when you're working late, doesn't","So Clark brings coffee when you're working late, doesn't",,630,400
108,"So John always remembers birthdays, doesn't","So Charlotte always remembers birthdays, doesn't",,400,630
109,"So Aaron can always be counted on in a crisis, can't","So Marian can always be counted on in a crisis, can't",,400,630
110,"So Elizabeth knows how to listen without judging, doesn't","So Frank knows how to listen without judging, doesn't",,630,400
111,"So Crystal stays calm under pressure, doesn't","So Aden stays calm under pressure, doesn't",,630,400
112,"So Georgia respects other people's opinions, doesn't","So Rick respects other people's opinions, doesn't",,630,400
113,"So Steven is never too busy to help out, is","So Sierra is never too busy to help out, is",,400,630
114,"So Adam brings coffee when you're working late, doesn't","So Mary brings coffee when you're working late, doesn't",,400,630
115,"So Ruby can always be counted on in a crisis, can't","So Arnold can always be counted on in a crisis, can't",,630,400
116,"So Edward often volunteers for charity work, doesn't","So Taylor often volunteers for charity work, doesn't",,400,630
117,"So Angel always plans the best surprises, doesn't","So Karen always plans the best surprises, doesn't",,400,630
118,"So Jordan always remembers birthdays, doesn't","So Ben always remembers birthdays, doesn't",,630,400
119,"So Emily respects other people's opinions, doesn't","So Brian respects other people's opinions, doesn't",,630,400
120,"So Summer can always be counted on in a crisis, can't","So Arthur can always be counted on in a crisis, can't",,630,400
121,"So Virginia gives the best book recommendations, doesn't","So Aaron gives the best book recommendations, doesn't",,630,400
122,"So Michael always remembers birthdays, doesn't","So Diana always remembers birthdays, doesn't",,400,630
123,"So Virginia shows up to all your events, doesn't","So London shows up to all your events, doesn't",,630,400
124,"So Kelly often volunteers for charity work, doesn't","So Manuel often volunteers for charity work, doesn't",,630,400
125,"So Mark always knows how to make you laugh, doesn't","So Jennifer always knows how to make you laugh, doesn't",,400,630
126,"So Jacob is the first to congratulate you, isn't","So Heaven is the first to congratulate you, isn't",,400,630
127,"So Paris takes care of their health, doesn't","So Josh takes care of their health, doesn't",,630,400
128,"So Jack can always be counted on in a crisis, can't","So Jesse can always be counted on in a crisis, can't",,400,630
129,"So William always remembers birthdays, doesn't","So Carol always remembers birthdays, doesn't",,400,630
130,"So Eric brings coffee when you're working late, doesn't","So Kelly brings coffee when you're working late, doesn't",,400,630
131,"So Paris is great with kids, isn't","So Denver is great with kids, isn't",,630,400
132,"So Rose is always learning something new, isn't","So Eli is always learning something new, isn't",,630,400
133,"So Unique shows up to all your events, doesn't","So Damian shows up to all your events, doesn't",,630,400
134,"So Christian is never too busy to help out, is","So Marc is never too busy to help out, is",,630,400
135,"So Jeremy is always respectful to everyone, isn't","So Maggie is always respectful to everyone, isn't",,400,630
136,"So Kelly is always there to lend an ear, isn't","So Danny is always there to lend an ear, isn't",,630,400
137,"So Michael is always learning something new, isn't","So Reagan is always learning something new, isn't",,400,630
138,"So Angel stays calm under pressure, doesn't","So Julia stays calm under pressure, doesn't",,400,630
139,"So Austin can always be counted on in a crisis, can't","So Angel can always be counted on in a crisis, can't",,400,630
140,"So Henry stays calm under pressure, doesn't","So India stays calm under pressure, doesn't",,400,630
141,"So Paul always knows how to make you laugh, doesn't","So Mary always knows how to make you laugh, doesn't",,400,630
142,"So Mark keeps secrets well, doesn't","So Hannah keeps secrets well, doesn't",,400,630
143,"So Alex takes care of their health, doesn't","So Martha takes care of their health, doesn't",,400,630
144,"So Paris always plans the best surprises, doesn't","So Jackson always plans the best surprises, doesn't",,630,400
145,"So Madison respects other people's opinions, doesn't","So Harvey respects other people's opinions, doesn't",,630,400
146,"So Scott offers a ride home when it's raining, doesn't","So Ruth offers a ride home when it's raining, doesn't",,400,630
147,"So Christian keeps secrets well, doesn't","So Parker keeps secrets well, doesn't",,400,630
148,"So Madison is great at giving advice, isn't","So Walter is great at giving advice, isn't",,630,400
149,"So Susan offers a ride home when it's raining, doesn't","So Roman offers a ride home when it's raining, doesn't",,630,400
150,"So Ian is always there to lend an ear, isn't","So America is always there to lend an ear, isn't",,400,630
151,"So America can always be counted on in a crisis, can't","So Andre can always be counted on in a crisis, can't",,630,400
152,"So Ryan shares their lunch when you forget yours, doesn't","So Tyler shares their lunch when you forget yours, doesn't",,400,630
153,"So Elsa is always respectful to everyone, isn't","So Dayton is always respectful to everyone, isn't",,630,400
154,"So London is the first to congratulate you, isn't","So Jacob is the first to congratulate you, isn't",,630,400
155,"So Carter is always up for an adventure, isn't","So Eva is always up for an adventure, isn't",,400,630
156,"So Morgan makes the best homemade cookies, doesn't","So Bennett makes the best homemade cookies, doesn't",,630,400
157,"So Kyle respects other people's opinions, doesn't","So Nina respects other people's opinions, doesn't",,400,630
158,"So Kate always texts back promptly, doesn't","So Julian always texts back promptly, doesn't",,630,400
159,"So Ian always remembers birthdays, doesn't","So Sandy always remembers birthdays, doesn't",,400,630
160,"So Robin remembers all the little details, doesn't","So Marshall remembers all the little details, doesn't",,630,400
161,"So Mark is the first to congratulate you, isn't","So Quinn is the first to congratulate you, isn't",,400,630
162,"So Maria stands up for their friends, doesn't","So Cooper stands up for their friends, doesn't",,630,400
163,"So Jeremy remembers all the little details, doesn't","So Logan remembers all the little details, doesn't",,400,630
164,"So Jamie takes care of their health, doesn't","So Benjamin takes care of their health, doesn't",,630,400
165,"So Jessica shows up to all your events, doesn't","So Steve shows up to all your events, doesn't",,630,400
166,"So Sky often volunteers for charity work, doesn't","So Allen often volunteers for charity work, doesn't",,630,400
167,"So Ann always texts back promptly, doesn't","So Carter always texts back promptly, doesn't",,630,400
168,"So Marie can always be counted on in a crisis, can't","So Nicholas can always be counted on in a crisis, can't",,630,400
169,"So India always remembers birthdays, doesn't","So Ari always remembers birthdays, doesn't",,630,400
170,"So Henry respects other people's opinions, doesn't","So Margaret respects other people's opinions, doesn't",,400,630
171,"So Marcus makes the best homemade cookies, doesn't","So Kate makes the best homemade cookies, doesn't",,400,630
172,"So Rachel is always up for an adventure, isn't","So Stefan is always up for an adventure, isn't",,630,400
173,"So Steven is the person everyone trusts, isn't","So Parker is the person everyone trusts, isn't",,400,630
174,"So Robert takes care of their health, doesn't","So Jane takes care of their health, doesn't",,400,630
175,"So William is always learning something new, isn't","So Joy is always learning something new, isn't",,400,630
176,"So Raven is never too busy to help out, is","So Clint is never too busy to help out, is",,630,400
177,"So Baby is always there to lend an ear, isn't","So Cooper is always there to lend an ear, isn't",,630,400
178,"So David keeps secrets well, doesn't","So Jamie keeps secrets well, doesn't",,400,630
179,"So Mark remembers all the little details, doesn't","So Faith remembers all the little details, doesn't",,400,630
180,"So Hillary shows up to all your events, doesn't","So Todd shows up to all your events, doesn't",,630,400
181,"So Ryan always remembers birthdays, doesn't","So Mason always remembers birthdays, doesn't",,630,400
182,"So William is great at giving advice, isn't","So Rachel is great at giving advice, isn't",,400,630
183,"So Sarah takes care of their health, doesn't","So Phoenix takes care of their health, doesn't",,630,400
184,"So Jamie respects other people's opinions, doesn't","So Herbert respects other people's opinions, doesn't",,630,400
185,"So Luke offers a ride home when it's raining, doesn't","So Annie offers a ride home when it's raining, doesn't",,400,630
186,"So Joshua shares their lunch when you forget yours, doesn't","So Kate shares their lunch when you forget yours, doesn't",,400,630
187,"So Stephen keeps secrets well, doesn't","So Helen keeps secrets well, doesn't",,400,630
188,"So Unique knows how to listen without judging, doesn't","So Lamar knows how to listen without judging, doesn't",,630,400
189,"So Justice is always encouraging, isn't","So Miguel is always encouraging, isn't",,630,400
190,"So Daniel often volunteers for charity work, doesn't","So Kennedy often volunteers for charity work, doesn't",,400,630
191,"So Christopher is passionate about their hobbies, isn't","So Paris is passionate about their hobbies, isn't",,400,630
192,"So Alice gives the best book recommendations, doesn't","So Roberto gives the best book recommendations, doesn't",,630,400
193,"So Patrick is the person everyone trusts, isn't","So Carolina is the person everyone trusts, isn't",,400,630
194,"So Alex always remembers birthdays, doesn't","So Donald always remembers birthdays, doesn't",,630,400
195,"So Christian is the person everyone trusts, isn't","So Dallas is the person everyone trusts, isn't",,400,630
196,"So America shows up to all your events, doesn't","So Bruce shows up to all your events, doesn't",,630,400
197,"So Jesus shares their lunch when you forget yours, doesn't","So Victoria shares their lunch when you forget yours, doesn't",,400,630
198,"So Elizabeth respects other people's opinions, doesn't","So Steven respects other people's opinions, doesn't",,630,400
199,"So Brandon always knows how to make you laugh, doesn't","So Melissa always knows how to make you laugh, doesn't",,400,630
200,"So Grant is always learning something new, isn't","So Amanda is always learning something new, isn't",,400,630
201,"So Crystal is always there to lend an ear, isn't","So Courtney is always there to lend an ear, isn't",,630,400
202,"So Jason keeps secrets well, doesn't","So Rachel keeps secrets well, doesn't",,400,630
203,"So Rose remembers all the little details, doesn't","So Jefferson remembers all the little details, doesn't",,630,400
204,"So Crystal makes the best homemade cookies, doesn't","So Levi makes the best homemade cookies, doesn't",,630,400
205,"So Jane is the person everyone trusts, isn't","So Cruz is the person everyone trusts, isn't",,630,400
206,"So Jessica is always up for an adventure, isn't","So Dallas is always up for an adventure, isn't",,630,400
207,"So Cole is always learning something new, isn't","So Loren is always learning something new, isn't",,400,630
208,"So Jeremy brings coffee when you're working late, doesn't","So Lily brings coffee when you're working late, doesn't",,400,630
209,"So April takes care of their health, doesn't","So Brian takes care of their health, doesn't",,630,400
210,"So Ryan is great at giving advice, isn't","So Marina is great at giving advice, isn't",,400,630
211,"So Taylor is great at giving advice, isn't","So Ryan is great at giving advice, isn't",,630,400
212,"So Anna takes care of their health, doesn't","So Jamie takes care of their health, doesn't",,630,400
213,"So Brandon shows up to all your events, doesn't","So Clare shows up to all your events, doesn't",,400,630
214,"So Thomas always knows how to make you laugh, doesn't","So London always knows how to make you laugh, doesn't",,400,630
215,"So April can always be counted on in a crisis, can't","So Gary can always be counted on in a crisis, can't",,630,400
216,"So Joy is always encouraging, isn't","So Terry is always encouraging, isn't",,630,400
217,"So Jordan gives the best book recommendations, doesn't","So Dennis gives the best book recommendations, doesn't",,630,400
218,"So Eva knows how to listen without judging, doesn't","So Danny knows how to listen without judging, doesn't",,630,400
219,"So Madison always plans the best surprises, doesn't","So Allen always plans the best surprises, doesn't",,630,400
220,"So George is always respectful to everyone, isn't","So Helen is always respectful to everyone, isn't",,400,630
221,"So Patrick respects other people's opinions, doesn't","So Carol respects other people's opinions, doesn't",,400,630
222,"So Jeremy offers a ride home when it's raining, doesn't","So Lauren offers a ride home when it's raining, doesn't",,400,630
223,"So America stays calm under pressure, doesn't","So Jake stays calm under pressure, doesn't",,630,400
224,"So Ruby respects other people's opinions, doesn't","So Allen respects other people's opinions, doesn't",,630,400
225,"So Joshua takes care of their health, doesn't","So Clara takes care of their health, doesn't",,400,630
226,"So Jacob is always respectful to everyone, isn't","So Ruby is always respectful to everyone, isn't",,400,630
227,"So Charles knows how to listen without judging, doesn't","So Lucy knows how to listen without judging, doesn't",,400,630
228,"So Richard stays calm under pressure, doesn't","So Julie stays calm under pressure, doesn't",,400,630
229,"So Eva stands up for their friends, doesn't","So Harold stands up for their friends, doesn't",,630,400
230,"So Marie is always learning something new, isn't","So Carl is always learning something new, isn't",,630,400
231,"So Ann often volunteers for charity work, doesn't","So Harrison often volunteers for charity work, doesn't",,630,400
232,"So Elsa respects other people's opinions, doesn't","So Jace respects other people's opinions, doesn't",,630,400
233,"So Laura respects other people's opinions, doesn't","So Bruno respects other people's opinions, doesn't",,630,400
234,"So Jennifer is always up for an adventure, isn't","So Ryan is always up for an adventure, isn't",,630,400
235,"So Jesus stays calm under pressure, doesn't","So Holly stays calm under pressure, doesn't",,400,630
236,"So Joshua brings coffee when you're working late, doesn't","So Sierra brings coffee when you're working late, doesn't",,400,630
237,"So London is passionate about their hobbies, isn't","So Ty is passionate about their hobbies, isn't",,630,400
238,"So Morgan is the first to congratulate you, isn't","So Colin is the first to congratulate you, isn't",,630,400
239,"So Jessica often volunteers for charity work, doesn't","So Angel often volunteers for charity work, doesn't",,630,400
240,"So Anne remembers all the little details, doesn't","So Jesus remembers all the little details, doesn't",,630,400
241,"So Jeremy is the first to congratulate you, isn't","So Andrea is the first to congratulate you, isn't",,400,630
242,"So Scott brings coffee when you're working late, doesn't","So Karen brings coffee when you're working late, doesn't",,400,630
243,"So Jack is great with kids, isn't","So Christian is great with kids, isn't",,400,630
244,"So Adam is the person everyone trusts, isn't","So Frances is the person everyone trusts, isn't",,400,630
245,"So Hunter offers a ride home when it's raining, doesn't","So Walker offers a ride home when it's raining, doesn't",,630,400
246,"So Grant can always be counted on in a crisis, can't","So Nancy can always be counted on in a crisis, can't",,400,630
247,"So Maria offers a ride home when it's raining, doesn't","So Dale offers a ride home when it's raining, doesn't",,630,400
248,"So Jordan is great with kids, isn't","So Justice is great with kids, isn't",,630,400
249,"So Taylor is always respectful to everyone, isn't","So Alex is always respectful to everyone, isn't",,630,400
250,"So Joy often volunteers for charity work, doesn't","So Anderson often volunteers for charity work, doesn't",,630,400
251,"So Sky is always respectful to everyone, isn't","So Barry is always respectful to everyone, isn't",,630,400
252,"So Justice is the person everyone trusts, isn't","So Jeremy is the person everyone trusts, isn't",,630,400
253,"So Maria is always respectful to everyone, isn't","So Alan is always respectful to everyone, isn't",,630,400
254,"So Thomas is great with kids, isn't","So Madison is great with kids, isn't",,400,630
255,"So Eric is always there to lend an ear, isn't","So Rose is always there to lend an ear, isn't",,400,630
256,"So Thomas is always encouraging, isn't","So Dakota is always encouraging, isn't",,400,630
257,"So Virginia always remembers birthdays, doesn't","So Gordon always remembers birthdays, doesn't",,630,400
258,"So Jamie offers a ride home when it's raining, doesn't","So Ronald offers a ride home when it's raining, doesn't",,630,400
259,"So Christian stands up for their friends, doesn't","So Howard stands up for their friends, doesn't",,630,400
260,"So Eva shows up to all your events, doesn't","So Ivan shows up to all your events, doesn't",,630,400
261,"So Paris shows up to all your events, doesn't","So Jeff shows up to all your events, doesn't",,630,400
262,"So Alex makes the best homemade cookies, doesn't","So Rosa makes the best homemade cookies, doesn't",,400,630
263,"So Hunter always knows how to make you laugh, doesn't","So Dakota always knows how to make you laugh, doesn't",,400,630
264,"So Emily is the person everyone trusts, isn't","So Charlie is the person everyone trusts, isn't",,630,400
265,"So Carter is great with kids, isn't","So Barbara is great with kids, isn't",,400,630
266,"So Alice is the first to congratulate you, isn't","So Reed is the first to congratulate you, isn't",,630,400
267,"So Michelle takes care of their health, doesn't","So Lucas takes care of their health, doesn't",,630,400
268,"So Alex makes the best homemade cookies, doesn't","So Aaron makes the best homemade cookies, doesn't",,630,400
269,"So Hunter always texts back promptly, doesn't","So Isabel always texts back promptly, doesn't",,400,630
270,"So Alex is passionate about their hobbies, isn't","So Anna is passionate about their hobbies, isn't",,400,630
271,"So Jonathan takes care of their health, doesn't","So Gabriel takes care of their health, doesn't",,400,630
272,"So Taylor always remembers birthdays, doesn't","So Mercedes always remembers birthdays, doesn't",,400,630
273,"So Ian shows up to all your events, doesn't","So Sky shows up to all your events, doesn't",,400,630
274,"So Christian offers a ride home when it's raining, doesn't","So Isabel offers a ride home when it's raining, doesn't",,400,630
275,"So John is always learning something new, isn't","So Linda is always learning something new, isn't",,400,630
276,"So Alexander is great at giving advice, isn't","So Alice is great at giving advice, isn't",,400,630
277,"So Diamond is great with kids, isn't","So Lincoln is great with kids, isn't",,630,400
278,"So Daniel respects other people's opinions, doesn't","So Dakota respects other people's opinions, doesn't",,400,630
279,"So Emily offers a ride home when it's raining, doesn't","So Ty offers a ride home when it's raining, doesn't",,630,400
280,"So Henry makes the best homemade cookies, doesn't","So Angel makes the best homemade cookies, doesn't",,400,630
281,"So Victoria gives the best book recommendations, doesn't","So Nelson gives the best book recommendations, doesn't",,630,400
282,"So Robin stands up for their friends, doesn't","So Gilbert stands up for their friends, doesn't",,630,400
283,"So Jackson shares their lunch when you forget yours, doesn't","So Hannah shares their lunch when you forget yours, doesn't",,400,630
284,"So Ruby always plans the best surprises, doesn't","So Gordon always plans the best surprises, doesn't",,630,400
285,"So Marcus is great at giving advice, isn't","So Sierra is great at giving advice, isn't",,400,630
286,"So Henry always knows how to make you laugh, doesn't","So Lisa always knows how to make you laugh, doesn't",,400,630
287,"So Jacob stands up for their friends, doesn't","So Ellen stands up for their friends, doesn't",,400,630
288,"So Jordan is always up for an adventure, isn't","So Carlo is always up for an adventure, isn't",,630,400
289,"So Virginia is always encouraging, isn't","So Nathan is always encouraging, isn't",,630,400
290,"So India can always be counted on in a crisis, can't","So Baby can always be counted on in a crisis, can't",,630,400
291,"So Joshua is great with kids, isn't","So Molly is great with kids, isn't",,400,630
292,"So Jake always texts back promptly, doesn't","So Paris always texts back promptly, doesn't",,400,630
293,"So James is great at giving advice, isn't","So Rose is great at giving advice, isn't",,400,630
294,"So Sarah gives the best book recommendations, doesn't","So Glen gives the best book recommendations, doesn't",,630,400
295,"So Paris is passionate about their hobbies, isn't","So Turner is passionate about their hobbies, isn't",,630,400
296,"So Brandon is always encouraging, isn't","So Abbey is always encouraging, isn't",,400,630
297,"So Austin stands up for their friends, doesn't","So Jesse stands up for their friends, doesn't",,400,630
298,"So Jake shows up to all your events, doesn't","So Madison shows up to all your events, doesn't",,400,630
299,"So India always texts back promptly, doesn't","So Jamie always texts back promptly, doesn't",,630,400
300,"So Jose is always up for an adventure, isn't","So Karen is always up for an adventure, isn't",,400,630
301,"So Tyler takes care of their health, doesn't","So Moses takes care of their health, doesn't",,630,400
302,"So Michelle brings coffee when you're working late, doesn't","So Jon brings coffee when you're working late, doesn't",,630,400
303,"So James respects other people's opinions, doesn't","So Heaven respects other people's opinions, doesn't",,400,630
304,"So Marie is great at giving advice, isn't","So Anderson is great at giving advice, isn't",,630,400
305,"So Taylor stays calm under pressure, doesn't","So Hillary stays calm under pressure, doesn't",,400,630
306,"So Paris is always learning something new, isn't","So Adam is always learning something new, isn't",,630,400
307,"So David remembers all the little details, doesn't","So Kenya remembers all the little details, doesn't",,400,630
308,"So Brook is passionate about their hobbies, isn't","So George is passionate about their hobbies, isn't",,630,400
309,"So America respects other people's opinions, doesn't","So London respects other people's opinions, doesn't",,630,400
310,"So Lisa always remembers birthdays, doesn't","So Dan always remembers birthdays, doesn't",,630,400
311,"So Ann is the first to congratulate you, isn't","So David is the first to congratulate you, isn't",,630,400
312,"So Grant offers a ride home when it's raining, doesn't","So Sky offers a ride home when it's raining, doesn't",,400,630
313,"So Dallas offers a ride home when it's raining, doesn't","So Jimmy offers a ride home when it's raining, doesn't",,630,400
314,"So Taylor can always be counted on in a crisis, can't","So Cooper can always be counted on in a crisis, can't",,630,400
315,"So John shares their lunch when you forget yours, doesn't","So Loren shares their lunch when you forget yours, doesn't",,400,630
316,"So Justin takes care of their health, doesn't","So Lisa takes care of their health, doesn't",,400,630
317,"So Hope is the person everyone trusts, isn't","So Glen is the person everyone trusts, isn't",,630,400
318,"So Joshua stands up for their friends, doesn't","So Sandy stands up for their friends, doesn't",,400,630
319,"So Unique respects other people's opinions, doesn't","So Wesley respects other people's opinions, doesn't",,630,400
320,"So America is the first to congratulate you, isn't","So Lincoln is the first to congratulate you, isn't",,630,400
321,"So Thomas is always there to lend an ear, isn't","So Alice is always there to lend an ear, isn't",,400,630
322,"So Tyler offers a ride home when it's raining, doesn't","So Catherine offers a ride home when it's raining, doesn't",,400,630
323,"So Angel can always be counted on in a crisis, can't","So Will can always be counted on in a crisis, can't",,630,400
324,"So Diamond often volunteers for charity work, doesn't","So Diego often volunteers for charity work, doesn't",,630,400
325,"So Jesus is great with kids, isn't","So Paris is great with kids, isn't",,400,630
326,"So John stays calm under pressure, doesn't","So Taylor stays calm under pressure, doesn't",,400,630
327,"So Stephen stays calm under pressure, doesn't","So Lisa stays calm under pressure, doesn't",,400,630
328,"So Andrew always texts back promptly, doesn't","So Diamond always texts back promptly, doesn't",,400,630
329,"So Anne is always there to lend an ear, isn't","So Jesus is always there to lend an ear, isn't",,630,400
330,"So Jane stays calm under pressure, doesn't","So Tommy stays calm under pressure, doesn't",,630,400
331,"So Ali stays calm under pressure, doesn't","So Francis stays calm under pressure, doesn't",,630,400
332,"So Taylor brings coffee when you're working late, doesn't","So Miles brings coffee when you're working late, doesn't",,630,400
333,"So Hope is passionate about their hobbies, isn't","So Steve is passionate about their hobbies, isn't",,630,400
334,"So Sky makes the best homemade cookies, doesn't","So Neil makes the best homemade cookies, doesn't",,630,400
335,"So Georgia shares their lunch when you forget yours, doesn't","So Chris shares their lunch when you forget yours, doesn't",,630,400
336,"So Brian makes the best homemade cookies, doesn't","So Sydney makes the best homemade cookies, doesn't",,400,630
337,"So Robert is great at giving advice, isn't","So Elizabeth is great at giving advice, isn't",,400,630
338,"So Eva is never too busy to help out, is","So Dan is never too busy to help out, is",,630,400
339,"So Christian takes care of their health, doesn't","So Eva takes care of their health, doesn't",,400,630
340,"So Robin often volunteers for charity work, doesn't","So Josh often volunteers for charity work, doesn't",,630,400
341,"So Daniel is always there to lend an ear, isn't","So Jenny is always there to lend an ear, isn't",,400,630
342,"So Hillary always remembers birthdays, doesn't","So Kent always remembers birthdays, doesn't",,630,400
343,"So Baby always texts back promptly, doesn't","So Paul always texts back promptly, doesn't",,630,400
344,"So Laura is great with kids, isn't","So Aaron is great with kids, isn't",,630,400
345,"So Austin keeps secrets well, doesn't","So Marie keeps secrets well, doesn't",,400,630
346,"So Eric is the first to congratulate you, isn't","So Ana is the first to congratulate you, isn't",,400,630
347,"So Joy brings coffee when you're working late, doesn't","So Ernest brings coffee when you're working late, doesn't",,630,400
348,"So Justice respects other people's opinions, doesn't","So Larry respects other people's opinions, doesn't",,630,400
349,"So Sarah often volunteers for charity work, doesn't","So Glen often volunteers for charity work, doesn't",,630,400
350,"So Jeremy is always encouraging, isn't","So Summer is always encouraging, isn't",,400,630
351,"So Kate always remembers birthdays, doesn't","So Chris always remembers birthdays, doesn't",,630,400
352,"So Raven is always respectful to everyone, isn't","So Nico is always respectful to everyone, isn't",,630,400
353,"So Adam shows up to all your events, doesn't","So Kelly shows up to all your events, doesn't",,400,630
354,"So Alex is always respectful to everyone, isn't","So Jennifer is always respectful to everyone, isn't",,400,630
355,"So Virginia always plans the best surprises, doesn't","So Herbert always plans the best surprises, doesn't",,630,400
356,"So Marcus shares their lunch when you forget yours, doesn't","So Caroline shares their lunch when you forget yours, doesn't",,400,630
357,"So Christian always texts back promptly, doesn't","So Baby always texts back promptly, doesn't",,400,630
358,"So Hillary is always encouraging, isn't","So Jason is always encouraging, isn't",,630,400
359,"So Matthew brings coffee when you're working late, doesn't","So Angel brings coffee when you're working late, doesn't",,400,630
360,"So America gives the best book recommendations, doesn't","So Paul gives the best book recommendations, doesn't",,630,400
361,"So Faith is great with kids, isn't","So Cooper is great with kids, isn't",,630,400
362,"So Brandon always texts back promptly, doesn't","So Tess always texts back promptly, doesn't",,400,630
363,"So Rachel is great with kids, isn't","So Francisco is great with kids, isn't",,630,400
364,"So Raven remembers all the little details, doesn't","So Ezra remembers all the little details, doesn't",,630,400
365,"So Jane always plans the best surprises, doesn't","So Todd always plans the best surprises, doesn't",,630,400
366,"So Kelly is always learning something new, isn't","So Jamie is always learning something new, isn't",,630,400
367,"So Rachel is the first to congratulate you, isn't","So Jose is the first to congratulate you, isn't",,630,400
368,"So Chelsea is always encouraging, isn't","So Felix is always encouraging, isn't",,630,400
369,"So Paris is the person everyone trusts, isn't","So Seth is the person everyone trusts, isn't",,630,400
370,"So Elizabeth always texts back promptly, doesn't","So Tony always texts back promptly, doesn't",,630,400
371,"So Jacob remembers all the little details, doesn't","So Parker remembers all the little details, doesn't",,400,630
372,"So Eva is passionate about their hobbies, isn't","So River is passionate about their hobbies, isn't",,630,400
373,"So Alex stands up for their friends, doesn't","So Christian stands up for their friends, doesn't",,630,400
374,"So London always texts back promptly, doesn't","So Allen always texts back promptly, doesn't",,630,400
375,"So Steven always knows how to make you laugh, doesn't","So Madison always knows how to make you laugh, doesn't",,400,630
376,"So Emily always texts back promptly, doesn't","So Barry always texts back promptly, doesn't",,630,400
377,"So Patrick shows up to all your events, doesn't","So Emma shows up to all your events, doesn't",,400,630
378,"So Morgan is great with kids, isn't","So Jimmy is great with kids, isn't",,630,400
379,"So April remembers all the little details, doesn't","So Steven remembers all the little details, doesn't",,630,400
380,"So Jordan always texts back promptly, doesn't","So George always texts back promptly, doesn't",,630,400
381,"So Anthony shares their lunch when you forget yours, doesn't","So Eve shares their lunch when you forget yours, doesn't",,400,630
382,"So London is the person everyone trusts, isn't","So Colin is the person everyone trusts, isn't",,630,400
383,"So Joy is always up for an adventure, isn't","So Carlos is always up for an adventure, isn't",,630,400
384,"So Summer knows how to listen without judging, doesn't","So Sam knows how to listen without judging, doesn't",,630,400
385,"So Chelsea often volunteers for charity work, doesn't","So Ray often volunteers for charity work, doesn't",,630,400
386,"So Patrick always plans the best surprises, doesn't","So Amanda always plans the best surprises, doesn't",,400,630
387,"So Patrick is always up for an adventure, isn't","So Jane is always up for an adventure, isn't",,400,630
388,"So Justice shares their lunch when you forget yours, doesn't","So Carter shares their lunch when you forget yours, doesn't",,630,400
389,"So Luke is the first to congratulate you, isn't","So Sandy is the first to congratulate you, isn't",,400,630
390,"So April always remembers birthdays, doesn't","So Chris always remembers birthdays, doesn't",,630,400
391,"So Grant is great with kids, isn't","So Princess is great with kids, isn't",,400,630
392,"So Thomas makes the best homemade cookies, doesn't","So Asia makes the best homemade cookies, doesn't",,400,630
393,"So Kyle gives the best book recommendations, doesn't","So Susan gives the best book recommendations, doesn't",,400,630
394,"So Michelle is great at giving advice, isn't","So Spencer is great at giving advice, isn't",,630,400
395,"So Crystal is the person everyone trusts, isn't","So Kenneth is the person everyone trusts, isn't",,630,400
396,"So Tyler is always there to lend an ear, isn't","So Molly is always there to lend an ear, isn't",,400,630
397,"So Susan remembers all the little details, doesn't","So Mike remembers all the little details, doesn't",,630,400
398,"So Victoria knows how to listen without judging, doesn't","So Alfred knows how to listen without judging, doesn't",,630,400
399,"So Hope often volunteers for charity work, doesn't","So Alfred often volunteers for charity work, doesn't",,630,400
400,"So Justice always remembers birthdays, doesn't","So Henry always remembers birthdays, doesn't",,630,400
401,"So Tyler makes the best homemade cookies, doesn't","So Ross makes the best homemade cookies, doesn't",,630,400
402,"So Richard is the person everyone trusts, isn't","So Lisa is the person everyone trusts, isn't",,400,630
403,"So Anna is the person everyone trusts, isn't","So Russell is the person everyone trusts, isn't",,630,400
404,"So Alan is the first to congratulate you, isn't","So Kelly is the first to congratulate you, isn't",,400,630
405,"So Jose makes the best homemade cookies, doesn't","So Reagan makes the best homemade cookies, doesn't",,400,630
406,"So Faith is the person everyone trusts, isn't","So Hudson is the person everyone trusts, isn't",,630,400
407,"So Ann is always encouraging, isn't","So German is always encouraging, isn't",,630,400
408,"So Eva takes care of their health, doesn't","So Stefan takes care of their health, doesn't",,630,400
409,"So Ali always plans the best surprises, doesn't","So Noah always plans the best surprises, doesn't",,630,400
410,"So Justice knows how to listen without judging, doesn't","So Junior knows how to listen without judging, doesn't",,630,400
411,"So Diamond is always up for an adventure, isn't","So Nathan is always up for an adventure, isn't",,630,400
412,"So Ryan shares their lunch when you forget yours, doesn't","So Diego shares their lunch when you forget yours, doesn't",,630,400
413,"So William is always encouraging, isn't","So Hope is always encouraging, isn't",,400,630
414,"So Jordan is passionate about their hobbies, isn't","So Sandy is passionate about their hobbies, isn't",,400,630
415,"So Matthew knows how to listen without judging, doesn't","So Amanda knows how to listen without judging, doesn't",,400,630
416,"So Faith keeps secrets well, doesn't","So Glen keeps secrets well, doesn't",,630,400
417,"So Peter is always encouraging, isn't","So Asia is always encouraging, isn't",,400,630
418,"So David is always encouraging, isn't","So Marina is always encouraging, isn't",,400,630
419,"So Baby is great at giving advice, isn't","So Raymond is great at giving advice, isn't",,630,400
420,"So Justice is always learning something new, isn't","So Steven is always learning something new, isn't",,630,400
421,"So Tyler gives the best book recommendations, doesn't","So Raymond gives the best book recommendations, doesn't",,630,400
422,"So India is the person everyone trusts, isn't","So Jeremy is the person everyone trusts, isn't",,630,400
423,"So Alice knows how to listen without judging, doesn't","So Louis knows how to listen without judging, doesn't",,630,400
424,"So Lisa is never too busy to help out, is","So Larry is never too busy to help out, is",,630,400
425,"So Robin is never too busy to help out, is","So Bennett is never too busy to help out, is",,630,400
426,"So Hillary always knows how to make you laugh, doesn't","So Arthur always knows how to make you laugh, doesn't",,630,400
427,"So Amy always remembers birthdays, doesn't","So Graham always remembers birthdays, doesn't",,630,400
428,"So Jonathan is never too busy to help out, is","So Sara is never too busy to help out, is",,400,630
429,"So James is the person everyone trusts, isn't","So Jessica is the person everyone trusts, isn't",,400,630
430,"So Alan is always respectful to everyone, isn't","So Jessica is always respectful to everyone, isn't",,400,630
431,"So India is always up for an adventure, isn't","So Will is always up for an adventure, isn't",,630,400
432,"So Sarah knows how to listen without judging, doesn't","So Glen knows how to listen without judging, doesn't",,630,400
433,"So Virginia can always be counted on in a crisis, can't","So Arnold can always be counted on in a crisis, can't",,630,400
434,"So Sarah stands up for their friends, doesn't","So Gabriel stands up for their friends, doesn't",,630,400
435,"So Jose shows up to all your events, doesn't","So Victoria shows up to all your events, doesn't",,400,630
436,"So Jordan is the person everyone trusts, isn't","So Blake is the person everyone trusts, isn't",,630,400
437,"So Eric is the person everyone trusts, isn't","So Anna is the person everyone trusts, isn't",,400,630
438,"So Ryan makes the best homemade cookies, doesn't","So Franklin makes the best homemade cookies, doesn't",,630,400
439,"So Jordan shares their lunch when you forget yours, doesn't","So Sebastian shares their lunch when you forget yours, doesn't",,630,400
440,"So Jonathan always plans the best surprises, doesn't","So Logan always plans the best surprises, doesn't",,400,630
441,"So Brian stays calm under pressure, doesn't","So Angela stays calm under pressure, doesn't",,400,630
442,"So Tyler is always encouraging, isn't","So Sandy is always encouraging, isn't",,400,630
443,"So Michelle is never too busy to help out, is","So Colin is never too busy to help out, is",,630,400
444,"So Alan is always learning something new, isn't","So Diana is always learning something new, isn't",,400,630
445,"So Jane offers a ride home when it's raining, doesn't","So Ronald offers a ride home when it's raining, doesn't",,630,400
446,"So Eric is never too busy to help out, is","So Barbara is never too busy to help out, is",,400,630
447,"So Edward takes care of their health, doesn't","So Lucy takes care of their health, doesn't",,400,630
448,"So Paul is always up for an adventure, isn't","So Jamie is always up for an adventure, isn't",,400,630
449,"So Blake respects other people's opinions, doesn't","So Logan respects other people's opinions, doesn't",,400,630
450,"So America always remembers birthdays, doesn't","So Jason always remembers birthdays, doesn't",,630,400
451,"So Christian takes care of their health, doesn't","So Luke takes care of their health, doesn't",,630,400
452,"So Joseph is always up for an adventure, isn't","So Angela is always up for an adventure, isn't",,400,630
453,"So Scott is always respectful to everyone, isn't","So Brook is always respectful to everyone, isn't",,400,630
454,"So Chelsea keeps secrets well, doesn't","So Salvador keeps secrets well, doesn't",,630,400
455,"So April is passionate about their hobbies, isn't","So Ernest is passionate about their hobbies, isn't",,630,400
456,"So Adam stands up for their friends, doesn't","So Jamie stands up for their friends, doesn't",,400,630
457,"So Kate takes care of their health, doesn't","So Mason takes care of their health, doesn't",,630,400
458,"So Ryan is always up for an adventure, isn't","So Diana is always up for an adventure, isn't",,400,630
459,"So Morgan always plans the best surprises, doesn't","So Julian always plans the best surprises, doesn't",,630,400
460,"So Mark knows how to listen without judging, doesn't","So Brooklyn knows how to listen without judging, doesn't",,400,630
461,"So Luke is always learning something new, isn't","So Maria is always learning something new, isn't",,400,630
462,"So Brandon makes the best homemade cookies, doesn't","So Shea makes the best homemade cookies, doesn't",,400,630
463,"So Ian is always encouraging, isn't","So Ellen is always encouraging, isn't",,400,630
464,"So Faith takes care of their health, doesn't","So Charlie takes care of their health, doesn't",,630,400
465,"So Victoria remembers all the little details, doesn't","So Dale remembers all the little details, doesn't",,630,400
466,"So Reilly often volunteers for charity work, doesn't","So Gerald often volunteers for charity work, doesn't",,630,400
467,"So Anne gives the best book recommendations, doesn't","So Victor gives the best book recommendations, doesn't",,630,400
468,"So Asia is always encouraging, isn't","So Clay is always encouraging, isn't",,630,400
469,"So Anne shares their lunch when you forget yours, doesn't","So Ty shares their lunch when you forget yours, doesn't",,630,400
470,"So Patrick brings coffee when you're working late, doesn't","So Summer brings coffee when you're working late, doesn't",,400,630
471,"So Sarah keeps secrets well, doesn't","So Santiago keeps secrets well, doesn't",,630,400
472,"So Tyler takes care of their health, doesn't","So Brook takes care of their health, doesn't",,400,630
473,"So Jordan offers a ride home when it's raining, doesn't","So Molly offers a ride home when it's raining, doesn't",,400,630
474,"So Mary is great with kids, isn't","So Ross is great with kids, isn't",,630,400
475,"So Jennifer is always encouraging, isn't","So Justin is always encouraging, isn't",,630,400
476,"So Lisa is passionate about their hobbies, isn't","So Roger is passionate about their hobbies, isn't",,630,400
477,"So India often volunteers for charity work, doesn't","So Roman often volunteers for charity work, doesn't",,630,400
478,"So Jordan often volunteers for charity work, doesn't","So Marina often volunteers for charity work, doesn't",,400,630
479,"So Sean is always encouraging, isn't","So Nancy is always encouraging, isn't",,400,630
480,"So Faith shows up to all your events, doesn't","So Jason shows up to all your events, doesn't",,630,400
481,"So Matthew stands up for their friends, doesn't","So Helen stands up for their friends, doesn't",,400,630
482,"So Taylor always texts back promptly, doesn't","So Ellen always texts back promptly, doesn't",,400,630
483,"So Ryan brings coffee when you're working late, doesn't","So Adam brings coffee when you're working late, doesn't",,630,400
484,"So Rachel is always there to lend an ear, isn't","So Israel is always there to lend an ear, isn't",,630,400
485,"So Justin is never too busy to help out, is","So Sky is never too busy to help out, is",,400,630
486,"So Paul can always be counted on in a crisis, can't","So Paris can always be counted on in a crisis, can't",,400,630
487,"So Daniel is always learning something new, isn't","So Charlotte is always learning something new, isn't",,400,630
488,"So Joshua stays calm under pressure, doesn't","So Ann stays calm under pressure, doesn't",,400,630
489,"So Jack gives the best book recommendations, doesn't","So Diana gives the best book recommendations, doesn't",,400,630
490,"So Ian is always up for an adventure, isn't","So Claire is always up for an adventure, isn't",,400,630
491,"So Grant is always respectful to everyone, isn't","So Gabriel is always respectful to everyone, isn't",,400,630
492,"So Faith knows how to listen without judging, doesn't","So Max knows how to listen without judging, doesn't",,630,400
493,"So Robin is the person everyone trusts, isn't","So Larry is the person everyone trusts, isn't",,630,400
494,"So Carter offers a ride home when it's raining, doesn't","So Isabel offers a ride home when it's raining, doesn't",,400,630
495,"So Jeremy is never too busy to help out, is","So Julia is never too busy to help out, is",,400,630
496,"So Alan makes the best homemade cookies, doesn't","So Brook makes the best homemade cookies, doesn't",,400,630
497,"So Faith remembers all the little details, doesn't","So Logan remembers all the little details, doesn't",,630,400
498,"So Robert is always learning something new, isn't","So Eva is always learning something new, isn't",,400,630
499,"So Unique takes care of their health, doesn't","So Shannon takes care of their health, doesn't",,630,400
500,"So Chelsea always remembers birthdays, doesn't","So Sam always remembers birthdays, doesn't",,630,400
501,"So Taylor gives the best book recommendations, doesn't","So Alexander gives the best book recommendations, doesn't",,630,400
502,"So Marcus stands up for their friends, doesn't","So Asia stands up for their friends, doesn't",,400,630
503,"So Jessica respects other people's opinions, doesn't","So Lane respects other people's opinions, doesn't",,630,400
504,"So Taylor often volunteers for charity work, doesn't","So Princess often volunteers for charity work, doesn't",,400,630
505,"So Scott is passionate about their hobbies, isn't","So Caroline is passionate about their hobbies, isn't",,400,630
506,"So William knows how to listen without judging, doesn't","So Emma knows how to listen without judging, doesn't",,400,630
507,"So Reilly stays calm under pressure, doesn't","So Jarrett stays calm under pressure, doesn't",,630,400
508,"So Alan takes care of their health, doesn't","So Hannah takes care of their health, doesn't",,400,630
509,"So Alex offers a ride home when it's raining, doesn't","So Walker offers a ride home when it's raining, doesn't",,630,400
510,"So Victoria keeps secrets well, doesn't","So Dakota keeps secrets well, doesn't",,630,400
511,"So Ryan is always up for an adventure, isn't","So Bryan is always up for an adventure, isn't",,630,400
512,"So Austin shows up to all your events, doesn't","So Eve shows up to all your events, doesn't",,400,630
513,"So Brook makes the best homemade cookies, doesn't","So Jonathan makes the best homemade cookies, doesn't",,630,400
514,"So Jennifer shares their lunch when you forget yours, doesn't","So Roy shares their lunch when you forget yours, doesn't",,630,400
515,"So Kyle is the person everyone trusts, isn't","So Emma is the person everyone trusts, isn't",,400,630
516,"So William respects other people's opinions, doesn't","So Virginia respects other people's opinions, doesn't",,400,630
517,"So India always plans the best surprises, doesn't","So Bryan always plans the best surprises, doesn't",,630,400
518,"So Alex respects other people's opinions, doesn't","So Jorge respects other people's opinions, doesn't",,630,400
519,"So Anthony remembers all the little details, doesn't","So Heaven remembers all the little details, doesn't",,400,630
520,"So Austin is always encouraging, isn't","So Mary is always encouraging, isn't",,400,630
521,"So America is the person everyone trusts, isn't","So Roberto is the person everyone trusts, isn't",,630,400
522,"So Jason always texts back promptly, doesn't","So Kennedy always texts back promptly, doesn't",,400,630
523,"So Brook keeps secrets well, doesn't","So Richard keeps secrets well, doesn't",,630,400
524,"So Eva often volunteers for charity work, doesn't","So Adam often volunteers for charity work, doesn't",,630,400
525,"So Daniel always remembers birthdays, doesn't","So Brook always remembers birthdays, doesn't",,400,630
526,"So Amy respects other people's opinions, doesn't","So Brian respects other people's opinions, doesn't",,630,400
527,"So Grant remembers all the little details, doesn't","So Lucy remembers all the little details, doesn't",,400,630
528,"So Raven always texts back promptly, doesn't","So Joey always texts back promptly, doesn't",,630,400
529,"So Amy makes the best homemade cookies, doesn't","So Will makes the best homemade cookies, doesn't",,630,400
530,"So Adam stays calm under pressure, doesn't","So Laura stays calm under pressure, doesn't",,400,630
531,"So Justice always knows how to make you laugh, doesn't","So Francis always knows how to make you laugh, doesn't",,630,400
532,"So Ann makes the best homemade cookies, doesn't","So Sebastian makes the best homemade cookies, doesn't",,630,400
533,"So Maria can always be counted on in a crisis, can't","So Bennett can always be counted on in a crisis, can't",,630,400
534,"So Michelle is great with kids, isn't","So Antonio is great with kids, isn't",,630,400
535,"So Victoria always knows how to make you laugh, doesn't","So Barry always knows how to make you laugh, doesn't",,630,400
536,"So Robin brings coffee when you're working late, doesn't","So Muhammad brings coffee when you're working late, doesn't",,630,400
537,"So Justin is great at giving advice, isn't","So Jane is great at giving advice, isn't",,400,630
538,"So Patrick is always encouraging, isn't","So Brook is always encouraging, isn't",,400,630
539,"So Christian is the first to congratulate you, isn't","So Luke is the first to congratulate you, isn't",,630,400
540,"So Eric can always be counted on in a crisis, can't","So Tyler can always be counted on in a crisis, can't",,400,630
541,"So Aaron is great with kids, isn't","So Martha is great with kids, isn't",,400,630
542,"So George can always be counted on in a crisis, can't","So Amanda can always be counted on in a crisis, can't",,400,630
543,"So Baby always plans the best surprises, doesn't","So Diego always plans the best surprises, doesn't",,630,400
544,"So Kelly always plans the best surprises, doesn't","So Reed always plans the best surprises, doesn't",,630,400
545,"So Angel is always respectful to everyone, isn't","So Dean is always respectful to everyone, isn't",,630,400
546,"So Alexander shares their lunch when you forget yours, doesn't","So Ryan shares their lunch when you forget yours, doesn't",,400,630
547,"So Marie is great with kids, isn't","So Jose is great with kids, isn't",,630,400
548,"So Jamie is always respectful to everyone, isn't","So Scott is always respectful to everyone, isn't",,630,400
549,"So Laura always texts back promptly, doesn't","So Ali always texts back promptly, doesn't",,630,400
550,"So Hillary is always up for an adventure, isn't","So Davis is always up for an adventure, isn't",,630,400
551,"So Virginia is great with kids, isn't","So Mark is great with kids, isn't",,630,400
552,"So Tyler is passionate about their hobbies, isn't","So Dean is passionate about their hobbies, isn't",,630,400
553,"So Ruby shares their lunch when you forget yours, doesn't","So Lawrence shares their lunch when you forget yours, doesn't",,630,400
554,"So Michael is the first to congratulate you, isn't","So Reagan is the first to congratulate you, isn't",,400,630
555,"So Carter keeps secrets well, doesn't","So Carolina keeps secrets well, doesn't",,400,630
556,"So Elizabeth is always learning something new, isn't","So Tre is always learning something new, isn't",,630,400
557,"So Eva is great with kids, isn't","So Lincoln is great with kids, isn't",,630,400
558,"So Carter gives the best book recommendations, doesn't","So Kennedy gives the best book recommendations, doesn't",,400,630
559,"So Ali is great at giving advice, isn't","So Jesus is great at giving advice, isn't",,630,400
560,"So Jennifer always plans the best surprises, doesn't","So Jesse always plans the best surprises, doesn't",,630,400
561,"So Virginia shares their lunch when you forget yours, doesn't","So Angel shares their lunch when you forget yours, doesn't",,630,400
562,"So April always knows how to make you laugh, doesn't","So Karl always knows how to make you laugh, doesn't",,630,400
563,"So Rose is the person everyone trusts, isn't","So Raymond is the person everyone trusts, isn't",,630,400
564,"So Scott respects other people's opinions, doesn't","So Princess respects other people's opinions, doesn't",,400,630
565,"So Diamond shows up to all your events, doesn't","So Peter shows up to all your events, doesn't",,630,400
566,"So Stephen gives the best book recommendations, doesn't","So Barbara gives the best book recommendations, doesn't",,400,630
567,"So Laura is always respectful to everyone, isn't","So Noah is always respectful to everyone, isn't",,630,400
568,"So Sarah shares their lunch when you forget yours, doesn't","So Patrick shares their lunch when you forget yours, doesn't",,630,400
569,"So Joy makes the best homemade cookies, doesn't","So Roman makes the best homemade cookies, doesn't",,630,400
570,"So Ryan keeps secrets well, doesn't","So Marian keeps secrets well, doesn't",,400,630
571,"So Ian is great at giving advice, isn't","So Baby is great at giving advice, isn't",,400,630
572,"So Taylor offers a ride home when it's raining, doesn't","So Mitchell offers a ride home when it's raining, doesn't",,630,400
573,"So Edward offers a ride home when it's raining, doesn't","So Sara offers a ride home when it's raining, doesn't",,400,630
574,"So George is always up for an adventure, isn't","So Molly is always up for an adventure, isn't",,400,630
575,"So Jessica always knows how to make you laugh, doesn't","So Fred always knows how to make you laugh, doesn't",,630,400
576,"So Morgan is always learning something new, isn't","So Lloyd is always learning something new, isn't",,630,400
577,"So Robin keeps secrets well, doesn't","So Brian keeps secrets well, doesn't",,630,400
578,"So Brook always texts back promptly, doesn't","So Nathan always texts back promptly, doesn't",,630,400
579,"So Ryan often volunteers for charity work, doesn't","So Clinton often volunteers for charity work, doesn't",,630,400
580,"So Justice is always there to lend an ear, isn't","So Kevin is always there to lend an ear, isn't",,630,400
581,"So Paris shares their lunch when you forget yours, doesn't","So Will shares their lunch when you forget yours, doesn't",,630,400
582,"So Reilly is always there to lend an ear, isn't","So Emerson is always there to lend an ear, isn't",,630,400
583,"So Laura often volunteers for charity work, doesn't","So Cruz often volunteers for charity work, doesn't",,630,400
584,"So Jonathan makes the best homemade cookies, doesn't","So Tyler makes the best homemade cookies, doesn't",,400,630
585,"So Laura is great at giving advice, isn't","So Oliver is great at giving advice, isn't",,630,400
586,"So Paul always texts back promptly, doesn't","So Diamond always texts back promptly, doesn't",,400,630
587,"So Taylor is passionate about their hobbies, isn't","So Frank is passionate about their hobbies, isn't",,630,400
588,"So Virginia is the first to congratulate you, isn't","So Eddie is the first to congratulate you, isn't",,630,400
589,"So London shows up to all your events, doesn't","So Henry shows up to all your events, doesn't",,630,400
590,"So Eva is always up for an adventure, isn't","So Owen is always up for an adventure, isn't",,630,400
591,"So Alan is passionate about their hobbies, isn't","So Gabriel is passionate about their hobbies, isn't",,400,630
592,"So Jane is always learning something new, isn't","So Turner is always learning something new, isn't",,630,400
593,"So Michael shares their lunch when you forget yours, doesn't","So Asia shares their lunch when you forget yours, doesn't",,400,630
594,"So Cole brings coffee when you're working late, doesn't","So Jordan brings coffee when you're working late, doesn't",,400,630
595,"So Blake stays calm under pressure, doesn't","So Charlotte stays calm under pressure, doesn't",,400,630
596,"So Brook shows up to all your events, doesn't","So River shows up to all your events, doesn't",,630,400
597,"So Dallas makes the best homemade cookies, doesn't","So Daniel makes the best homemade cookies, doesn't",,630,400
598,"So Steven always remembers birthdays, doesn't","So Sierra always remembers birthdays, doesn't",,400,630
599,"So Angel always texts back promptly, doesn't","So Roger always texts back promptly, doesn't",,630,400
600,"So George is never too busy to help out, is","So Dakota is never too busy to help out, is",,400,630
601,"So Daniel stands up for their friends, doesn't","So Frances stands up for their friends, doesn't",,400,630
602,"So Madison is always there to lend an ear, isn't","So Kent is always there to lend an ear, isn't",,630,400
603,"So Crystal respects other people's opinions, doesn't","So Isaiah respects other people's opinions, doesn't",,630,400
604,"So Henry shares their lunch when you forget yours, doesn't","So Karen shares their lunch when you forget yours, doesn't",,400,630
605,"So Daniel offers a ride home when it's raining, doesn't","So Helen offers a ride home when it's raining, doesn't",,400,630
606,"So David knows how to listen without judging, doesn't","So Christian knows how to listen without judging, doesn't",,400,630
607,"So Anthony keeps secrets well, doesn't","So Robin keeps secrets well, doesn't",,400,630
608,"So Adam always knows how to make you laugh, doesn't","So Sally always knows how to make you laugh, doesn't",,400,630
609,"So Kate brings coffee when you're working late, doesn't","So Samuel brings coffee when you're working late, doesn't",,630,400
610,"So Jennifer can always be counted on in a crisis, can't","So Isaac can always be counted on in a crisis, can't",,630,400
611,"So Jordan offers a ride home when it's raining, doesn't","So Martin offers a ride home when it's raining, doesn't",,630,400
612,"So Aaron always texts back promptly, doesn't","So Parker always texts back promptly, doesn't",,400,630
613,"So Kelly is great at giving advice, isn't","So Abraham is great at giving advice, isn't",,630,400
614,"So Jacob is the person everyone trusts, isn't","So Eve is the person everyone trusts, isn't",,400,630
615,"So Anna is great at giving advice, isn't","So Andre is great at giving advice, isn't",,630,400
616,"So Aaron shows up to all your events, doesn't","So Reagan shows up to all your events, doesn't",,400,630
617,"So Jake takes care of their health, doesn't","So Frances takes care of their health, doesn't",,400,630
618,"So Andrew brings coffee when you're working late, doesn't","So Annie brings coffee when you're working late, doesn't",,400,630
619,"So Taylor knows how to listen without judging, doesn't","So Fred knows how to listen without judging, doesn't",,630,400
620,"So Kyle always knows how to make you laugh, doesn't","So Dakota always knows how to make you laugh, doesn't",,400,630
621,"So Rose is the first to congratulate you, isn't","So Stone is the first to congratulate you, isn't",,630,400
622,"So Hillary is always there to lend an ear, isn't","So Paris is always there to lend an ear, isn't",,630,400
623,"So Morgan stays calm under pressure, doesn't","So Peter stays calm under pressure, doesn't",,630,400
624,"So Kate is always up for an adventure, isn't","So Bo is always up for an adventure, isn't",,630,400
625,"So Sky keeps secrets well, doesn't","So Fernando keeps secrets well, doesn't",,630,400
626,"So Kevin is never too busy to help out, is","So Anne is never too busy to help out, is",,400,630
627,"So Robin can always be counted on in a crisis, can't","So Sebastian can always be counted on in a crisis, can't",,630,400
628,"So Eva always remembers birthdays, doesn't","So Kirk always remembers birthdays, doesn't",,630,400
629,"So London is always up for an adventure, isn't","So Joel is always up for an adventure, isn't",,630,400
630,"So Chelsea shows up to all your events, doesn't","So Mike shows up to all your events, doesn't",,630,400
631,"So Andrew is always respectful to everyone, isn't","So Michelle is always respectful to everyone, isn't",,400,630
632,"So Jake is always up for an adventure, isn't","So Nancy is always up for an adventure, isn't",,400,630
633,"So Ann keeps secrets well, doesn't","So Steven keeps secrets well, doesn't",,630,400
634,"So Steven gives the best book recommendations, doesn't","So Ruth gives the best book recommendations, doesn't",,400,630
635,"So Diamond is the first to congratulate you, isn't","So Nicholas is the first to congratulate you, isn't",,630,400
636,"So Anna makes the best homemade cookies, doesn't","So Karl makes the best homemade cookies, doesn't",,630,400
637,"So Alex is great with kids, isn't","So Raymond is great with kids, isn't",,630,400
638,"So Kate is great at giving advice, isn't","So Stuart is great at giving advice, isn't",,630,400
639,"So Anne is always encouraging, isn't","So Jason is always encouraging, isn't",,630,400
640,"So Paul is passionate about their hobbies, isn't","So Jesse is passionate about their hobbies, isn't",,400,630
641,"So Georgia always texts back promptly, doesn't","So Leonard always texts back promptly, doesn't",,630,400
642,"So Chelsea always knows how to make you laugh, doesn't","So Nick always knows how to make you laugh, doesn't",,630,400
643,"So Angel always remembers birthdays, doesn't","So Denver always remembers birthdays, doesn't",,630,400
644,"So Richard takes care of their health, doesn't","So Rebecca takes care of their health, doesn't",,400,630
645,"So Victoria is always learning something new, isn't","So Tyler is always learning something new, isn't",,630,400
646,"So Daniel takes care of their health, doesn't","So Annie takes care of their health, doesn't",,400,630
647,"So Georgia offers a ride home when it's raining, doesn't","So Muhammad offers a ride home when it's raining, doesn't",,630,400
648,"So Ian often volunteers for charity work, doesn't","So Barbara often volunteers for charity work, doesn't",,400,630
649,"So Michelle remembers all the little details, doesn't","So Gregory remembers all the little details, doesn't",,630,400
650,"So America remembers all the little details, doesn't","So Larry remembers all the little details, doesn't",,630,400
651,"So Taylor always knows how to make you laugh, doesn't","So Ruth always knows how to make you laugh, doesn't",,400,630
652,"So Connor remembers all the little details, doesn't","So Bella remembers all the little details, doesn't",,400,630
653,"So Diamond is always encouraging, isn't","So Howard is always encouraging, isn't",,630,400
654,"So Mary remembers all the little details, doesn't","So Houston remembers all the little details, doesn't",,630,400
655,"So Tyler gives the best book recommendations, doesn't","So Tyler gives the best book recommendations, doesn't",,400,630
656,"So Ali stands up for their friends, doesn't","So Warren stands up for their friends, doesn't",,630,400
657,"So Laura is the person everyone trusts, isn't","So Spencer is the person everyone trusts, isn't",,630,400
658,"So Connor always texts back promptly, doesn't","So Stacy always texts back promptly, doesn't",,400,630
659,"So Marcus stays calm under pressure, doesn't","So Rosa stays calm under pressure, doesn't",,400,630
660,"So America stands up for their friends, doesn't","So Ari stands up for their friends, doesn't",,630,400
661,"So Joseph is the first to congratulate you, isn't","So Kate is the first to congratulate you, isn't",,400,630
662,"So Kevin stands up for their friends, doesn't","So Carol stands up for their friends, doesn't",,400,630
663,"So Crystal is never too busy to help out, is","So Allan is never too busy to help out, is",,630,400
664,"So Alexander is always up for an adventure, isn't","So Haven is always up for an adventure, isn't",,400,630
665,"So Justice is always respectful to everyone, isn't","So Josh is always respectful to everyone, isn't",,630,400
666,"So Richard always knows how to make you laugh, doesn't","So Jesse always knows how to make you laugh, doesn't",,400,630
667,"So Richard keeps secrets well, doesn't","So Eve keeps secrets well, doesn't",,400,630
668,"So Paul brings coffee when you're working late, doesn't","So Marian brings coffee when you're working late, doesn't",,400,630
669,"So Elizabeth takes care of their health, doesn't","So Don takes care of their health, doesn't",,630,400
670,"So Alex brings coffee when you're working late, doesn't","So Sean brings coffee when you're working late, doesn't",,630,400
671,"So Grant always knows how to make you laugh, doesn't","So Ana always knows how to make you laugh, doesn't",,400,630
672,"So Kelly always texts back promptly, doesn't","So Wilson always texts back promptly, doesn't",,630,400
673,"So Joseph respects other people's opinions, doesn't","So Sydney respects other people's opinions, doesn't",,400,630
674,"So Hunter makes the best homemade cookies, doesn't","So Carlos makes the best homemade cookies, doesn't",,630,400
675,"So Brandon always plans the best surprises, doesn't","So Vanessa always plans the best surprises, doesn't",,400,630
676,"So April shares their lunch when you forget yours, doesn't","So Cole shares their lunch when you forget yours, doesn't",,630,400
677,"So Susan always remembers birthdays, doesn't","So Thomas always remembers birthdays, doesn't",,630,400
678,"So Jason often volunteers for charity work, doesn't","So Eva often volunteers for charity work, doesn't",,400,630
679,"So Laura is always there to lend an ear, isn't","So Francisco is always there to lend an ear, isn't",,630,400
680,"So Unique stays calm under pressure, doesn't","So Xander stays calm under pressure, doesn't",,630,400
681,"So Sky stands up for their friends, doesn't","So Billy stands up for their friends, doesn't",,630,400
682,"So Victoria stands up for their friends, doesn't","So Lucas stands up for their friends, doesn't",,630,400
683,"So Michelle is passionate about their hobbies, isn't","So London is passionate about their hobbies, isn't",,630,400
684,"So Marcus is never too busy to help out, is","So Justice is never too busy to help out, is",,400,630
685,"So Charles makes the best homemade cookies, doesn't","So Baby makes the best homemade cookies, doesn't",,400,630
686,"So Rachel always plans the best surprises, doesn't","So Thomas always plans the best surprises, doesn't",,630,400
687,"So Jamie often volunteers for charity work, doesn't","So Anthony often volunteers for charity work, doesn't",,630,400
688,"So Connor is never too busy to help out, is","So Genesis is never too busy to help out, is",,400,630
689,"So William is the first to congratulate you, isn't","So Jordan is the first to congratulate you, isn't",,400,630
690,"So Ian stays calm under pressure, doesn't","So Mary stays calm under pressure, doesn't",,400,630
691,"So Angel often volunteers for charity work, doesn't","So Charlie often volunteers for charity work, doesn't",,630,400
692,"So Reilly is never too busy to help out, is","So Jace is never too busy to help out, is",,630,400
693,"So Rachel knows how to listen without judging, doesn't","So Diego knows how to listen without judging, doesn't",,630,400
694,"So America is always encouraging, isn't","So Barry is always encouraging, isn't",,630,400
695,"So Ali is always encouraging, isn't","So Seth is always encouraging, isn't",,630,400
696,"So Steven is always encouraging, isn't","So Dallas is always encouraging, isn't",,400,630
697,"So Blake gives the best book recommendations, doesn't","So Kenya gives the best book recommendations, doesn't",,400,630
698,"So Eva is always respectful to everyone, isn't","So Luis is always respectful to everyone, isn't",,630,400
699,"So Ann always plans the best surprises, doesn't","So Fred always plans the best surprises, doesn't",,630,400
700,"So Victoria is always there to lend an ear, isn't","So Chris is always there to lend an ear, isn't",,630,400
701,"So Joseph shows up to all your events, doesn't","So America shows up to all your events, doesn't",,400,630
702,"So Georgia stays calm under pressure, doesn't","So Walker stays calm under pressure, doesn't",,630,400
703,"So Morgan is the person everyone trusts, isn't","So Ivan is the person everyone trusts, isn't",,630,400
704,"So Victoria respects other people's opinions, doesn't","So Walter respects other people's opinions, doesn't",,630,400
705,"So Marie always remembers birthdays, doesn't","So Walter always remembers birthdays, doesn't",,630,400
706,"So Ryan can always be counted on in a crisis, can't","So Stefan can always be counted on in a crisis, can't",,630,400
707,"So Kyle always texts back promptly, doesn't","So Ruth always texts back promptly, doesn't",,400,630
708,"So Kyle knows how to listen without judging, doesn't","So Catherine knows how to listen without judging, doesn't",,400,630
709,"So Alexander always remembers birthdays, doesn't","So Sierra always remembers birthdays, doesn't",,400,630
710,"So Kate remembers all the little details, doesn't","So Gary remembers all the little details, doesn't",,630,400
711,"So Christian is great with kids, isn't","So Maria is great with kids, isn't",,400,630
712,"So Alan always plans the best surprises, doesn't","So April always plans the best surprises, doesn't",,400,630
713,"So Jackson keeps secrets well, doesn't","So Heaven keeps secrets well, doesn't",,400,630
714,"So Michelle can always be counted on in a crisis, can't","So Jeff can always be counted on in a crisis, can't",,630,400
715,"So Chelsea stays calm under pressure, doesn't","So Pedro stays calm under pressure, doesn't",,630,400
716,"So Ryan offers a ride home when it's raining, doesn't","So Christian offers a ride home when it's raining, doesn't",,400,630
717,"So Kelly is never too busy to help out, is","So Arnold is never too busy to help out, is",,630,400
718,"So Brook always remembers birthdays, doesn't","So Fernando always remembers birthdays, doesn't",,630,400
719,"So Charles is never too busy to help out, is","So Emma is never too busy to help out, is",,400,630
720,"So Eva offers a ride home when it's raining, doesn't","So Giovanni offers a ride home when it's raining, doesn't",,630,400
721,"So Paris is always encouraging, isn't","So Bruno is always encouraging, isn't",,630,400
722,"So Joshua is always there to lend an ear, isn't","So Gabriel is always there to lend an ear, isn't",,400,630
723,"So Elizabeth offers a ride home when it's raining, doesn't","So Paris offers a ride home when it's raining, doesn't",,630,400
724,"So Kate is always learning something new, isn't","So Hunter is always learning something new, isn't",,630,400
725,"So Steven is always respectful to everyone, isn't","So Jordan is always respectful to everyone, isn't",,400,630
726,"So Unique often volunteers for charity work, doesn't","So Javier often volunteers for charity work, doesn't",,630,400
727,"So Kevin brings coffee when you're working late, doesn't","So Taylor brings coffee when you're working late, doesn't",,400,630
728,"So Raven makes the best homemade cookies, doesn't","So Rodrigo makes the best homemade cookies, doesn't",,630,400
729,"So Mary is always encouraging, isn't","So Clinton is always encouraging, isn't",,630,400
730,"So Hunter is always there to lend an ear, isn't","So Brad is always there to lend an ear, isn't",,630,400
731,"So Taylor is great at giving advice, isn't","So Emma is great at giving advice, isn't",,400,630
732,"So Daniel remembers all the little details, doesn't","So Justice remembers all the little details, doesn't",,400,630
733,"So Christopher always remembers birthdays, doesn't","So Alice always remembers birthdays, doesn't",,400,630
734,"So Maria remembers all the little details, doesn't","So James remembers all the little details, doesn't",,630,400
735,"So Cole is the person everyone trusts, isn't","So Eva is the person everyone trusts, isn't",,400,630
736,"So Jamie always texts back promptly, doesn't","So Bennett always texts back promptly, doesn't",,630,400
737,"So Grant keeps secrets well, doesn't","So Margaret keeps secrets well, doesn't",,400,630
738,"So Jason remembers all the little details, doesn't","So Karen remembers all the little details, doesn't",,400,630
739,"So Eva gives the best book recommendations, doesn't","So Andre gives the best book recommendations, doesn't",,630,400
740,"So Stephen is always learning something new, isn't","So Catherine is always learning something new, isn't",,400,630
741,"So Andrew always plans the best surprises, doesn't","So Tyler always plans the best surprises, doesn't",,400,630
742,"So Luke takes care of their health, doesn't","So America takes care of their health, doesn't",,400,630
743,"So Christian is always respectful to everyone, isn't","So Loren is always respectful to everyone, isn't",,400,630
744,"So Amy is great at giving advice, isn't","So Kirk is great at giving advice, isn't",,630,400
745,"So Jason brings coffee when you're working late, doesn't","So Molly brings coffee when you're working late, doesn't",,400,630
746,"So Paul knows how to listen without judging, doesn't","So Tyler knows how to listen without judging, doesn't",,400,630
747,"So Justin is always there to lend an ear, isn't","So Taylor is always there to lend an ear, isn't",,400,630
748,"So Ann is always up for an adventure, isn't","So Donald is always up for an adventure, isn't",,630,400
749,"So Jane is passionate about their hobbies, isn't","So Hugh is passionate about their hobbies, isn't",,630,400
750,"So Jeremy stays calm under pressure, doesn't","So Ryan stays calm under pressure, doesn't",,400,630
751,"So Jamie knows how to listen without judging, doesn't","So Juan knows how to listen without judging, doesn't",,630,400
752,"So Maria is the first to congratulate you, isn't","So Chase is the first to congratulate you, isn't",,630,400
753,"So Elizabeth is the person everyone trusts, isn't","So Anton is the person everyone trusts, isn't",,630,400
754,"So Elsa often volunteers for charity work, doesn't","So Tucker often volunteers for charity work, doesn't",,630,400
755,"So Christian stays calm under pressure, doesn't","So Anthony stays calm under pressure, doesn't",,630,400
756,"So Alan remembers all the little details, doesn't","So Angela remembers all the little details, doesn't",,400,630
757,"So Jane is always there to lend an ear, isn't","So Hugo is always there to lend an ear, isn't",,630,400
758,"So Hillary shares their lunch when you forget yours, doesn't","So Sebastian shares their lunch when you forget yours, doesn't",,630,400
759,"So Ryan respects other people's opinions, doesn't","So Franklin respects other people's opinions, doesn't",,630,400
760,"So Jacob keeps secrets well, doesn't","So Sky keeps secrets well, doesn't",,400,630
761,"So James stays calm under pressure, doesn't","So Nicole stays calm under pressure, doesn't",,400,630
762,"So Brandon is always respectful to everyone, isn't","So Katy is always respectful to everyone, isn't",,400,630
763,"So Kelly can always be counted on in a crisis, can't","So Billy can always be counted on in a crisis, can't",,630,400
764,"So Mark always texts back promptly, doesn't","So Laura always texts back promptly, doesn't",,400,630
765,"So Ryan always plans the best surprises, doesn't","So Gary always plans the best surprises, doesn't",,630,400
766,"So Christopher always knows how to make you laugh, doesn't","So Margaret always knows how to make you laugh, doesn't",,400,630
767,"So Mark shares their lunch when you forget yours, doesn't","So Isabel shares their lunch when you forget yours, doesn't",,400,630
768,"So Eva is the first to congratulate you, isn't","So Nicholas is the first to congratulate you, isn't",,630,400
769,"So America keeps secrets well, doesn't","So Herbert keeps secrets well, doesn't",,630,400
770,"So David gives the best book recommendations, doesn't","So Amy gives the best book recommendations, doesn't",,400,630
771,"So India remembers all the little details, doesn't","So Taylor remembers all the little details, doesn't",,630,400
772,"So Diamond remembers all the little details, doesn't","So Jesse remembers all the little details, doesn't",,630,400
773,"So Jonathan is the first to congratulate you, isn't","So Diana is the first to congratulate you, isn't",,400,630
774,"So Patrick stays calm under pressure, doesn't","So Molly stays calm under pressure, doesn't",,400,630
775,"So London gives the best book recommendations, doesn't","So River gives the best book recommendations, doesn't",,630,400
776,"So Joshua always knows how to make you laugh, doesn't","So India always knows how to make you laugh, doesn't",,400,630
777,"So Joshua often volunteers for charity work, doesn't","So Rose often volunteers for charity work, doesn't",,400,630
778,"So Justice stands up for their friends, doesn't","So Julian stands up for their friends, doesn't",,630,400
779,"So Alice is great at giving advice, isn't","So Lewis is great at giving advice, isn't",,630,400
780,"So Andrew always knows how to make you laugh, doesn't","So Caroline always knows how to make you laugh, doesn't",,400,630
781,"So Adam makes the best homemade cookies, doesn't","So Angela makes the best homemade cookies, doesn't",,400,630
782,"So Jessica is great with kids, isn't","So Bruno is great with kids, isn't",,630,400
783,"So Justice remembers all the little details, doesn't","So Gordon remembers all the little details, doesn't",,630,400
784,"So Elizabeth is always up for an adventure, isn't","So Leonard is always up for an adventure, isn't",,630,400
785,"So Charles can always be counted on in a crisis, can't","So Cameron can always be counted on in a crisis, can't",,400,630
786,"So Jesus brings coffee when you're working late, doesn't","So Margaret brings coffee when you're working late, doesn't",,400,630
787,"So Jordan brings coffee when you're working late, doesn't","So Francisco brings coffee when you're working late, doesn't",,630,400
788,"So Hunter keeps secrets well, doesn't","So Andrew keeps secrets well, doesn't",,630,400
789,"So Hillary remembers all the little details, doesn't","So Justice remembers all the little details, doesn't",,630,400
790,"So James can always be counted on in a crisis, can't","So Baby can always be counted on in a crisis, can't",,400,630
791,"So London stays calm under pressure, doesn't","So Earl stays calm under pressure, doesn't",,630,400
792,"So Elsa always texts back promptly, doesn't","So Donovan always texts back promptly, doesn't",,630,400
793,"So Jamie makes the best homemade cookies, doesn't","So Lawrence makes the best homemade cookies, doesn't",,630,400
794,"So Alice can always be counted on in a crisis, can't","So Marco can always be counted on in a crisis, can't",,630,400
795,"So Thomas shows up to all your events, doesn't","So Rose shows up to all your events, doesn't",,400,630
796,"So India keeps secrets well, doesn't","So Earl keeps secrets well, doesn't",,630,400
797,"So Taylor remembers all the little details, doesn't","So Sandy remembers all the little details, doesn't",,400,630
798,"So Sean is always learning something new, isn't","So Georgia is always learning something new, isn't",,400,630
799,"So Justin is always encouraging, isn't","So Marie is always encouraging, isn't",,400,630
800,"So Dallas always plans the best surprises, doesn't","So Ben always plans the best surprises, doesn't",,630,400
801,"So Taylor shares their lunch when you forget yours, doesn't","So Herbert shares their lunch when you forget yours, doesn't",,630,400
802,"So Marie always plans the best surprises, doesn't","So Reed always plans the best surprises, doesn't",,630,400
803,"So Tyler is great at giving advice, isn't","So Cole is great at giving advice, isn't",,630,400
804,"So Baby is the person everyone trusts, isn't","So Quinn is the person everyone trusts, isn't",,630,400
805,"So Georgia is the person everyone trusts, isn't","So Ty is the person everyone trusts, isn't",,630,400
806,"So Maria often volunteers for charity work, doesn't","So Scott often volunteers for charity work, doesn't",,630,400
807,"So Madison is always encouraging, isn't","So Ross is always encouraging, isn't",,630,400
808,"So Emily makes the best homemade cookies, doesn't","So Jackie makes the best homemade cookies, doesn't",,630,400
809,"So Jeremy is passionate about their hobbies, isn't","So Carol is passionate about their hobbies, isn't",,400,630
810,"So Elsa stands up for their friends, doesn't","So Freddy stands up for their friends, doesn't",,630,400
811,"So Eva always texts back promptly, doesn't","So Norman always texts back promptly, doesn't",,630,400
812,"So Angel is always up for an adventure, isn't","So Jean is always up for an adventure, isn't",,630,400
813,"So Chelsea is always respectful to everyone, isn't","So Jack is always respectful to everyone, isn't",,630,400
814,"So Mary takes care of their health, doesn't","So Norman takes care of their health, doesn't",,630,400
815,"So Justin knows how to listen without judging, doesn't","So Lauren knows how to listen without judging, doesn't",,400,630
816,"So Scott always plans the best surprises, doesn't","So Frances always plans the best surprises, doesn't",,400,630
817,"So Angel takes care of their health, doesn't","So Sally takes care of their health, doesn't",,400,630
818,"So Andrew is great with kids, isn't","So Jamie is great with kids, isn't",,400,630
819,"So Brook often volunteers for charity work, doesn't","So Jon often volunteers for charity work, doesn't",,630,400
820,"So Brian keeps secrets well, doesn't","So Jennifer keeps secrets well, doesn't",,400,630
821,"So Christian knows how to listen without judging, doesn't","So Neil knows how to listen without judging, doesn't",,630,400
822,"So Ian keeps secrets well, doesn't","So Angel keeps secrets well, doesn't",,400,630
823,"So James gives the best book recommendations, doesn't","So Hope gives the best book recommendations, doesn't",,400,630
824,"So Richard often volunteers for charity work, doesn't","So Linda often volunteers for charity work, doesn't",,400,630
825,"So London is never too busy to help out, is","So Reed is never too busy to help out, is",,630,400
826,"So Ryan often volunteers for charity work, doesn't","So America often volunteers for charity work, doesn't",,400,630
827,"So Andrew always remembers birthdays, doesn't","So Mary always remembers birthdays, doesn't",,400,630
828,"So Unique is always encouraging, isn't","So Dominic is always encouraging, isn't",,630,400
829,"So Sky is great at giving advice, isn't","So Dylan is great at giving advice, isn't",,630,400
830,"So Anne is always learning something new, isn't","So Howard is always learning something new, isn't",,630,400
831,"So Mary is the first to congratulate you, isn't","So Joel is the first to congratulate you, isn't",,630,400
832,"So Andrew is always there to lend an ear, isn't","So Holly is always there to lend an ear, isn't",,400,630
833,"So Mary shows up to all your events, doesn't","So Bernard shows up to all your events, doesn't",,630,400
834,"So Susan is great at giving advice, isn't","So Junior is great at giving advice, isn't",,630,400
835,"So Edward is always up for an adventure, isn't","So Sarah is always up for an adventure, isn't",,400,630
836,"So Kyle always plans the best surprises, doesn't","So Reagan always plans the best surprises, doesn't",,400,630
837,"So Adam remembers all the little details, doesn't","So Amy remembers all the little details, doesn't",,400,630
838,"So Michael is passionate about their hobbies, isn't","So Georgia is passionate about their hobbies, isn't",,400,630
839,"So David takes care of their health, doesn't","So Hunter takes care of their health, doesn't",,400,630
840,"So Richard is always respectful to everyone, isn't","So Linda is always respectful to everyone, isn't",,400,630
841,"So Raven can always be counted on in a crisis, can't","So Axel can always be counted on in a crisis, can't",,630,400
842,"So Blake is always there to lend an ear, isn't","So Brooklyn is always there to lend an ear, isn't",,400,630
843,"So Chelsea can always be counted on in a crisis, can't","So Vincent can always be counted on in a crisis, can't",,630,400
844,"So Anthony always plans the best surprises, doesn't","So Summer always plans the best surprises, doesn't",,400,630
845,"So Baby always remembers birthdays, doesn't","So Trace always remembers birthdays, doesn't",,630,400
846,"So Alice takes care of their health, doesn't","So Jamie takes care of their health, doesn't",,630,400
847,"So Ruby is always up for an adventure, isn't","So Lane is always up for an adventure, isn't",,630,400
848,"So Raven gives the best book recommendations, doesn't","So Evan gives the best book recommendations, doesn't",,630,400
849,"So Jordan always plans the best surprises, doesn't","So Taylor always plans the best surprises, doesn't",,400,630
850,"So Kelly takes care of their health, doesn't","So Steve takes care of their health, doesn't",,630,400
851,"So Angel is passionate about their hobbies, isn't","So Alfred is passionate about their hobbies, isn't",,630,400
852,"So Jose stands up for their friends, doesn't","So Laura stands up for their friends, doesn't",,400,630
853,"So Angel respects other people's opinions, doesn't","So Amanda respects other people's opinions, doesn't",,400,630
854,"So Unique can always be counted on in a crisis, can't","So Zion can always be counted on in a crisis, can't",,630,400
855,"So London knows how to listen without judging, doesn't","So Lane knows how to listen without judging, doesn't",,630,400
856,"So Justin always knows how to make you laugh, doesn't","So Kenya always knows how to make you laugh, doesn't",,400,630
857,"So Sean offers a ride home when it's raining, doesn't","So Baby offers a ride home when it's raining, doesn't",,400,630
858,"So Lisa shows up to all your events, doesn't","So Dean shows up to all your events, doesn't",,630,400
859,"So Rachel brings coffee when you're working late, doesn't","So Brian brings coffee when you're working late, doesn't",,630,400
860,"So Brian offers a ride home when it's raining, doesn't","So Amy offers a ride home when it's raining, doesn't",,400,630
861,"So Robert makes the best homemade cookies, doesn't","So Quinn makes the best homemade cookies, doesn't",,400,630
862,"So Adam often volunteers for charity work, doesn't","So Linda often volunteers for charity work, doesn't",,400,630
863,"So Taylor always plans the best surprises, doesn't","So Jan always plans the best surprises, doesn't",,630,400
864,"So Sarah makes the best homemade cookies, doesn't","So Ralph makes the best homemade cookies, doesn't",,630,400
865,"So Christian knows how to listen without judging, doesn't","So Kennedy knows how to listen without judging, doesn't",,400,630
866,"So Michael remembers all the little details, doesn't","So Alice remembers all the little details, doesn't",,400,630
867,"So Aaron often volunteers for charity work, doesn't","So Carol often volunteers for charity work, doesn't",,400,630
868,"So Georgia is always up for an adventure, isn't","So Taylor is always up for an adventure, isn't",,630,400
869,"So Elsa brings coffee when you're working late, doesn't","So Jasper brings coffee when you're working late, doesn't",,630,400
870,"So Angel is never too busy to help out, is","So Billy is never too busy to help out, is",,630,400
871,"So Henry is never too busy to help out, is","So Sandy is never too busy to help out, is",,400,630
872,"So Diamond is great at giving advice, isn't","So Carlo is great at giving advice, isn't",,630,400
873,"So Madison takes care of their health, doesn't","So Jake takes care of their health, doesn't",,630,400
874,"So Baby takes care of their health, doesn't","So Earl takes care of their health, doesn't",,630,400
875,"So Paul is always respectful to everyone, isn't","So Madison is always respectful to everyone, isn't",,400,630
876,"So Thomas gives the best book recommendations, doesn't","So Molly gives the best book recommendations, doesn't",,400,630
877,"So Angel is always encouraging, isn't","So Marcel is always encouraging, isn't",,630,400
878,"So Virginia takes care of their health, doesn't","So Richard takes care of their health, doesn't",,630,400
879,"So Connor is the first to congratulate you, isn't","So Montana is the first to congratulate you, isn't",,400,630
880,"So Kevin is always encouraging, isn't","So Emma is always encouraging, isn't",,400,630
881,"So Baby shows up to all your events, doesn't","So Reagan shows up to all your events, doesn't",,630,400
882,"So Robert knows how to listen without judging, doesn't","So Diamond knows how to listen without judging, doesn't",,400,630
883,"So Taylor is the first to congratulate you, isn't","So Emily is the first to congratulate you, isn't",,400,630
884,"So Rose is always there to lend an ear, isn't","So Taylor is always there to lend an ear, isn't",,630,400
885,"So Asia offers a ride home when it's raining, doesn't","So Jake offers a ride home when it's raining, doesn't",,630,400
886,"So Jackson is great with kids, isn't","So Isabel is great with kids, isn't",,400,630
887,"So Angel can always be counted on in a crisis, can't","So Hannah can always be counted on in a crisis, can't",,400,630
888,"So James takes care of their health, doesn't","So Nina takes care of their health, doesn't",,400,630
889,"So Emily keeps secrets well, doesn't","So Blake keeps secrets well, doesn't",,630,400
890,"So Christian is the first to congratulate you, isn't","So Ana is the first to congratulate you, isn't",,400,630
891,"So Jesus is always learning something new, isn't","So Taylor is always learning something new, isn't",,400,630
892,"So Jeremy can always be counted on in a crisis, can't","So Elizabeth can always be counted on in a crisis, can't",,400,630
893,"So Emily shares their lunch when you forget yours, doesn't","So Jan shares their lunch when you forget yours, doesn't",,630,400
894,"So Asia stands up for their friends, doesn't","So Lincoln stands up for their friends, doesn't",,630,400
895,"So Taylor makes the best homemade cookies, doesn't","So Taylor makes the best homemade cookies, doesn't",,630,400
896,"So Jessica knows how to listen without judging, doesn't","So Johnny knows how to listen without judging, doesn't",,630,400
897,"So Tyler shares their lunch when you forget yours, doesn't","So Felix shares their lunch when you forget yours, doesn't",,630,400
898,"So April is the person everyone trusts, isn't","So Tommy is the person everyone trusts, isn't",,630,400
899,"So Michelle respects other people's opinions, doesn't","So Cole respects other people's opinions, doesn't",,630,400
900,"So David always knows how to make you laugh, doesn't","So Christian always knows how to make you laugh, doesn't",,400,630
901,"So Christopher is never too busy to help out, is","So Elizabeth is never too busy to help out, is",,400,630
902,"So Daniel always texts back promptly, doesn't","So Nina always texts back promptly, doesn't",,400,630
903,"So Connor is always there to lend an ear, isn't","So Jewel is always there to lend an ear, isn't",,400,630
904,"So Lisa is always up for an adventure, isn't","So Julian is always up for an adventure, isn't",,630,400
905,"So Alexander always texts back promptly, doesn't","So Parker always texts back promptly, doesn't",,400,630
906,"So Jason takes care of their health, doesn't","So Hunter takes care of their health, doesn't",,400,630
907,"So Anthony is always respectful to everyone, isn't","So Princess is always respectful to everyone, isn't",,400,630
908,"So Maria stays calm under pressure, doesn't","So Clay stays calm under pressure, doesn't",,630,400
909,"So Amy can always be counted on in a crisis, can't","So Ryan can always be counted on in a crisis, can't",,630,400
910,"So Alan is always up for an adventure, isn't","So Ana is always up for an adventure, isn't",,400,630
911,"So Connor shows up to all your events, doesn't","So Essence shows up to all your events, doesn't",,400,630
912,"So Jack is great at giving advice, isn't","So Brooklyn is great at giving advice, isn't",,400,630
913,"So Peter always remembers birthdays, doesn't","So Gabriel always remembers birthdays, doesn't",,400,630
914,"So Lisa takes care of their health, doesn't","So Bryan takes care of their health, doesn't",,630,400
915,"So Sarah is passionate about their hobbies, isn't","So Jackie is passionate about their hobbies, isn't",,630,400
916,"So Scott is great with kids, isn't","So Eva is great with kids, isn't",,400,630
917,"So Kate is never too busy to help out, is","So Ernest is never too busy to help out, is",,630,400
918,"So Georgia takes care of their health, doesn't","So Ross takes care of their health, doesn't",,630,400
919,"So Paul takes care of their health, doesn't","So Carol takes care of their health, doesn't",,400,630
920,"So Jordan respects other people's opinions, doesn't","So Bernard respects other people's opinions, doesn't",,630,400
921,"So Taylor stands up for their friends, doesn't","So Trace stands up for their friends, doesn't",,630,400
922,"So Christian always plans the best surprises, doesn't","So Mercedes always plans the best surprises, doesn't",,400,630
923,"So Chelsea knows how to listen without judging, doesn't","So Miguel knows how to listen without judging, doesn't",,630,400
924,"So Robin always plans the best surprises, doesn't","So Sebastian always plans the best surprises, doesn't",,630,400
925,"So Paris is the first to congratulate you, isn't","So Frank is the first to congratulate you, isn't",,630,400
926,"So Daniel gives the best book recommendations, doesn't","So London gives the best book recommendations, doesn't",,400,630
927,"So Jason is always respectful to everyone, isn't","So Sophie is always respectful to everyone, isn't",,400,630
928,"So Jackson stands up for their friends, doesn't","So Gabriel stands up for their friends, doesn't",,400,630
929,"So Eva is great at giving advice, isn't","So Patrick is great at giving advice, isn't",,630,400
930,"So Taylor brings coffee when you're working late, doesn't","So Logan brings coffee when you're working late, doesn't",,400,630
931,"So Kelly stands up for their friends, doesn't","So Franklin stands up for their friends, doesn't",,630,400
932,"So Peter stands up for their friends, doesn't","So Angel stands up for their friends, doesn't",,400,630
933,"So Jack always remembers birthdays, doesn't","So Sara always remembers birthdays, doesn't",,400,630
934,"So Tyler often volunteers for charity work, doesn't","So Arnold often volunteers for charity work, doesn't",,630,400
935,"So Virginia stays calm under pressure, doesn't","So Junior stays calm under pressure, doesn't",,630,400
936,"So James shows up to all your events, doesn't","So Carol shows up to all your events, doesn't",,400,630
937,"So London is great at giving advice, isn't","So Dale is great at giving advice, isn't",,630,400
938,"So Laura is always learning something new, isn't","So Davis is always learning something new, isn't",,630,400
939,"So Alice is passionate about their hobbies, isn't","So George is passionate about their hobbies, isn't",,630,400
940,"So Steven offers a ride home when it's raining, doesn't","So Nicole offers a ride home when it's raining, doesn't",,400,630
941,"So Michael stays calm under pressure, doesn't","So Faith stays calm under pressure, doesn't",,400,630
942,"So Anna can always be counted on in a crisis, can't","So Alberto can always be counted on in a crisis, can't",,630,400
943,"So Reilly is the first to congratulate you, isn't","So Glenn is the first to congratulate you, isn't",,630,400
944,"So Diamond respects other people's opinions, doesn't","So Cruz respects other people's opinions, doesn't",,630,400
945,"So Alexander offers a ride home when it's raining, doesn't","So Angela offers a ride home when it's raining, doesn't",,400,630
946,"So Mark respects other people's opinions, doesn't","So Sara respects other people's opinions, doesn't",,400,630
947,"So India gives the best book recommendations, doesn't","So Harry gives the best book recommendations, doesn't",,630,400
948,"So Peter knows how to listen without judging, doesn't","So Ryan knows how to listen without judging, doesn't",,400,630
949,"So Asia always remembers birthdays, doesn't","So Felix always remembers birthdays, doesn't",,630,400
950,"So Hunter always remembers birthdays, doesn't","So Raymond always remembers birthdays, doesn't",,630,400
951,"So Morgan often volunteers for charity work, doesn't","So Hudson often volunteers for charity work, doesn't",,630,400
952,"So Steven makes the best homemade cookies, doesn't","So Angel makes the best homemade cookies, doesn't",,400,630
953,"So Mary is always respectful to everyone, isn't","So Matthew is always respectful to everyone, isn't",,630,400
954,"So Sarah always plans the best surprises, doesn't","So Jack always plans the best surprises, doesn't",,630,400
955,"So Kyle is the first to congratulate you, isn't","So Martha is the first to congratulate you, isn't",,400,630
956,"So Ali keeps secrets well, doesn't","So Harvey keeps secrets well, doesn't",,630,400
957,"So Hillary keeps secrets well, doesn't","So Harrison keeps secrets well, doesn't",,630,400
958,"So Mary always plans the best surprises, doesn't","So Reagan always plans the best surprises, doesn't",,630,400
959,"So Kate always knows how to make you laugh, doesn't","So Blake always knows how to make you laugh, doesn't",,630,400
960,"So Paul keeps secrets well, doesn't","So Elizabeth keeps secrets well, doesn't",,400,630
961,"So Raven is always up for an adventure, isn't","So Jarrett is always up for an adventure, isn't",,630,400
962,"So Elsa is always learning something new, isn't","So Theodore is always learning something new, isn't",,630,400
963,"So Blake often volunteers for charity work, doesn't","So Barbara often volunteers for charity work, doesn't",,400,630
964,"So Hillary is always learning something new, isn't","So Giovanni is always learning something new, isn't",,630,400
965,"So Jack brings coffee when you're working late, doesn't","So Jamie brings coffee when you're working late, doesn't",,400,630
966,"So Thomas takes care of their health, doesn't","So Morgan takes care of their health, doesn't",,400,630
967,"So Crystal is always encouraging, isn't","So Marcos is always encouraging, isn't",,630,400
968,"So Jesus is the first to congratulate you, isn't","So Taylor is the first to congratulate you, isn't",,400,630
969,"So Justice is always up for an adventure, isn't","So Marshall is always up for an adventure, isn't",,630,400
970,"So Robin makes the best homemade cookies, doesn't","So Michael makes the best homemade cookies, doesn't",,630,400
971,"So Joy can always be counted on in a crisis, can't","So Junior can always be counted on in a crisis, can't",,630,400
972,"So Scott is always learning something new, isn't","So Rosa is always learning something new, isn't",,400,630
973,"So Connor stands up for their friends, doesn't","So Cassidy stands up for their friends, doesn't",,400,630
974,"So Stephen often volunteers for charity work, doesn't","So Hope often volunteers for charity work, doesn't",,400,630
975,"So Christopher is always respectful to everyone, isn't","So Molly is always respectful to everyone, isn't",,400,630
976,"So London always remembers birthdays, doesn't","So Adam always remembers birthdays, doesn't",,630,400
977,"So Hunter gives the best book recommendations, doesn't","So Mason gives the best book recommendations, doesn't",,630,400
978,"So Jeremy knows how to listen without judging, doesn't","So Rose knows how to listen without judging, doesn't",,400,630
979,"So Rose often volunteers for charity work, doesn't","So Bruno often volunteers for charity work, doesn't",,630,400
980,"So Michelle is always learning something new, isn't","So Andy is always learning something new, isn't",,630,400
981,"So Alex is the first to congratulate you, isn't","So Chelsea is the first to congratulate you, isn't",,400,630
982,"So Summer shares their lunch when you forget yours, doesn't","So Kelly shares their lunch when you forget yours, doesn't",,630,400
983,"So Justice is the first to congratulate you, isn't","So Ari is the first to congratulate you, isn't",,630,400
984,"So Brandon is always up for an adventure, isn't","So Miranda is always up for an adventure, isn't",,400,630
985,"So Carter always texts back promptly, doesn't","So Sophie always texts back promptly, doesn't",,400,630
986,"So Joseph gives the best book recommendations, doesn't","So Lily gives the best book recommendations, doesn't",,400,630
987,"So Anne is great with kids, isn't","So Raymond is great with kids, isn't",,630,400
988,"So Madison stays calm under pressure, doesn't","So Stone stays calm under pressure, doesn't",,630,400
989,"So Anthony stays calm under pressure, doesn't","So America stays calm under pressure, doesn't",,400,630
990,"So Susan always knows how to make you laugh, doesn't","So Muhammad always knows how to make you laugh, doesn't",,630,400
991,"So Ian is the first to congratulate you, isn't","So Asia is the first to congratulate you, isn't",,400,630
992,"So Summer is passionate about their hobbies, isn't","So Phoenix is passionate about their hobbies, isn't",,630,400
993,"So Ali knows how to listen without judging, doesn't","So Carter knows how to listen without judging, doesn't",,630,400
994,"So Mark brings coffee when you're working late, doesn't","So Carolina brings coffee when you're working late, doesn't",,400,630
995,"So Anne is always respectful to everyone, isn't","So Kevin is always respectful to everyone, isn't",,630,400
996,"So Sean gives the best book recommendations, doesn't","So Amy gives the best book recommendations, doesn't",,400,630
997,"So Robin is great at giving advice, isn't","So Eli is great at giving advice, isn't",,630,400
998,"So Carter is the first to congratulate you, isn't","So Baby is the first to congratulate you, isn't",,400,630
999,"So Summer makes the best homemade cookies, doesn't","So Baby makes the best homemade cookies, doesn't",,630,400
1000,"So Jordan stays calm under pressure, doesn't","So Julian stays calm under pressure, doesn't",,630,400
1001,"So Christian can always be counted on in a crisis, can't","So Mike can always be counted on in a crisis, can't",,630,400
1002,"So Asia keeps secrets well, doesn't","So Chase keeps secrets well, doesn't",,630,400
1003,"So Sarah is the first to congratulate you, isn't","So Austin is the first to congratulate you, isn't",,630,400
1004,"So Rachel always knows how to make you laugh, doesn't","So Fred always knows how to make you laugh, doesn't",,630,400
1005,"So Mary is always up for an adventure, isn't","So Cameron is always up for an adventure, isn't",,630,400
1006,"So Peter is always there to lend an ear, isn't","So Brooklyn is always there to lend an ear, isn't",,400,630
1007,"So Matthew remembers all the little details, doesn't","So Joy remembers all the little details, doesn't",,400,630
1008,"So Brian is great at giving advice, isn't","So Karen is great at giving advice, isn't",,400,630
1009,"So Diamond can always be counted on in a crisis, can't","So Brad can always be counted on in a crisis, can't",,630,400
1010,"So Lisa always texts back promptly, doesn't","So Karl always texts back promptly, doesn't",,630,400
1011,"So Aaron always knows how to make you laugh, doesn't","So Victoria always knows how to make you laugh, doesn't",,400,630
1012,"So Jacob gives the best book recommendations, doesn't","So Clara gives the best book recommendations, doesn't",,400,630
1013,"So Sky shares their lunch when you forget yours, doesn't","So Salvador shares their lunch when you forget yours, doesn't",,630,400
1014,"So Ruby is never too busy to help out, is","So Noah is never too busy to help out, is",,630,400
1015,"So Asia is always there to lend an ear, isn't","So River is always there to lend an ear, isn't",,630,400
1016,"So Aaron brings coffee when you're working late, doesn't","So Kate brings coffee when you're working late, doesn't",,400,630
1017,"So Jacob always texts back promptly, doesn't","So Nicole always texts back promptly, doesn't",,400,630
1018,"So Matthew is the first to congratulate you, isn't","So Brook is the first to congratulate you, isn't",,400,630
1019,"So Susan always plans the best surprises, doesn't","So Bobby always plans the best surprises, doesn't",,630,400
1020,"So Unique always remembers birthdays, doesn't","So Andreas always remembers birthdays, doesn't",,630,400
1021,"So Eva is always there to lend an ear, isn't","So Robert is always there to lend an ear, isn't",,630,400
1022,"So Jordan remembers all the little details, doesn't","So Christian remembers all the little details, doesn't",,400,630
1023,"So Brandon offers a ride home when it's raining, doesn't","So Isis offers a ride home when it's raining, doesn't",,400,630
1024,"So Ruby always remembers birthdays, doesn't","So Roman always remembers birthdays, doesn't",,630,400
1025,"So Morgan is never too busy to help out, is","So Jason is never too busy to help out, is",,630,400
1026,"So Cole always texts back promptly, doesn't","So Kate always texts back promptly, doesn't",,400,630
1027,"So Daniel is passionate about their hobbies, isn't","So Rachel is passionate about their hobbies, isn't",,400,630
1028,"So Chelsea is always up for an adventure, isn't","So Jacob is always up for an adventure, isn't",,630,400
1029,"So Connor always remembers birthdays, doesn't","So Amelia always remembers birthdays, doesn't",,400,630
1030,"So Jackson offers a ride home when it's raining, doesn't","So Marian offers a ride home when it's raining, doesn't",,400,630
1031,"So Emily stands up for their friends, doesn't","So Marco stands up for their friends, doesn't",,630,400
1032,"So Anna is always learning something new, isn't","So Josh is always learning something new, isn't",,630,400
1033,"So Christian is always respectful to everyone, isn't","So Morgan is always respectful to everyone, isn't",,630,400
1034,"So Anne keeps secrets well, doesn't","So Austin keeps secrets well, doesn't",,630,400
1035,"So William gives the best book recommendations, doesn't","So Hope gives the best book recommendations, doesn't",,400,630
1036,"So Jacob makes the best homemade cookies, doesn't","So Marie makes the best homemade cookies, doesn't",,400,630
1037,"So Jordan takes care of their health, doesn't","So Helen takes care of their health, doesn't",,400,630
1038,"So Tyler keeps secrets well, doesn't","So Chelsea keeps secrets well, doesn't",,400,630
1039,"So Edward shows up to all your events, doesn't","So Diamond shows up to all your events, doesn't",,400,630
1040,"So Jesus is passionate about their hobbies, isn't","So Brook is passionate about their hobbies, isn't",,400,630
1041,"So Jeremy always texts back promptly, doesn't","So Virginia always texts back promptly, doesn't",,400,630
1042,"So Jane always knows how to make you laugh, doesn't","So Leo always knows how to make you laugh, doesn't",,630,400
1043,"So Robert always texts back promptly, doesn't","So Rosa always texts back promptly, doesn't",,400,630
1044,"So Taylor shares their lunch when you forget yours, doesn't","So Hannah shares their lunch when you forget yours, doesn't",,400,630
1045,"So Ali shares their lunch when you forget yours, doesn't","So Roberto shares their lunch when you forget yours, doesn't",,630,400
1046,"So Kate often volunteers for charity work, doesn't","So Jorge often volunteers for charity work, doesn't",,630,400
1047,"So Asia respects other people's opinions, doesn't","So Owen respects other people's opinions, doesn't",,630,400
1048,"So Justice often volunteers for charity work, doesn't","So Marshall often volunteers for charity work, doesn't",,630,400
1049,"So April is the first to congratulate you, isn't","So Jimmy is the first to congratulate you, isn't",,630,400
1050,"So Crystal takes care of their health, doesn't","So Trey takes care of their health, doesn't",,630,400
1051,"So Marie stays calm under pressure, doesn't","So Michael stays calm under pressure, doesn't",,630,400
1052,"So Mary is never too busy to help out, is","So Reed is never too busy to help out, is",,630,400
1053,"So Steven can always be counted on in a crisis, can't","So Sky can always be counted on in a crisis, can't",,400,630
1054,"So Laura is never too busy to help out, is","So Stanley is never too busy to help out, is",,630,400
1055,"So Ruby makes the best homemade cookies, doesn't","So Leo makes the best homemade cookies, doesn't",,630,400
1056,"So Jane is great at giving advice, isn't","So Mario is great at giving advice, isn't",,630,400
1057,"So Cole is great with kids, isn't","So Rachel is great with kids, isn't",,400,630
1058,"So Angel remembers all the little details, doesn't","So Edward remembers all the little details, doesn't",,630,400
1059,"So Chelsea is the first to congratulate you, isn't","So Jesus is the first to congratulate you, isn't",,630,400
1060,"So Robert is great with kids, isn't","So Molly is great with kids, isn't",,400,630
1061,"So Jordan knows how to listen without judging, doesn't","So Amanda knows how to listen without judging, doesn't",,400,630
1062,"So Alan is never too busy to help out, is","So Andrea is never too busy to help out, is",,400,630
1063,"So Elsa is never too busy to help out, is","So Jeffrey is never too busy to help out, is",,630,400
1064,"So Charles is the person everyone trusts, isn't","So America is the person everyone trusts, isn't",,400,630
1065,"So Joseph always remembers birthdays, doesn't","So Charlotte always remembers birthdays, doesn't",,400,630
1066,"So Ryan shows up to all your events, doesn't","So Oliver shows up to all your events, doesn't",,630,400
1067,"So Laura knows how to listen without judging, doesn't","So Israel knows how to listen without judging, doesn't",,630,400
1068,"So Asia shows up to all your events, doesn't","So Marcus shows up to all your events, doesn't",,630,400
1069,"So Virginia stands up for their friends, doesn't","So Scott stands up for their friends, doesn't",,630,400
1070,"So Baby is always respectful to everyone, isn't","So Warren is always respectful to everyone, isn't",,630,400
1071,"So Ruby often volunteers for charity work, doesn't","So Jesse often volunteers for charity work, doesn't",,630,400
1072,"So Michael respects other people's opinions, doesn't","So Baby respects other people's opinions, doesn't",,400,630
1073,"So Alice brings coffee when you're working late, doesn't","So Noah brings coffee when you're working late, doesn't",,630,400
1074,"So Jose keeps secrets well, doesn't","So Rose keeps secrets well, doesn't",,400,630
1075,"So Susan always texts back promptly, doesn't","So Jeremy always texts back promptly, doesn't",,630,400
1076,"So Lisa remembers all the little details, doesn't","So Arthur remembers all the little details, doesn't",,630,400
1077,"So Edward always plans the best surprises, doesn't","So Isabel always plans the best surprises, doesn't",,400,630
1078,"So Justice keeps secrets well, doesn't","So Chris keeps secrets well, doesn't",,630,400
1079,"So Jack often volunteers for charity work, doesn't","So Joy often volunteers for charity work, doesn't",,400,630
1080,"So Robin is always there to lend an ear, isn't","So Jack is always there to lend an ear, isn't",,630,400
1081,"So Christian always remembers birthdays, doesn't","So Alberto always remembers birthdays, doesn't",,630,400
1082,"So Henry is great at giving advice, isn't","So Jamie is great at giving advice, isn't",,400,630
1083,"So Christian always remembers birthdays, doesn't","So America always remembers birthdays, doesn't",,400,630
1084,"So Eva stays calm under pressure, doesn't","So Paul stays calm under pressure, doesn't",,630,400
1085,"So Virginia brings coffee when you're working late, doesn't","So Dakota brings coffee when you're working late, doesn't",,630,400
1086,"So Eric often volunteers for charity work, doesn't","So Clara often volunteers for charity work, doesn't",,400,630
1087,"So Jake always remembers birthdays, doesn't","So London always remembers birthdays, doesn't",,400,630
1088,"So Anne is great at giving advice, isn't","So Seth is great at giving advice, isn't",,630,400
1089,"So Christian respects other people's opinions, doesn't","So Dale respects other people's opinions, doesn't",,630,400
1090,"So Luke gives the best book recommendations, doesn't","So Catherine gives the best book recommendations, doesn't",,400,630
1091,"So Patrick always knows how to make you laugh, doesn't","So Lily always knows how to make you laugh, doesn't",,400,630
1092,"So Maria shows up to all your events, doesn't","So Houston shows up to all your events, doesn't",,630,400
1093,"So Raven often volunteers for charity work, doesn't","So Phillip often volunteers for charity work, doesn't",,630,400
1094,"So Christian always knows how to make you laugh, doesn't","So Sebastian always knows how to make you laugh, doesn't",,630,400
1095,"So Kate can always be counted on in a crisis, can't","So Phoenix can always be counted on in a crisis, can't",,630,400
1096,"So Asia is great with kids, isn't","So Tony is great with kids, isn't",,630,400
1097,"So Paul stays calm under pressure, doesn't","So Clara stays calm under pressure, doesn't",,400,630
1098,"So Unique gives the best book recommendations, doesn't","So Raven gives the best book recommendations, doesn't",,630,400
1099,"So Tyler often volunteers for charity work, doesn't","So Rebecca often volunteers for charity work, doesn't",,400,630
1100,"So Sean always texts back promptly, doesn't","So Brooklyn always texts back promptly, doesn't",,400,630
1101,"So Diamond keeps secrets well, doesn't","So Tony keeps secrets well, doesn't",,630,400
1102,"So Alice makes the best homemade cookies, doesn't","So Logan makes the best homemade cookies, doesn't",,630,400
1103,"So Jennifer makes the best homemade cookies, doesn't","So Turner makes the best homemade cookies, doesn't",,630,400
1104,"So Mark makes the best homemade cookies, doesn't","So Ali makes the best homemade cookies, doesn't",,400,630
1105,"So Jake is the person everyone trusts, isn't","So Rachel is the person everyone trusts, isn't",,400,630
1106,"So Kelly is the first to congratulate you, isn't","So Quinn is the first to congratulate you, isn't",,630,400
1107,"So Georgia always knows how to make you laugh, doesn't","So Gregory always knows how to make you laugh, doesn't",,630,400
1108,"So Reilly keeps secrets well, doesn't","So Holden keeps secrets well, doesn't",,630,400
1109,"So Brian always plans the best surprises, doesn't","So Baby always plans the best surprises, doesn't",,400,630
1110,"So Hunter is always learning something new, isn't","So Kennedy is always learning something new, isn't",,400,630
1111,"So Susan is always respectful to everyone, isn't","So Turner is always respectful to everyone, isn't",,630,400
1112,"So Peter is always learning something new, isn't","So Maggie is always learning something new, isn't",,400,630
1113,"So James is passionate about their hobbies, isn't","So Amanda is passionate about their hobbies, isn't",,400,630
1114,"So George brings coffee when you're working late, doesn't","So Joy brings coffee when you're working late, doesn't",,400,630
1115,"So Dallas shows up to all your events, doesn't","So Marco shows up to all your events, doesn't",,630,400
1116,"So Alex is always up for an adventure, isn't","So Clara is always up for an adventure, isn't",,400,630
1117,"So Diamond always knows how to make you laugh, doesn't","So Nick always knows how to make you laugh, doesn't",,630,400
1118,"So Amy is always up for an adventure, isn't","So Robert is always up for an adventure, isn't",,630,400
1119,"So Jamie stays calm under pressure, doesn't","So Mario stays calm under pressure, doesn't",,630,400
1120,"So David is the first to congratulate you, isn't","So Rachel is the first to congratulate you, isn't",,400,630
1121,"So Hope always texts back promptly, doesn't","So Tyler always texts back promptly, doesn't",,630,400
1122,"So Christopher always plans the best surprises, doesn't","So Ana always plans the best surprises, doesn't",,400,630
1123,"So Anna remembers all the little details, doesn't","So Norman remembers all the little details, doesn't",,630,400
1124,"So James shares their lunch when you forget yours, doesn't","So Elizabeth shares their lunch when you forget yours, doesn't",,400,630
1125,"So Dallas always knows how to make you laugh, doesn't","So Ty always knows how to make you laugh, doesn't",,630,400
1126,"So Christopher is the first to congratulate you, isn't","So Amy is the first to congratulate you, isn't",,400,630
1127,"So Victoria makes the best homemade cookies, doesn't","So Joseph makes the best homemade cookies, doesn't",,630,400
1128,"So Alice always knows how to make you laugh, doesn't","So Norman always knows how to make you laugh, doesn't",,630,400
1129,"So Elsa is always there to lend an ear, isn't","So Freddy is always there to lend an ear, isn't",,630,400
1130,"So Eric respects other people's opinions, doesn't","So Annie respects other people's opinions, doesn't",,400,630
1131,"So Patrick often volunteers for charity work, doesn't","So Loren often volunteers for charity work, doesn't",,400,630
1132,"So Paul is great at giving advice, isn't","So Kelly is great at giving advice, isn't",,400,630
1133,"So Summer is the first to congratulate you, isn't","So Carlos is the first to congratulate you, isn't",,630,400
1134,"So Scott is never too busy to help out, is","So Helen is never too busy to help out, is",,400,630
1135,"So Angel shows up to all your events, doesn't","So Bernard shows up to all your events, doesn't",,630,400
1136,"So Edward remembers all the little details, doesn't","So Annie remembers all the little details, doesn't",,400,630
1137,"So Brandon is always learning something new, isn't","So Iris is always learning something new, isn't",,400,630
1138,"So Angel is great with kids, isn't","So Barry is great with kids, isn't",,630,400
1139,"So Ryan takes care of their health, doesn't","So Robin takes care of their health, doesn't",,400,630
1140,"So Steven is always up for an adventure, isn't","So Frances is always up for an adventure, isn't",,400,630
1141,"So Anna shares their lunch when you forget yours, doesn't","So Paul shares their lunch when you forget yours, doesn't",,630,400
1142,"So Jesus shows up to all your events, doesn't","So London shows up to all your events, doesn't",,400,630
1143,"So India is never too busy to help out, is","So Lewis is never too busy to help out, is",,630,400
1144,"So Angel takes care of their health, doesn't","So Anderson takes care of their health, doesn't",,630,400
1145,"So Ryan is always there to lend an ear, isn't","So Joe is always there to lend an ear, isn't",,630,400
1146,"So Anthony is always there to lend an ear, isn't","So Robin is always there to lend an ear, isn't",,400,630
1147,"So Faith always knows how to make you laugh, doesn't","So Grant always knows how to make you laugh, doesn't",,630,400
1148,"So Kevin knows how to listen without judging, doesn't","So Annie knows how to listen without judging, doesn't",,400,630
1149,"So Emily shows up to all your events, doesn't","So Ralph shows up to all your events, doesn't",,630,400
1150,"So Michelle is always there to lend an ear, isn't","So Lucas is always there to lend an ear, isn't",,630,400
1151,"So Peter is the person everyone trusts, isn't","So Heaven is the person everyone trusts, isn't",,400,630
1152,"So Paris offers a ride home when it's raining, doesn't","So Marco offers a ride home when it's raining, doesn't",,630,400
1153,"So Laura can always be counted on in a crisis, can't","So Christopher can always be counted on in a crisis, can't",,630,400
1154,"So Asia is passionate about their hobbies, isn't","So Albert is passionate about their hobbies, isn't",,630,400
1155,"So David shares their lunch when you forget yours, doesn't","So Gabriel shares their lunch when you forget yours, doesn't",,400,630
1156,"So Kate is always there to lend an ear, isn't","So Kelly is always there to lend an ear, isn't",,630,400
1157,"So Austin always plans the best surprises, doesn't","So Sandy always plans the best surprises, doesn't",,400,630
1158,"So Emily is always respectful to everyone, isn't","So Nelson is always respectful to everyone, isn't",,630,400
1159,"So Ali is always learning something new, isn't","So Christopher is always learning something new, isn't",,630,400
1160,"So London shares their lunch when you forget yours, doesn't","So Jason shares their lunch when you forget yours, doesn't",,630,400
1161,"So Raven always remembers birthdays, doesn't","So Damian always remembers birthdays, doesn't",,630,400
1162,"So Hillary always texts back promptly, doesn't","So Marcel always texts back promptly, doesn't",,630,400
1163,"So Jordan is the person everyone trusts, isn't","So Haven is the person everyone trusts, isn't",,400,630
1164,"So Alex is the person everyone trusts, isn't","So Grace is the person everyone trusts, isn't",,400,630
1165,"So Austin offers a ride home when it's raining, doesn't","So Sarah offers a ride home when it's raining, doesn't",,400,630
1166,"So Lisa always knows how to make you laugh, doesn't","So Philip always knows how to make you laugh, doesn't",,630,400
1167,"So Grant always texts back promptly, doesn't","So Nancy always texts back promptly, doesn't",,400,630
1168,"So Hunter is always there to lend an ear, isn't","So Clara is always there to lend an ear, isn't",,400,630
1169,"So Joseph stays calm under pressure, doesn't","So Diana stays calm under pressure, doesn't",,400,630
1170,"So Blake shares their lunch when you forget yours, doesn't","So Baby shares their lunch when you forget yours, doesn't",,400,630
1171,"So London makes the best homemade cookies, doesn't","So Lloyd makes the best homemade cookies, doesn't",,630,400
1172,"So Ali is always up for an adventure, isn't","So Jamie is always up for an adventure, isn't",,630,400
1173,"So Connor is always respectful to everyone, isn't","So Iris is always respectful to everyone, isn't",,400,630
1174,"So Emily remembers all the little details, doesn't","So Alexander remembers all the little details, doesn't",,630,400
1175,"So Cole knows how to listen without judging, doesn't","So Sydney knows how to listen without judging, doesn't",,400,630
1176,"So Scott makes the best homemade cookies, doesn't","So Jordan makes the best homemade cookies, doesn't",,400,630
1177,"So Jesus is never too busy to help out, is","So Jordan is never too busy to help out, is",,400,630
1178,"So Peter always texts back promptly, doesn't","So Kelly always texts back promptly, doesn't",,400,630
1179,"So Ryan always texts back promptly, doesn't","So Rachel always texts back promptly, doesn't",,400,630
1180,"So Patrick stands up for their friends, doesn't","So Carol stands up for their friends, doesn't",,400,630
1181,"So Luke is always up for an adventure, isn't","So Taylor is always up for an adventure, isn't",,400,630
1182,"So Emily stays calm under pressure, doesn't","So Clinton stays calm under pressure, doesn't",,630,400
1183,"So Hope gives the best book recommendations, doesn't","So Alberto gives the best book recommendations, doesn't",,630,400
1184,"So Crystal offers a ride home when it's raining, doesn't","So Angelo offers a ride home when it's raining, doesn't",,630,400
1185,"So Hillary is great at giving advice, isn't","So Max is great at giving advice, isn't",,630,400
1186,"So Aaron is always encouraging, isn't","So Maria is always encouraging, isn't",,400,630
1187,"So Emily gives the best book recommendations, doesn't","So Abraham gives the best book recommendations, doesn't",,630,400
1188,"So Maria is always up for an adventure, isn't","So Cooper is always up for an adventure, isn't",,630,400
1189,"So John is always up for an adventure, isn't","So Madison is always up for an adventure, isn't",,400,630
1190,"So Alex knows how to listen without judging, doesn't","So John knows how to listen without judging, doesn't",,630,400
1191,"So Marie is always up for an adventure, isn't","So Hudson is always up for an adventure, isn't",,630,400
1192,"So Charles takes care of their health, doesn't","So Barbara takes care of their health, doesn't",,400,630
1193,"So Robert is always respectful to everyone, isn't","So Karen is always respectful to everyone, isn't",,400,630
1194,"So Anne stands up for their friends, doesn't","So Kelly stands up for their friends, doesn't",,630,400
1195,"So Dallas shares their lunch when you forget yours, doesn't","So Chase shares their lunch when you forget yours, doesn't",,630,400
1196,"So David always texts back promptly, doesn't","So Michelle always texts back promptly, doesn't",,400,630
1197,"So Rachel is great at giving advice, isn't","So London is great at giving advice, isn't",,630,400
1198,"So Aaron stays calm under pressure, doesn't","So Maria stays calm under pressure, doesn't",,400,630
1199,"So Scott can always be counted on in a crisis, can't","So Jane can always be counted on in a crisis, can't",,400,630
1200,"So Lisa shares their lunch when you forget yours, doesn't","So Tyler shares their lunch when you forget yours, doesn't",,630,400
1201,"So Sarah is great with kids, isn't","So Perry is great with kids, isn't",,630,400
1202,"So Faith is always respectful to everyone, isn't","So Norman is always respectful to everyone, isn't",,630,400
1203,"So America makes the best homemade cookies, doesn't","So Martin makes the best homemade cookies, doesn't",,630,400
1204,"So Grant is always up for an adventure, isn't","So Alex is always up for an adventure, isn't",,400,630
1205,"So Paul is great with kids, isn't","So Molly is great with kids, isn't",,400,630
1206,"So Marcus is always up for an adventure, isn't","So India is always up for an adventure, isn't",,400,630
1207,"So Justin is great with kids, isn't","So Ana is great with kids, isn't",,400,630
1208,"So Morgan stands up for their friends, doesn't","So Herbert stands up for their friends, doesn't",,630,400
1209,"So Angel knows how to listen without judging, doesn't","So Jorge knows how to listen without judging, doesn't",,630,400
1210,"So Hillary is the person everyone trusts, isn't","So Walker is the person everyone trusts, isn't",,630,400
1211,"So Luke shows up to all your events, doesn't","So Ellen shows up to all your events, doesn't",,400,630
1212,"So Jeremy often volunteers for charity work, doesn't","So Loren often volunteers for charity work, doesn't",,400,630
1213,"So Jessica gives the best book recommendations, doesn't","So Carlo gives the best book recommendations, doesn't",,630,400
1214,"So Robin gives the best book recommendations, doesn't","So Hugh gives the best book recommendations, doesn't",,630,400
1215,"So Michelle always texts back promptly, doesn't","So Juan always texts back promptly, doesn't",,630,400
1216,"So Alice remembers all the little details, doesn't","So Richard remembers all the little details, doesn't",,630,400
1217,"So Victoria is the person everyone trusts, isn't","So Harold is the person everyone trusts, isn't",,630,400
1218,"So Alex gives the best book recommendations, doesn't","So Sally gives the best book recommendations, doesn't",,400,630
1219,"So Jackson often volunteers for charity work, doesn't","So India often volunteers for charity work, doesn't",,400,630
1220,"So Mark can always be counted on in a crisis, can't","So Karen can always be counted on in a crisis, can't",,400,630
1221,"So Adam is always encouraging, isn't","So Frances is always encouraging, isn't",,400,630
1222,"So Jennifer shows up to all your events, doesn't","So Jean shows up to all your events, doesn't",,630,400
1223,"So James knows how to listen without judging, doesn't","So Kenya knows how to listen without judging, doesn't",,400,630
1224,"So Asia often volunteers for charity work, doesn't","So Prince often volunteers for charity work, doesn't",,630,400
1225,"So John keeps secrets well, doesn't","So Quinn keeps secrets well, doesn't",,400,630
1226,"So Eric is passionate about their hobbies, isn't","So Ruth is passionate about their hobbies, isn't",,400,630
1227,"So Mary always knows how to make you laugh, doesn't","So Marc always knows how to make you laugh, doesn't",,630,400
1228,"So Rachel respects other people's opinions, doesn't","So Karl respects other people's opinions, doesn't",,630,400
1229,"So Ann shows up to all your events, doesn't","So Leo shows up to all your events, doesn't",,630,400
1230,"So Hope stands up for their friends, doesn't","So Jan stands up for their friends, doesn't",,630,400
1231,"So Mary respects other people's opinions, doesn't","So Cooper respects other people's opinions, doesn't",,630,400
1232,"So Hope is always there to lend an ear, isn't","So Sebastian is always there to lend an ear, isn't",,630,400
1233,"So Ryan stands up for their friends, doesn't","So Phoenix stands up for their friends, doesn't",,630,400
1234,"So Christian is always encouraging, isn't","So Moses is always encouraging, isn't",,630,400
1235,"So Jesus remembers all the little details, doesn't","So Lucy remembers all the little details, doesn't",,400,630
1236,"So Taylor is always encouraging, isn't","So Oscar is always encouraging, isn't",,630,400
1237,"So Carter is always there to lend an ear, isn't","So Grace is always there to lend an ear, isn't",,400,630
1238,"So Joy is always learning something new, isn't","So Nelson is always learning something new, isn't",,630,400
1239,"So Hunter shows up to all your events, doesn't","So Emily shows up to all your events, doesn't",,400,630
1240,"So Jamie is great at giving advice, isn't","So Joan is great at giving advice, isn't",,630,400
1241,"So Jennifer knows how to listen without judging, doesn't","So Alfred knows how to listen without judging, doesn't",,630,400
1242,"So Blake always texts back promptly, doesn't","So Marina always texts back promptly, doesn't",,400,630
1243,"So Raven stays calm under pressure, doesn't","So Jared stays calm under pressure, doesn't",,630,400
1244,"So Anna always texts back promptly, doesn't","So Colin always texts back promptly, doesn't",,630,400
1245,"So Chelsea is always there to lend an ear, isn't","So Paul is always there to lend an ear, isn't",,630,400
1246,"So Scott always remembers birthdays, doesn't","So Madison always remembers birthdays, doesn't",,400,630
1247,"So Elizabeth always plans the best surprises, doesn't","So Bobby always plans the best surprises, doesn't",,630,400
1248,"So Christian always knows how to make you laugh, doesn't","So Sandy always knows how to make you laugh, doesn't",,400,630
1249,"So John brings coffee when you're working late, doesn't","So Rose brings coffee when you're working late, doesn't",,400,630
1250,"So Mark is never too busy to help out, is","So Carol is never too busy to help out, is",,400,630
1251,"So Luke stays calm under pressure, doesn't","So Ali stays calm under pressure, doesn't",,400,630
1252,"So America knows how to listen without judging, doesn't","So Stanley knows how to listen without judging, doesn't",,630,400
1253,"So Paul shares their lunch when you forget yours, doesn't","So Marian shares their lunch when you forget yours, doesn't",,400,630
1254,"So Amy shares their lunch when you forget yours, doesn't","So Clark shares their lunch when you forget yours, doesn't",,630,400
1255,"So Anne always remembers birthdays, doesn't","So Giovanni always remembers birthdays, doesn't",,630,400
1256,"So William remembers all the little details, doesn't","So Lily remembers all the little details, doesn't",,400,630
1257,"So Jonathan knows how to listen without judging, doesn't","So Asia knows how to listen without judging, doesn't",,400,630
1258,"So Jonathan always knows how to make you laugh, doesn't","So Haven always knows how to make you laugh, doesn't",,400,630
1259,"So Angel respects other people's opinions, doesn't","So Parker respects other people's opinions, doesn't",,630,400
1260,"So Alex is the person everyone trusts, isn't","So Lee is the person everyone trusts, isn't",,630,400
1261,"So Summer respects other people's opinions, doesn't","So Gregory respects other people's opinions, doesn't",,630,400
1262,"So Richard remembers all the little details, doesn't","So Sarah remembers all the little details, doesn't",,400,630
1263,"So Amy is the first to congratulate you, isn't","So Jorge is the first to congratulate you, isn't",,630,400
1264,"So Ruby is always learning something new, isn't","So Philip is always learning something new, isn't",,630,400
1265,"So Ali takes care of their health, doesn't","So Tommy takes care of their health, doesn't",,630,400
1266,"So Rose gives the best book recommendations, doesn't","So Lawrence gives the best book recommendations, doesn't",,630,400
1267,"So Marie offers a ride home when it's raining, doesn't","So Taylor offers a ride home when it's raining, doesn't",,630,400
1268,"So Michelle shows up to all your events, doesn't","So Terry shows up to all your events, doesn't",,630,400
1269,"So Taylor respects other people's opinions, doesn't","So Jenny respects other people's opinions, doesn't",,400,630
1270,"So Rachel stands up for their friends, doesn't","So Herbert stands up for their friends, doesn't",,630,400
1271,"So Austin is great with kids, isn't","So London is great with kids, isn't",,400,630
1272,"So Scott shows up to all your events, doesn't","So Margaret shows up to all your events, doesn't",,400,630
1273,"So Jose is great at giving advice, isn't","So Jennifer is great at giving advice, isn't",,400,630
1274,"So Kyle remembers all the little details, doesn't","So Andrea remembers all the little details, doesn't",,400,630
1275,"So Amy knows how to listen without judging, doesn't","So Douglas knows how to listen without judging, doesn't",,630,400
1276,"So Alexander always knows how to make you laugh, doesn't","So Eva always knows how to make you laugh, doesn't",,400,630
1277,"So Elsa knows how to listen without judging, doesn't","So Malcolm knows how to listen without judging, doesn't",,630,400
1278,"So Steven stands up for their friends, doesn't","So Amy stands up for their friends, doesn't",,400,630
1279,"So Jessica always remembers birthdays, doesn't","So German always remembers birthdays, doesn't",,630,400
1280,"So Christian is great with kids, isn't","So Clark is great with kids, isn't",,630,400
1281,"So Maria brings coffee when you're working late, doesn't","So Norman brings coffee when you're working late, doesn't",,630,400
1282,"So India is always learning something new, isn't","So Hugo is always learning something new, isn't",,630,400
1283,"So Thomas stays calm under pressure, doesn't","So Lisa stays calm under pressure, doesn't",,400,630
1284,"So Eric is always encouraging, isn't","So Ruby is always encouraging, isn't",,400,630
1285,"So London respects other people's opinions, doesn't","So Stone respects other people's opinions, doesn't",,630,400
1286,"So Robin shares their lunch when you forget yours, doesn't","So Howard shares their lunch when you forget yours, doesn't",,630,400
1287,"So Emily takes care of their health, doesn't","So Felix takes care of their health, doesn't",,630,400
1288,"So Peter is the first to congratulate you, isn't","So Reagan is the first to congratulate you, isn't",,400,630
1289,"So Mary often volunteers for charity work, doesn't","So Manuel often volunteers for charity work, doesn't",,630,400
1290,"So Virginia is passionate about their hobbies, isn't","So Aaron is passionate about their hobbies, isn't",,630,400
1291,"So Justice stays calm under pressure, doesn't","So Scott stays calm under pressure, doesn't",,630,400
1292,"So Ryan knows how to listen without judging, doesn't","So Terry knows how to listen without judging, doesn't",,630,400
1293,"So Victoria is great with kids, isn't","So River is great with kids, isn't",,630,400
1294,"So Baby is always learning something new, isn't","So Isaac is always learning something new, isn't",,630,400
1295,"So Eva is the person everyone trusts, isn't","So Jay is the person everyone trusts, isn't",,630,400
1296,"So Jacob is great with kids, isn't","So Eve is great with kids, isn't",,400,630
1297,"So Alexander is great with kids, isn't","So Holly is great with kids, isn't",,400,630
1298,"So Morgan is passionate about their hobbies, isn't","So Bryan is passionate about their hobbies, isn't",,630,400
1299,"So Chelsea is passionate about their hobbies, isn't","So Nelson is passionate about their hobbies, isn't",,630,400
1300,"So Sarah is always up for an adventure, isn't","So Perry is always up for an adventure, isn't",,630,400
1301,"So Hunter always knows how to make you laugh, doesn't","So Craig always knows how to make you laugh, doesn't",,630,400
1302,"So Justice is great with kids, isn't","So Craig is great with kids, isn't",,630,400
1303,"So Paris stands up for their friends, doesn't","So Tyler stands up for their friends, doesn't",,630,400
1304,"So Hunter is never too busy to help out, is","So Joy is never too busy to help out, is",,400,630
1305,"So Andrew is never too busy to help out, is","So Maria is never too busy to help out, is",,400,630
1306,"So Tyler is always respectful to everyone, isn't","So Jennifer is always respectful to everyone, isn't",,400,630
1307,"So Daniel is always up for an adventure, isn't","So Joy is always up for an adventure, isn't",,400,630
1308,"So Paris can always be counted on in a crisis, can't","So Adam can always be counted on in a crisis, can't",,630,400
1309,"So Justice gives the best book recommendations, doesn't","So Carl gives the best book recommendations, doesn't",,630,400
1310,"So Sarah always knows how to make you laugh, doesn't","So Nash always knows how to make you laugh, doesn't",,630,400
1311,"So Baby shares their lunch when you forget yours, doesn't","So Gilbert shares their lunch when you forget yours, doesn't",,630,400
1312,"So Elizabeth is always there to lend an ear, isn't","So Marcus is always there to lend an ear, isn't",,630,400
1313,"So Alex is always encouraging, isn't","So Jessica is always encouraging, isn't",,400,630
1314,"So Jonathan can always be counted on in a crisis, can't","So Nina can always be counted on in a crisis, can't",,400,630
1315,"So Laura takes care of their health, doesn't","So Trace takes care of their health, doesn't",,630,400
1316,"So Brandon shares their lunch when you forget yours, doesn't","So Trinity shares their lunch when you forget yours, doesn't",,400,630
