,clean,corrupted,corrupted_hard,correct_idx,incorrect_idx
470,"Then, Aaron and Amber were working at the house. Aaron decided to give a drink to","Then, Aaron and Amber were working at the house. Tiffany decided to give a drink to","Then, Aaron and Amber were working at the house. Amber decided to give a drink to",330,20486
184,"Then, Nathan and Amber were working at the house. Nathan decided to give a necklace to","Then, Nathan and Amber were working at the house. Tyler decided to give a necklace to","Then, Nathan and Amber were working at the house. Amber decided to give a necklace to",330,20514
636,"Then, Kimberly and Lindsay were thinking about going to the restaurant. Lindsay wanted to give a bone to","Then, Kimberly and Lindsay were thinking about going to the restaurant. Timothy wanted to give a bone to","Then, Kimberly and Lindsay were thinking about going to the restaurant. Kimberly wanted to give a bone to",10791,10100
301,"When Gregory and Richard got a kiss at the station, Richard decided to give it to","When Gregory and Richard got a kiss at the station, Megan decided to give it to","When Gregory and Richard got a kiss at the station, Gregory decided to give it to",27113,6359
961,"Then, Jonathan and Steven had a lot of fun at the school. Jonathan gave a kiss to","Then, Jonathan and Steven had a lot of fun at the school. Emily gave a kiss to","Then, Jonathan and Steven had a lot of fun at the school. Steven gave a kiss to",20257,16656
414,"Then, Adam and Anthony had a lot of fun at the office. Adam gave a drink to","Then, Adam and Anthony had a lot of fun at the office. Katie gave a drink to","Then, Adam and Anthony had a lot of fun at the office. Anthony gave a drink to",15089,10534
255,"When Tiffany and Gregory got a kiss at the school, Tiffany decided to give it to","When Tiffany and Gregory got a kiss at the school, Michael decided to give it to","When Tiffany and Gregory got a kiss at the school, Gregory decided to give it to",27113,320
781,"When Nicole and Stephanie got a computer at the garden, Nicole decided to give it to","When Nicole and Stephanie got a computer at the garden, Justin decided to give it to","When Nicole and Stephanie got a computer at the garden, Stephanie decided to give it to",27316,27688
621,"Then, Richard and Thomas went to the garden. Richard gave a necklace to","Then, Richard and Thomas went to the garden. Rachel gave a necklace to","Then, Richard and Thomas went to the garden. Thomas gave a necklace to",6083,6359
245,"Then, Alexander and Vanessa were working at the house. Vanessa decided to give a drink to","Then, Alexander and Vanessa were working at the house. Christine decided to give a drink to","Then, Alexander and Vanessa were working at the house. Alexander decided to give a drink to",11055,7647
188,"Then, Sean and Daniel had a long argument, and afterwards Sean said to","Then, Sean and Daniel had a long argument, and afterwards Samantha said to","Then, Sean and Daniel had a long argument, and afterwards Daniel said to",8103,20468
91,"Then, Kimberly and William were working at the school. William decided to give a bone to","Then, Kimberly and William were working at the school. Bradley decided to give a bone to","Then, Kimberly and William were working at the school. Kimberly decided to give a bone to",10791,4246
854,"Then, Aaron and Kenneth had a long argument, and afterwards Aaron said to","Then, Aaron and Kenneth had a long argument, and afterwards Crystal said to","Then, Aaron and Kenneth had a long argument, and afterwards Kenneth said to",10960,20486
550,"When Shannon and Scott got a drink at the garden, Shannon decided to give it to","When Shannon and Scott got a drink at the garden, Matthew decided to give it to","When Shannon and Scott got a drink at the garden, Scott decided to give it to",7636,1295
140,"When Nathan and Erin got a necklace at the store, Nathan decided to give it to","When Nathan and Erin got a necklace at the store, Cody decided to give it to","When Nathan and Erin got a necklace at the store, Erin decided to give it to",2852,20514
978,"After Mary and Cody went to the house, Cody gave a computer to","After Mary and Cody went to the house, Sarah gave a computer to","After Mary and Cody went to the house, Mary gave a computer to",5480,334
78,"Then, Allison and Lauren went to the restaurant. Lauren gave a basketball to","Then, Allison and Lauren went to the restaurant. Jonathan gave a basketball to","Then, Allison and Lauren went to the restaurant. Allison gave a basketball to",1682,23119
536,"When James and Samantha got a basketball at the store, Samantha decided to give it to","When James and Samantha got a basketball at the store, Crystal decided to give it to","When James and Samantha got a basketball at the store, James decided to give it to",4797,4157
821,"After John and Amber went to the store, Amber gave a computer to","After John and Amber went to the store, Christina gave a computer to","After John and Amber went to the store, John gave a computer to",2215,330
135,"Then, Christopher and Lindsey were thinking about going to the hospital. Christopher wanted to give a snack to","Then, Christopher and Lindsey were thinking about going to the hospital. Katherine wanted to give a snack to","Then, Christopher and Lindsey were thinking about going to the hospital. Lindsey wanted to give a snack to",10100,17561
606,"Then, Lisa and Laura went to the restaurant. Lisa gave a kiss to","Then, Lisa and Laura went to the restaurant. Rachel gave a kiss to","Then, Lisa and Laura went to the restaurant. Laura gave a kiss to",16145,18999
698,"After Timothy and Jeremy went to the garden, Jeremy gave a snack to","After Timothy and Jeremy went to the garden, Christina gave a snack to","After Timothy and Jeremy went to the garden, Timothy gave a snack to",7240,24251
848,"After Brandon and Courtney went to the hospital, Courtney gave a computer to","After Brandon and Courtney went to the hospital, Jamie gave a computer to","After Brandon and Courtney went to the hospital, Brandon gave a computer to",1896,6924
988,"Then, Nicole and Megan had a lot of fun at the station. Nicole gave a drink to","Then, Nicole and Megan had a lot of fun at the station. Danielle gave a drink to","Then, Nicole and Megan had a lot of fun at the station. Megan gave a drink to",14919,27688
876,"Then, Heather and Thomas went to the store. Thomas gave a drink to","Then, Heather and Thomas went to the store. Sarah gave a drink to","Then, Heather and Thomas went to the store. Heather gave a drink to",650,6083
281,"After Courtney and Paul went to the school, Paul gave a bone to","After Courtney and Paul went to the school, Mary gave a bone to","After Courtney and Paul went to the school, Courtney gave a bone to",6924,3920
341,"Then, Sean and Nicole went to the school. Sean gave a drink to","Then, Sean and Nicole went to the school. Scott gave a drink to","Then, Sean and Nicole went to the school. Nicole gave a drink to",27688,20468
440,"Then, Robert and Matthew were working at the restaurant. Matthew decided to give a ring to","Then, Robert and Matthew were working at the restaurant. Charles decided to give a ring to","Then, Robert and Matthew were working at the restaurant. Robert decided to give a ring to",5606,15305
501,"Then, Alexander and Ryan were thinking about going to the school. Alexander wanted to give a basketball to","Then, Alexander and Ryan were thinking about going to the school. Angela wanted to give a basketball to","Then, Alexander and Ryan were thinking about going to the school. Ryan wanted to give a basketball to",13194,11055
899,"When Kenneth and Benjamin got a basketball at the station, Kenneth decided to give it to","When Kenneth and Benjamin got a basketball at the station, Megan decided to give it to","When Kenneth and Benjamin got a basketball at the station, Benjamin decided to give it to",18258,10960
792,"Then, Jennifer and Jose had a lot of fun at the garden. Jennifer gave a basketball to","Then, Jennifer and Jose had a lot of fun at the garden. Christine gave a basketball to","Then, Jennifer and Jose had a lot of fun at the garden. Jose gave a basketball to",6282,21511
498,"Then, Bryan and Erin had a long argument, and afterwards Bryan said to","Then, Bryan and Erin had a long argument, and afterwards Timothy said to","Then, Bryan and Erin had a long argument, and afterwards Erin said to",2852,27919
628,"When Katherine and Travis got a drink at the station, Katherine decided to give it to","When Katherine and Travis got a drink at the station, David decided to give it to","When Katherine and Travis got a drink at the station, Travis decided to give it to",1319,524
983,"After James and Robert went to the restaurant, James gave a ring to","After James and Robert went to the restaurant, Kyle gave a ring to","After James and Robert went to the restaurant, Robert gave a ring to",5606,4797
881,"After Benjamin and Dustin went to the restaurant, Dustin gave a computer to","After Benjamin and Dustin went to the restaurant, Stephen gave a computer to","After Benjamin and Dustin went to the restaurant, Benjamin gave a computer to",18258,384
723,"Then, Michael and Alexander were thinking about going to the station. Alexander wanted to give a computer to","Then, Michael and Alexander were thinking about going to the station. Brandon wanted to give a computer to","Then, Michael and Alexander were thinking about going to the station. Michael wanted to give a computer to",5459,11055
936,"Then, Anthony and Christina had a lot of fun at the school. Anthony gave a necklace to","Then, Anthony and Christina had a lot of fun at the school. Adam gave a necklace to","Then, Anthony and Christina had a lot of fun at the school. Christina gave a necklace to",2393,15089
880,"Then, Andrea and Brandon had a lot of fun at the store. Brandon gave a snack to","Then, Andrea and Brandon had a lot of fun at the store. Adam gave a snack to","Then, Andrea and Brandon had a lot of fun at the store. Andrea gave a snack to",24009,1896
659,"Then, Heather and Brittany had a long argument, and afterwards Heather said to","Then, Heather and Brittany had a long argument, and afterwards Timothy said to","Then, Heather and Brittany had a long argument, and afterwards Brittany said to",1896,650
518,"Then, Anthony and Eric had a lot of fun at the house. Eric gave a drink to","Then, Anthony and Eric had a lot of fun at the house. Mary gave a drink to","Then, Anthony and Eric had a lot of fun at the house. Anthony gave a drink to",15089,12867
11,"When Jesse and Charles got a snack at the office, Jesse decided to give it to","When Jesse and Charles got a snack at the office, Tyler decided to give it to","When Jesse and Charles got a snack at the office, Charles decided to give it to",6427,26689
433,"When Laura and Alexander got a kiss at the office, Alexander decided to give it to","When Laura and Alexander got a kiss at the office, Jennifer decided to give it to","When Laura and Alexander got a kiss at the office, Laura decided to give it to",16145,11055
643,"Then, Michael and Brandon were working at the garden. Brandon decided to give a computer to","Then, Michael and Brandon were working at the garden. Jose decided to give a computer to","Then, Michael and Brandon were working at the garden. Michael decided to give a computer to",5459,1896
330,"Then, Jesse and Anthony were working at the station. Anthony decided to give a bone to","Then, Jesse and Anthony were working at the station. Rachel decided to give a bone to","Then, Jesse and Anthony were working at the station. Jesse decided to give a bone to",26689,15089
318,"Then, Ryan and Amy had a lot of fun at the hospital. Ryan gave a snack to","Then, Ryan and Amy had a lot of fun at the hospital. Kimberly gave a snack to","Then, Ryan and Amy had a lot of fun at the hospital. Amy gave a snack to",17723,13194
743,"Then, Katie and David had a lot of fun at the garden. Katie gave a drink to","Then, Katie and David had a lot of fun at the garden. Lisa gave a drink to","Then, Katie and David had a lot of fun at the garden. David gave a drink to",4417,524
805,"Then, Adam and Christina had a long argument, and afterwards Christina said to","Then, Adam and Christina had a long argument, and afterwards Joshua said to","Then, Adam and Christina had a long argument, and afterwards Adam said to",10534,2393
151,"Then, Laura and Erica had a long argument, and afterwards Erica said to","Then, Laura and Erica had a long argument, and afterwards Charles said to","Then, Laura and Erica had a long argument, and afterwards Laura said to",16145,2852
63,"Then, Tyler and Nicole had a long argument, and afterwards Nicole said to","Then, Tyler and Nicole had a long argument, and afterwards Kelly said to","Then, Tyler and Nicole had a long argument, and afterwards Tyler said to",23307,27688
437,"Then, Laura and Robert were working at the school. Robert decided to give a kiss to","Then, Laura and Robert were working at the school. Paul decided to give a kiss to","Then, Laura and Robert were working at the school. Laura decided to give a kiss to",16145,5606
609,"When Eric and Megan got a bone at the hospital, Eric decided to give it to","When Eric and Megan got a bone at the hospital, Thomas decided to give it to","When Eric and Megan got a bone at the hospital, Megan decided to give it to",14919,12867
879,"After Samuel and Stephen went to the hospital, Samuel gave a bone to","After Samuel and Stephen went to the hospital, Alexander gave a bone to","After Samuel and Stephen went to the hospital, Stephen gave a bone to",12332,16595
709,"Then, Daniel and Mark were thinking about going to the house. Mark wanted to give a computer to","Then, Daniel and Mark were thinking about going to the house. Brittany wanted to give a computer to","Then, Daniel and Mark were thinking about going to the house. Daniel wanted to give a computer to",8103,3655
68,"When Adam and Jeremy got a drink at the garden, Jeremy decided to give it to","When Adam and Jeremy got a drink at the garden, Ryan decided to give it to","When Adam and Jeremy got a drink at the garden, Adam decided to give it to",10534,24251
646,"Then, Sean and James had a long argument, and afterwards Sean said to","Then, Sean and James had a long argument, and afterwards Charles said to","Then, Sean and James had a long argument, and afterwards James said to",4797,20468
527,"After Samantha and James went to the station, Samantha gave a kiss to","After Samantha and James went to the station, Christopher gave a kiss to","After Samantha and James went to the station, James gave a kiss to",4797,4157
417,"Then, Adam and Ryan were thinking about going to the hospital. Adam wanted to give a bone to","Then, Adam and Ryan were thinking about going to the hospital. Samantha wanted to give a bone to","Then, Adam and Ryan were thinking about going to the hospital. Ryan wanted to give a bone to",13194,10534
219,"After Michael and Mary went to the store, Mary gave a computer to","After Michael and Mary went to the store, Stephanie gave a computer to","After Michael and Mary went to the store, Michael gave a computer to",5459,5480
476,"When Shannon and Jamie got a drink at the hospital, Shannon decided to give it to","When Shannon and Jamie got a drink at the hospital, Daniel decided to give it to","When Shannon and Jamie got a drink at the hospital, Jamie decided to give it to",19017,1295
761,"Then, Vanessa and Elizabeth went to the garden. Elizabeth gave a ring to","Then, Vanessa and Elizabeth went to the garden. Courtney gave a ring to","Then, Vanessa and Elizabeth went to the garden. Vanessa gave a ring to",7647,11289
584,"When Jesse and Steven got a ring at the garden, Steven decided to give it to","When Jesse and Steven got a ring at the garden, Kenneth decided to give it to","When Jesse and Steven got a ring at the garden, Jesse decided to give it to",26689,20257
334,"When David and Sean got a snack at the school, David decided to give it to","When David and Sean got a snack at the school, Heather decided to give it to","When David and Sean got a snack at the school, Sean decided to give it to",20468,4417
776,"Then, Eric and Tyler had a long argument, and afterwards Eric said to","Then, Eric and Tyler had a long argument, and afterwards Lisa said to","Then, Eric and Tyler had a long argument, and afterwards Tyler said to",23307,12867
890,"After Samantha and Mark went to the house, Mark gave a basketball to","After Samantha and Mark went to the house, Richard gave a basketball to","After Samantha and Mark went to the house, Samantha gave a basketball to",4157,3655
945,"Then, James and Eric went to the office. James gave a snack to","Then, James and Eric went to the office. Rebecca gave a snack to","Then, James and Eric went to the office. Eric gave a snack to",12867,4797
522,"Then, Sarah and David were working at the hospital. David decided to give a bone to","Then, Sarah and David were working at the hospital. Robert decided to give a bone to","Then, Sarah and David were working at the hospital. Sarah decided to give a bone to",12642,4417
369,"Then, Justin and Stephen were thinking about going to the house. Stephen wanted to give a drink to","Then, Justin and Stephen were thinking about going to the house. Robert wanted to give a drink to","Then, Justin and Stephen were thinking about going to the house. Justin wanted to give a drink to",21252,12332
325,"Then, Jose and Jamie had a long argument, and afterwards Jose said to","Then, Jose and Jamie had a long argument, and afterwards Mary said to","Then, Jose and Jamie had a long argument, and afterwards Jamie said to",19017,6282
914,"Then, Allison and Jessica went to the garden. Allison gave a computer to","Then, Allison and Jessica went to the garden. Alicia gave a computer to","Then, Allison and Jessica went to the garden. Jessica gave a computer to",24062,1682
292,"Then, Alexander and Amy were thinking about going to the house. Alexander wanted to give a drink to","Then, Alexander and Amy were thinking about going to the house. Jesse wanted to give a drink to","Then, Alexander and Amy were thinking about going to the house. Amy wanted to give a drink to",17723,11055
310,"When Andrea and Jonathan got a computer at the restaurant, Jonathan decided to give it to","When Andrea and Jonathan got a computer at the restaurant, Melissa decided to give it to","When Andrea and Jonathan got a computer at the restaurant, Andrea decided to give it to",24009,16656
588,"Then, Crystal and Jeffrey had a long argument, and afterwards Crystal said to","Then, Crystal and Jeffrey had a long argument, and afterwards Alicia said to","Then, Crystal and Jeffrey had a long argument, and afterwards Jeffrey said to",8678,20254
764,"After Mary and Daniel went to the house, Daniel gave a basketball to","After Mary and Daniel went to the house, Stephen gave a basketball to","After Mary and Daniel went to the house, Mary gave a basketball to",5480,8103
115,"After Melissa and Patrick went to the restaurant, Melissa gave a necklace to","After Melissa and Patrick went to the restaurant, Lindsay gave a necklace to","After Melissa and Patrick went to the restaurant, Patrick gave a necklace to",13687,6522
819,"When Andrea and Timothy got a bone at the garden, Timothy decided to give it to","When Andrea and Timothy got a bone at the garden, Emily decided to give it to","When Andrea and Timothy got a bone at the garden, Andrea decided to give it to",24009,7240
506,"Then, Kenneth and Michelle were thinking about going to the restaurant. Michelle wanted to give a necklace to","Then, Kenneth and Michelle were thinking about going to the restaurant. Jesse wanted to give a necklace to","Then, Kenneth and Michelle were thinking about going to the restaurant. Kenneth wanted to give a necklace to",10960,24970
728,"Then, Sara and Brittany were thinking about going to the station. Sara wanted to give a basketball to","Then, Sara and Brittany were thinking about going to the station. Adam wanted to give a basketball to","Then, Sara and Brittany were thinking about going to the station. Brittany wanted to give a basketball to",1896,23365
656,"Then, Paul and Rebecca went to the restaurant. Paul gave a kiss to","Then, Paul and Rebecca went to the restaurant. Jessica gave a kiss to","Then, Paul and Rebecca went to the restaurant. Rebecca gave a kiss to",26014,3920
997,"Then, Scott and Laura had a lot of fun at the house. Laura gave a ring to","Then, Scott and Laura had a lot of fun at the house. Amber gave a ring to","Then, Scott and Laura had a lot of fun at the house. Scott gave a ring to",7636,16145
853,"Then, Eric and Elizabeth had a long argument, and afterwards Eric said to","Then, Eric and Elizabeth had a long argument, and afterwards Sara said to","Then, Eric and Elizabeth had a long argument, and afterwards Elizabeth said to",11289,12867
249,"Then, Kyle and Michael were thinking about going to the school. Michael wanted to give a snack to","Then, Kyle and Michael were thinking about going to the school. Mary wanted to give a snack to","Then, Kyle and Michael were thinking about going to the school. Kyle wanted to give a snack to",25363,5459
232,"Then, Scott and Jennifer were thinking about going to the hospital. Jennifer wanted to give a computer to","Then, Scott and Jennifer were thinking about going to the hospital. Brian wanted to give a computer to","Then, Scott and Jennifer were thinking about going to the hospital. Scott wanted to give a computer to",7636,21511
810,"After Tyler and Scott went to the station, Scott gave a necklace to","After Tyler and Scott went to the station, Adam gave a necklace to","After Tyler and Scott went to the station, Tyler gave a necklace to",23307,7636
356,"After Matthew and Travis went to the station, Matthew gave a ring to","After Matthew and Travis went to the station, Kimberly gave a ring to","After Matthew and Travis went to the station, Travis gave a ring to",1319,15305
207,"Then, Jeremy and Heather went to the garden. Jeremy gave a ring to","Then, Jeremy and Heather went to the garden. Vanessa gave a ring to","Then, Jeremy and Heather went to the garden. Heather gave a ring to",650,24251
769,"Then, Travis and Elizabeth were thinking about going to the office. Elizabeth wanted to give a necklace to","Then, Travis and Elizabeth were thinking about going to the office. Michelle wanted to give a necklace to","Then, Travis and Elizabeth were thinking about going to the office. Travis wanted to give a necklace to",1319,11289
428,"Then, Robert and Jamie were thinking about going to the school. Jamie wanted to give a basketball to","Then, Robert and Jamie were thinking about going to the school. Erin wanted to give a basketball to","Then, Robert and Jamie were thinking about going to the school. Robert wanted to give a basketball to",5606,19017
712,"Then, Sara and Lauren had a lot of fun at the station. Lauren gave a ring to","Then, Sara and Lauren had a lot of fun at the station. Jacob gave a ring to","Then, Sara and Lauren had a lot of fun at the station. Sara gave a ring to",23365,23119
907,"Then, Brian and Gregory were thinking about going to the restaurant. Gregory wanted to give a drink to","Then, Brian and Gregory were thinking about going to the restaurant. Adam wanted to give a drink to","Then, Brian and Gregory were thinking about going to the restaurant. Brian wanted to give a drink to",12569,27113
309,"Then, Rebecca and Mark had a long argument, and afterwards Mark said to","Then, Rebecca and Mark had a long argument, and afterwards Bradley said to","Then, Rebecca and Mark had a long argument, and afterwards Rebecca said to",26014,3655
695,"After Jeremy and Kristen went to the garden, Jeremy gave a bone to","After Jeremy and Kristen went to the garden, Kelly gave a bone to","After Jeremy and Kristen went to the garden, Kristen gave a bone to",16661,24251
933,"Then, Jennifer and Lindsay had a lot of fun at the school. Jennifer gave a drink to","Then, Jennifer and Lindsay had a lot of fun at the school. Amber gave a drink to","Then, Jennifer and Lindsay had a lot of fun at the school. Lindsay gave a drink to",10100,21511
640,"When Cody and William got a snack at the school, Cody decided to give it to","When Cody and William got a snack at the school, Sean decided to give it to","When Cody and William got a snack at the school, William decided to give it to",4246,334
302,"Then, Jennifer and Amber had a long argument, and afterwards Amber said to","Then, Jennifer and Amber had a long argument, and afterwards Rebecca said to","Then, Jennifer and Amber had a long argument, and afterwards Jennifer said to",21511,330
306,"Then, Sara and Brittany were working at the restaurant. Brittany decided to give a drink to","Then, Sara and Brittany were working at the restaurant. Steven decided to give a drink to","Then, Sara and Brittany were working at the restaurant. Sara decided to give a drink to",23365,1896
283,"Then, Jeffrey and Travis went to the house. Travis gave a ring to","Then, Jeffrey and Travis went to the house. Timothy gave a ring to","Then, Jeffrey and Travis went to the house. Jeffrey gave a ring to",8678,1319
396,"Then, Ashley and Jesse were thinking about going to the school. Ashley wanted to give a bone to","Then, Ashley and Jesse were thinking about going to the school. Jose wanted to give a bone to","Then, Ashley and Jesse were thinking about going to the school. Jesse wanted to give a bone to",26689,10973
710,"Then, Tiffany and Joseph were thinking about going to the office. Joseph wanted to give a kiss to","Then, Tiffany and Joseph were thinking about going to the office. Andrew wanted to give a kiss to","Then, Tiffany and Joseph were thinking about going to the office. Tiffany wanted to give a kiss to",320,8218
31,"Then, Amber and John were thinking about going to the store. John wanted to give a ring to","Then, Amber and John were thinking about going to the store. Scott wanted to give a ring to","Then, Amber and John were thinking about going to the store. Amber wanted to give a ring to",330,2215
171,"Then, Allison and Mark went to the office. Mark gave a drink to","Then, Allison and Mark went to the office. Courtney gave a drink to","Then, Allison and Mark went to the office. Allison gave a drink to",1682,3655
752,"After Christine and Angela went to the store, Angela gave a snack to","After Christine and Angela went to the store, Brandon gave a snack to","After Christine and Angela went to the store, Christine gave a snack to",2393,26991
505,"Then, Lindsay and Brittany were thinking about going to the house. Lindsay wanted to give a necklace to","Then, Lindsay and Brittany were thinking about going to the house. Amanda wanted to give a necklace to","Then, Lindsay and Brittany were thinking about going to the house. Brittany wanted to give a necklace to",1896,10100
828,"Then, Jeremy and Sean had a long argument, and afterwards Sean said to","Then, Jeremy and Sean had a long argument, and afterwards John said to","Then, Jeremy and Sean had a long argument, and afterwards Jeremy said to",24251,20468
141,"Then, Travis and Eric had a long argument, and afterwards Travis said to","Then, Travis and Eric had a long argument, and afterwards Andrew said to","Then, Travis and Eric had a long argument, and afterwards Eric said to",12867,1319
343,"Then, Mary and Sean were thinking about going to the restaurant. Sean wanted to give a necklace to","Then, Mary and Sean were thinking about going to the restaurant. Joseph wanted to give a necklace to","Then, Mary and Sean were thinking about going to the restaurant. Mary wanted to give a necklace to",5480,20468
691,"Then, Bradley and Michelle had a long argument, and afterwards Michelle said to","Then, Bradley and Michelle had a long argument, and afterwards Andrew said to","Then, Bradley and Michelle had a long argument, and afterwards Bradley said to",12906,24970
266,"After Bradley and Kevin went to the school, Bradley gave a drink to","After Bradley and Kevin went to the school, Erin gave a drink to","After Bradley and Kevin went to the school, Kevin gave a drink to",13589,12906
922,"Then, Jennifer and Matthew had a long argument, and afterwards Matthew said to","Then, Jennifer and Matthew had a long argument, and afterwards Katherine said to","Then, Jennifer and Matthew had a long argument, and afterwards Jennifer said to",21511,15305
270,"Then, Brittany and Jacob were working at the hospital. Brittany decided to give a kiss to","Then, Brittany and Jacob were working at the hospital. Erica decided to give a kiss to","Then, Brittany and Jacob were working at the hospital. Jacob decided to give a kiss to",12615,1896
304,"Then, Shannon and Timothy had a lot of fun at the station. Shannon gave a bone to","Then, Shannon and Timothy had a lot of fun at the station. Ashley gave a bone to","Then, Shannon and Timothy had a lot of fun at the station. Timothy gave a bone to",7240,1295
427,"Then, Jamie and Vanessa were working at the hospital. Vanessa decided to give a bone to","Then, Jamie and Vanessa were working at the hospital. Gregory decided to give a bone to","Then, Jamie and Vanessa were working at the hospital. Jamie decided to give a bone to",19017,7647
597,"Then, Jeffrey and Samantha had a lot of fun at the store. Jeffrey gave a drink to","Then, Jeffrey and Samantha had a lot of fun at the store. Jesse gave a drink to","Then, Jeffrey and Samantha had a lot of fun at the store. Samantha gave a drink to",4157,8678
843,"Then, Brittany and Adam were working at the garden. Adam decided to give a drink to","Then, Brittany and Adam were working at the garden. William decided to give a drink to","Then, Brittany and Adam were working at the garden. Brittany decided to give a drink to",1896,10534
3,"Then, Samantha and Jessica had a long argument, and afterwards Samantha said to","Then, Samantha and Jessica had a long argument, and afterwards Jose said to","Then, Samantha and Jessica had a long argument, and afterwards Jessica said to",24062,4157
635,"When Patrick and James got a computer at the station, Patrick decided to give it to","When Patrick and James got a computer at the station, Courtney decided to give it to","When Patrick and James got a computer at the station, James decided to give it to",4797,13687
789,"Then, David and Gregory had a lot of fun at the store. David gave a kiss to","Then, David and Gregory had a lot of fun at the store. Timothy gave a kiss to","Then, David and Gregory had a lot of fun at the store. Gregory gave a kiss to",27113,4417
285,"After Mark and Tyler went to the office, Tyler gave a basketball to","After Mark and Tyler went to the office, Adam gave a basketball to","After Mark and Tyler went to the office, Mark gave a basketball to",3655,23307
372,"When Joseph and Lisa got a kiss at the restaurant, Lisa decided to give it to","When Joseph and Lisa got a kiss at the restaurant, John decided to give it to","When Joseph and Lisa got a kiss at the restaurant, Joseph decided to give it to",8218,18999
173,"Then, Joshua and Jennifer were thinking about going to the house. Jennifer wanted to give a snack to","Then, Joshua and Jennifer were thinking about going to the house. Ryan wanted to give a snack to","Then, Joshua and Jennifer were thinking about going to the house. Joshua wanted to give a snack to",28302,21511
746,"Then, Rachel and Michael had a lot of fun at the garden. Rachel gave a computer to","Then, Rachel and Michael had a lot of fun at the garden. Samuel gave a computer to","Then, Rachel and Michael had a lot of fun at the garden. Michael gave a computer to",5459,16764
18,"Then, Danielle and Sarah went to the store. Danielle gave a computer to","Then, Danielle and Sarah went to the store. Crystal gave a computer to","Then, Danielle and Sarah went to the store. Sarah gave a computer to",12642,8103
734,"Then, Patrick and Paul had a long argument, and afterwards Patrick said to","Then, Patrick and Paul had a long argument, and afterwards Ryan said to","Then, Patrick and Paul had a long argument, and afterwards Paul said to",3920,13687
744,"Then, Kelly and Andrew were thinking about going to the store. Kelly wanted to give a ring to","Then, Kelly and Andrew were thinking about going to the store. Alicia wanted to give a ring to","Then, Kelly and Andrew were thinking about going to the store. Andrew wanted to give a ring to",10390,15282
205,"When Tiffany and Amy got a basketball at the hospital, Amy decided to give it to","When Tiffany and Amy got a basketball at the hospital, Rachel decided to give it to","When Tiffany and Amy got a basketball at the hospital, Tiffany decided to give it to",320,17723
794,"Then, Tiffany and Mary had a long argument, and afterwards Tiffany said to","Then, Tiffany and Mary had a long argument, and afterwards Scott said to","Then, Tiffany and Mary had a long argument, and afterwards Mary said to",5480,320
88,"Then, Jason and Robert were working at the hospital. Robert decided to give a kiss to","Then, Jason and Robert were working at the hospital. Rebecca decided to give a kiss to","Then, Jason and Robert were working at the hospital. Jason decided to give a kiss to",14877,5606
671,"When Dustin and Allison got a basketball at the school, Allison decided to give it to","When Dustin and Allison got a basketball at the school, Gregory decided to give it to","When Dustin and Allison got a basketball at the school, Dustin decided to give it to",384,1682
579,"Then, Lisa and Sarah were working at the hospital. Lisa decided to give a necklace to","Then, Lisa and Sarah were working at the hospital. Joseph decided to give a necklace to","Then, Lisa and Sarah were working at the hospital. Sarah decided to give a necklace to",12642,18999
962,"Then, Melissa and Michelle had a long argument, and afterwards Michelle said to","Then, Melissa and Michelle had a long argument, and afterwards Alexander said to","Then, Melissa and Michelle had a long argument, and afterwards Melissa said to",6522,24970
402,"Then, Steven and Brittany went to the restaurant. Steven gave a drink to","Then, Steven and Brittany went to the restaurant. Vanessa gave a drink to","Then, Steven and Brittany went to the restaurant. Brittany gave a drink to",1896,20257
641,"After Kevin and Mary went to the office, Mary gave a snack to","After Kevin and Mary went to the office, Anthony gave a snack to","After Kevin and Mary went to the office, Kevin gave a snack to",13589,5480
7,"Then, Robert and Laura were working at the station. Robert decided to give a bone to","Then, Robert and Laura were working at the station. Crystal decided to give a bone to","Then, Robert and Laura were working at the station. Laura decided to give a bone to",16145,5606
333,"Then, Brian and Jennifer had a lot of fun at the house. Brian gave a computer to","Then, Brian and Jennifer had a lot of fun at the house. David gave a computer to","Then, Brian and Jennifer had a lot of fun at the house. Jennifer gave a computer to",21511,12569
937,"When Samuel and Sean got a computer at the garden, Samuel decided to give it to","When Samuel and Sean got a computer at the garden, Bryan decided to give it to","When Samuel and Sean got a computer at the garden, Sean decided to give it to",20468,16595
467,"After Alexander and Kenneth went to the office, Kenneth gave a drink to","After Alexander and Kenneth went to the office, Ryan gave a drink to","After Alexander and Kenneth went to the office, Alexander gave a drink to",11055,10960
567,"Then, Steven and Scott had a long argument, and afterwards Scott said to","Then, Steven and Scott had a long argument, and afterwards Paul said to","Then, Steven and Scott had a long argument, and afterwards Steven said to",20257,7636
150,"Then, Tiffany and Andrea had a long argument, and afterwards Andrea said to","Then, Tiffany and Andrea had a long argument, and afterwards Kenneth said to","Then, Tiffany and Andrea had a long argument, and afterwards Tiffany said to",320,24009
307,"Then, Alexander and Christopher were thinking about going to the store. Christopher wanted to give a drink to","Then, Alexander and Christopher were thinking about going to the store. Brian wanted to give a drink to","Then, Alexander and Christopher were thinking about going to the store. Alexander wanted to give a drink to",11055,17561
19,"Then, Alicia and James had a lot of fun at the school. Alicia gave a ring to","Then, Alicia and James had a lot of fun at the school. Benjamin gave a ring to","Then, Alicia and James had a lot of fun at the school. James gave a ring to",4797,330
540,"Then, Rachel and Andrew were working at the school. Andrew decided to give a computer to","Then, Rachel and Andrew were working at the school. Rebecca decided to give a computer to","Then, Rachel and Andrew were working at the school. Rachel decided to give a computer to",16764,10390
190,"Then, Samantha and Lindsay were thinking about going to the house. Lindsay wanted to give a drink to","Then, Samantha and Lindsay were thinking about going to the house. Laura wanted to give a drink to","Then, Samantha and Lindsay were thinking about going to the house. Samantha wanted to give a drink to",4157,10100
963,"When Melissa and Joshua got a snack at the store, Joshua decided to give it to","When Melissa and Joshua got a snack at the store, Nicholas decided to give it to","When Melissa and Joshua got a snack at the store, Melissa decided to give it to",6522,28302
925,"Then, Lisa and Sara went to the garden. Lisa gave a drink to","Then, Lisa and Sara went to the garden. Crystal gave a drink to","Then, Lisa and Sara went to the garden. Sara gave a drink to",23365,18999
763,"Then, Eric and Samantha had a long argument, and afterwards Eric said to","Then, Eric and Samantha had a long argument, and afterwards Courtney said to","Then, Eric and Samantha had a long argument, and afterwards Samantha said to",4157,12867
64,"After Charles and Jonathan went to the store, Jonathan gave a computer to","After Charles and Jonathan went to the store, Sean gave a computer to","After Charles and Jonathan went to the store, Charles gave a computer to",6427,16656
562,"Then, Erin and Shannon were working at the house. Erin decided to give a drink to","Then, Erin and Shannon were working at the house. Rebecca decided to give a drink to","Then, Erin and Shannon were working at the house. Shannon decided to give a drink to",1295,2852
788,"After Shannon and Jacob went to the office, Shannon gave a kiss to","After Shannon and Jacob went to the office, Amy gave a kiss to","After Shannon and Jacob went to the office, Jacob gave a kiss to",12615,1295
445,"Then, Kimberly and Jessica were thinking about going to the store. Kimberly wanted to give a computer to","Then, Kimberly and Jessica were thinking about going to the store. Angela wanted to give a computer to","Then, Kimberly and Jessica were thinking about going to the store. Jessica wanted to give a computer to",24062,10791
801,"Then, Courtney and Nathan had a lot of fun at the station. Nathan gave a kiss to","Then, Courtney and Nathan had a lot of fun at the station. Gregory gave a kiss to","Then, Courtney and Nathan had a lot of fun at the station. Courtney gave a kiss to",6924,20514
365,"Then, Joshua and Sean were thinking about going to the office. Joshua wanted to give a drink to","Then, Joshua and Sean were thinking about going to the office. Anthony wanted to give a drink to","Then, Joshua and Sean were thinking about going to the office. Sean wanted to give a drink to",20468,28302
337,"Then, James and John were working at the school. James decided to give a bone to","Then, James and John were working at the school. Benjamin decided to give a bone to","Then, James and John were working at the school. John decided to give a bone to",2215,4797
259,"Then, Kristen and Samuel were working at the office. Kristen decided to give a snack to","Then, Kristen and Samuel were working at the office. Heather decided to give a snack to","Then, Kristen and Samuel were working at the office. Samuel decided to give a snack to",16595,16661
239,"After Matthew and Megan went to the office, Megan gave a computer to","After Matthew and Megan went to the office, Nathan gave a computer to","After Matthew and Megan went to the office, Matthew gave a computer to",15305,14919
837,"Then, Jacob and Shannon had a long argument, and afterwards Shannon said to","Then, Jacob and Shannon had a long argument, and afterwards Bradley said to","Then, Jacob and Shannon had a long argument, and afterwards Jacob said to",12615,1295
999,"Then, Brittany and David went to the garden. David gave a computer to","Then, Brittany and David went to the garden. Mark gave a computer to","Then, Brittany and David went to the garden. Brittany gave a computer to",1896,4417
243,"After Richard and Scott went to the restaurant, Richard gave a basketball to","After Richard and Scott went to the restaurant, Courtney gave a basketball to","After Richard and Scott went to the restaurant, Scott gave a basketball to",7636,6359
413,"Then, Bryan and Bradley were thinking about going to the house. Bradley wanted to give a necklace to","Then, Bryan and Bradley were thinking about going to the house. Laura wanted to give a necklace to","Then, Bryan and Bradley were thinking about going to the house. Bryan wanted to give a necklace to",27919,12906
908,"Then, Vanessa and Paul had a lot of fun at the school. Paul gave a basketball to","Then, Vanessa and Paul had a lot of fun at the school. Angela gave a basketball to","Then, Vanessa and Paul had a lot of fun at the school. Vanessa gave a basketball to",7647,3920
13,"Then, Ashley and Erica had a lot of fun at the station. Ashley gave a computer to","Then, Ashley and Erica had a lot of fun at the station. Lauren gave a computer to","Then, Ashley and Erica had a lot of fun at the station. Erica gave a computer to",2852,10973
280,"After Lindsay and Bradley went to the office, Bradley gave a basketball to","After Lindsay and Bradley went to the office, Tyler gave a basketball to","After Lindsay and Bradley went to the office, Lindsay gave a basketball to",10100,12906
770,"Then, Amanda and James were working at the store. James decided to give a ring to","Then, Amanda and James were working at the store. Jonathan decided to give a ring to","Then, Amanda and James were working at the store. Amanda decided to give a ring to",26413,4797
596,"Then, Jose and Alexander had a lot of fun at the hospital. Jose gave a necklace to","Then, Jose and Alexander had a lot of fun at the hospital. Andrew gave a necklace to","Then, Jose and Alexander had a lot of fun at the hospital. Alexander gave a necklace to",11055,6282
352,"After Jonathan and Courtney went to the house, Jonathan gave a basketball to","After Jonathan and Courtney went to the house, Jennifer gave a basketball to","After Jonathan and Courtney went to the house, Courtney gave a basketball to",6924,16656
680,"Then, Danielle and Jessica had a lot of fun at the restaurant. Jessica gave a ring to","Then, Danielle and Jessica had a lot of fun at the restaurant. Nathan gave a ring to","Then, Danielle and Jessica had a lot of fun at the restaurant. Danielle gave a ring to",8103,24062
51,"Then, Daniel and Laura had a lot of fun at the store. Daniel gave a snack to","Then, Daniel and Laura had a lot of fun at the store. Aaron gave a snack to","Then, Daniel and Laura had a lot of fun at the store. Laura gave a snack to",16145,8103
364,"When Lindsey and Sara got a snack at the station, Sara decided to give it to","When Lindsey and Sara got a snack at the station, Alexander decided to give it to","When Lindsey and Sara got a snack at the station, Lindsey decided to give it to",10100,23365
859,"Then, Lisa and Stephen were working at the store. Stephen decided to give a kiss to","Then, Lisa and Stephen were working at the store. Christina decided to give a kiss to","Then, Lisa and Stephen were working at the store. Lisa decided to give a kiss to",18999,12332
882,"Then, Jonathan and Stephanie had a lot of fun at the house. Stephanie gave a bone to","Then, Jonathan and Stephanie had a lot of fun at the house. Vanessa gave a bone to","Then, Jonathan and Stephanie had a lot of fun at the house. Jonathan gave a bone to",16656,27316
198,"Then, William and Andrew had a lot of fun at the station. William gave a snack to","Then, William and Andrew had a lot of fun at the station. Justin gave a snack to","Then, William and Andrew had a lot of fun at the station. Andrew gave a snack to",10390,4246
269,"Then, Sarah and Stephen had a lot of fun at the store. Stephen gave a drink to","Then, Sarah and Stephen had a lot of fun at the store. Samuel gave a drink to","Then, Sarah and Stephen had a lot of fun at the store. Sarah gave a drink to",12642,12332
474,"When Richard and Jose got a kiss at the restaurant, Jose decided to give it to","When Richard and Jose got a kiss at the restaurant, Kevin decided to give it to","When Richard and Jose got a kiss at the restaurant, Richard decided to give it to",6359,6282
756,"Then, Joshua and Matthew were working at the store. Matthew decided to give a necklace to","Then, Joshua and Matthew were working at the store. Samuel decided to give a necklace to","Then, Joshua and Matthew were working at the store. Joshua decided to give a necklace to",28302,15305
233,"Then, Mark and Amy were thinking about going to the station. Mark wanted to give a drink to","Then, Mark and Amy were thinking about going to the station. Christine wanted to give a drink to","Then, Mark and Amy were thinking about going to the station. Amy wanted to give a drink to",17723,3655
673,"Then, Christopher and Sean went to the restaurant. Christopher gave a ring to","Then, Christopher and Sean went to the restaurant. Joshua gave a ring to","Then, Christopher and Sean went to the restaurant. Sean gave a ring to",20468,17561
877,"When Elizabeth and Charles got a computer at the office, Charles decided to give it to","When Elizabeth and Charles got a computer at the office, David decided to give it to","When Elizabeth and Charles got a computer at the office, Elizabeth decided to give it to",11289,6427
210,"Then, Patrick and William had a lot of fun at the hospital. William gave a necklace to","Then, Patrick and William had a lot of fun at the hospital. Ryan gave a necklace to","Then, Patrick and William had a lot of fun at the hospital. Patrick gave a necklace to",13687,4246
390,"When Lisa and Alicia got a kiss at the hospital, Alicia decided to give it to","When Lisa and Alicia got a kiss at the hospital, Elizabeth decided to give it to","When Lisa and Alicia got a kiss at the hospital, Lisa decided to give it to",18999,330
777,"Then, Nathan and Christina had a long argument, and afterwards Christina said to","Then, Nathan and Christina had a long argument, and afterwards Brittany said to","Then, Nathan and Christina had a long argument, and afterwards Nathan said to",20514,2393
169,"Then, Crystal and Samuel were thinking about going to the store. Crystal wanted to give a snack to","Then, Crystal and Samuel were thinking about going to the store. Alexander wanted to give a snack to","Then, Crystal and Samuel were thinking about going to the store. Samuel wanted to give a snack to",16595,20254
838,"Then, Anthony and Tiffany were working at the garden. Anthony decided to give a snack to","Then, Anthony and Tiffany were working at the garden. Andrew decided to give a snack to","Then, Anthony and Tiffany were working at the garden. Tiffany decided to give a snack to",320,15089
845,"Then, Angela and Adam were working at the hospital. Adam decided to give a bone to","Then, Angela and Adam were working at the hospital. Patrick decided to give a bone to","Then, Angela and Adam were working at the hospital. Angela decided to give a bone to",26991,10534
822,"Then, Jennifer and Adam went to the garden. Adam gave a bone to","Then, Jennifer and Adam went to the garden. Megan gave a bone to","Then, Jennifer and Adam went to the garden. Jennifer gave a bone to",21511,10534
923,"Then, Dustin and Emily had a long argument, and afterwards Emily said to","Then, Dustin and Emily had a long argument, and afterwards Eric said to","Then, Dustin and Emily had a long argument, and afterwards Dustin said to",384,16941
623,"Then, Charles and John went to the school. John gave a kiss to","Then, Charles and John went to the school. Rebecca gave a kiss to","Then, Charles and John went to the school. Charles gave a kiss to",6427,2215
349,"After Nathan and Paul went to the hospital, Nathan gave a ring to","After Nathan and Paul went to the hospital, Amber gave a ring to","After Nathan and Paul went to the hospital, Paul gave a ring to",3920,20514
702,"Then, Melissa and Kyle went to the school. Melissa gave a bone to","Then, Melissa and Kyle went to the school. Sean gave a bone to","Then, Melissa and Kyle went to the school. Kyle gave a bone to",25363,6522
180,"Then, William and Brittany were thinking about going to the school. Brittany wanted to give a drink to","Then, William and Brittany were thinking about going to the school. Megan wanted to give a drink to","Then, William and Brittany were thinking about going to the school. William wanted to give a drink to",4246,1896
800,"Then, Mark and Jesse went to the hospital. Jesse gave a drink to","Then, Mark and Jesse went to the hospital. Courtney gave a drink to","Then, Mark and Jesse went to the hospital. Mark gave a drink to",3655,26689
142,"Then, Gregory and Kevin were working at the station. Gregory decided to give a ring to","Then, Gregory and Kevin were working at the station. Jeffrey decided to give a ring to","Then, Gregory and Kevin were working at the station. Kevin decided to give a ring to",13589,27113
158,"Then, Jessica and Richard had a long argument, and afterwards Jessica said to","Then, Jessica and Richard had a long argument, and afterwards Katherine said to","Then, Jessica and Richard had a long argument, and afterwards Richard said to",6359,24062
726,"Then, Cody and Kelly were working at the house. Kelly decided to give a basketball to","Then, Cody and Kelly were working at the house. Jason decided to give a basketball to","Then, Cody and Kelly were working at the house. Cody decided to give a basketball to",334,15282
336,"Then, Crystal and Shannon had a lot of fun at the station. Shannon gave a basketball to","Then, Crystal and Shannon had a lot of fun at the station. Aaron gave a basketball to","Then, Crystal and Shannon had a lot of fun at the station. Crystal gave a basketball to",20254,1295
654,"Then, Emily and Michelle had a lot of fun at the school. Emily gave a ring to","Then, Emily and Michelle had a lot of fun at the school. Lisa gave a ring to","Then, Emily and Michelle had a lot of fun at the school. Michelle gave a ring to",24970,16941
906,"After Gregory and Kimberly went to the house, Kimberly gave a bone to","After Gregory and Kimberly went to the house, Michael gave a bone to","After Gregory and Kimberly went to the house, Gregory gave a bone to",27113,10791
902,"When Travis and Alicia got a bone at the station, Travis decided to give it to","When Travis and Alicia got a bone at the station, Shannon decided to give it to","When Travis and Alicia got a bone at the station, Alicia decided to give it to",330,1319
863,"Then, Stephanie and Samantha had a long argument, and afterwards Samantha said to","Then, Stephanie and Samantha had a long argument, and afterwards Danielle said to","Then, Stephanie and Samantha had a long argument, and afterwards Stephanie said to",27316,4157
771,"Then, Joshua and Jesse were working at the restaurant. Jesse decided to give a ring to","Then, Joshua and Jesse were working at the restaurant. Vanessa decided to give a ring to","Then, Joshua and Jesse were working at the restaurant. Joshua decided to give a ring to",28302,26689
83,"Then, Jason and Steven had a long argument, and afterwards Steven said to","Then, Jason and Steven had a long argument, and afterwards Timothy said to","Then, Jason and Steven had a long argument, and afterwards Jason said to",14877,20257
466,"Then, Rebecca and Kristen were working at the office. Rebecca decided to give a bone to","Then, Rebecca and Kristen were working at the office. Katie decided to give a bone to","Then, Rebecca and Kristen were working at the office. Kristen decided to give a bone to",16661,26014
449,"Then, Mark and Brittany were thinking about going to the garden. Mark wanted to give a bone to","Then, Mark and Brittany were thinking about going to the garden. Christine wanted to give a bone to","Then, Mark and Brittany were thinking about going to the garden. Brittany wanted to give a bone to",1896,3655
916,"Then, Rebecca and Shannon were working at the house. Shannon decided to give a bone to","Then, Rebecca and Shannon were working at the house. Joshua decided to give a bone to","Then, Rebecca and Shannon were working at the house. Rebecca decided to give a bone to",26014,1295
924,"After Crystal and Kristen went to the garden, Crystal gave a necklace to","After Crystal and Kristen went to the garden, Elizabeth gave a necklace to","After Crystal and Kristen went to the garden, Kristen gave a necklace to",16661,20254
558,"Then, Elizabeth and Ryan had a lot of fun at the store. Ryan gave a necklace to","Then, Elizabeth and Ryan had a lot of fun at the store. Jacob gave a necklace to","Then, Elizabeth and Ryan had a lot of fun at the store. Elizabeth gave a necklace to",11289,13194
461,"Then, Allison and Samantha went to the garden. Allison gave a computer to","Then, Allison and Samantha went to the garden. David gave a computer to","Then, Allison and Samantha went to the garden. Samantha gave a computer to",4157,1682
592,"Then, Jonathan and Kevin were thinking about going to the restaurant. Kevin wanted to give a kiss to","Then, Jonathan and Kevin were thinking about going to the restaurant. Bryan wanted to give a kiss to","Then, Jonathan and Kevin were thinking about going to the restaurant. Jonathan wanted to give a kiss to",16656,13589
200,"Then, Dustin and Crystal had a long argument, and afterwards Crystal said to","Then, Dustin and Crystal had a long argument, and afterwards Jesse said to","Then, Dustin and Crystal had a long argument, and afterwards Dustin said to",384,20254
749,"Then, Lindsay and Angela went to the school. Angela gave a snack to","Then, Lindsay and Angela went to the school. Sarah gave a snack to","Then, Lindsay and Angela went to the school. Lindsay gave a snack to",10100,26991
742,"Then, Jennifer and Michael went to the station. Michael gave a necklace to","Then, Jennifer and Michael went to the station. Justin gave a necklace to","Then, Jennifer and Michael went to the station. Jennifer gave a necklace to",21511,5459
453,"After Mark and Timothy went to the house, Timothy gave a kiss to","After Mark and Timothy went to the house, Jamie gave a kiss to","After Mark and Timothy went to the house, Mark gave a kiss to",3655,7240
254,"Then, Bryan and Brian were thinking about going to the hospital. Bryan wanted to give a snack to","Then, Bryan and Brian were thinking about going to the hospital. Patrick wanted to give a snack to","Then, Bryan and Brian were thinking about going to the hospital. Brian wanted to give a snack to",12569,27919
45,"Then, Kristen and Andrew were working at the hospital. Kristen decided to give a kiss to","Then, Kristen and Andrew were working at the hospital. Anthony decided to give a kiss to","Then, Kristen and Andrew were working at the hospital. Andrew decided to give a kiss to",10390,16661
542,"After Elizabeth and Stephen went to the store, Elizabeth gave a kiss to","After Elizabeth and Stephen went to the store, Amber gave a kiss to","After Elizabeth and Stephen went to the store, Stephen gave a kiss to",12332,11289
957,"Then, Melissa and Nicholas had a long argument, and afterwards Nicholas said to","Then, Melissa and Nicholas had a long argument, and afterwards James said to","Then, Melissa and Nicholas had a long argument, and afterwards Melissa said to",6522,22676
883,"Then, Samantha and Bradley had a lot of fun at the school. Samantha gave a ring to","Then, Samantha and Bradley had a lot of fun at the school. Ryan gave a ring to","Then, Samantha and Bradley had a lot of fun at the school. Bradley gave a ring to",12906,4157
289,"Then, Jennifer and Danielle were working at the hospital. Jennifer decided to give a ring to","Then, Jennifer and Danielle were working at the hospital. Brandon decided to give a ring to","Then, Jennifer and Danielle were working at the hospital. Danielle decided to give a ring to",8103,21511
979,"Then, Allison and Stephen had a lot of fun at the office. Stephen gave a snack to","Then, Allison and Stephen had a lot of fun at the office. Lisa gave a snack to","Then, Allison and Stephen had a lot of fun at the office. Allison gave a snack to",1682,12332
492,"Then, Cody and Emily went to the garden. Emily gave a basketball to","Then, Cody and Emily went to the garden. Lisa gave a basketball to","Then, Cody and Emily went to the garden. Cody gave a basketball to",334,16941
787,"Then, Lindsay and Bryan had a long argument, and afterwards Lindsay said to","Then, Lindsay and Bryan had a long argument, and afterwards Ryan said to","Then, Lindsay and Bryan had a long argument, and afterwards Bryan said to",27919,10100
497,"Then, Benjamin and Jeffrey went to the restaurant. Benjamin gave a ring to","Then, Benjamin and Jeffrey went to the restaurant. Katie gave a ring to","Then, Benjamin and Jeffrey went to the restaurant. Jeffrey gave a ring to",8678,18258
242,"Then, Bradley and Christopher were working at the station. Christopher decided to give a basketball to","Then, Bradley and Christopher were working at the station. Michelle decided to give a basketball to","Then, Bradley and Christopher were working at the station. Bradley decided to give a basketball to",12906,17561
627,"Then, Jeffrey and Mark went to the office. Jeffrey gave a basketball to","Then, Jeffrey and Mark went to the office. Brandon gave a basketball to","Then, Jeffrey and Mark went to the office. Mark gave a basketball to",3655,8678
644,"Then, Angela and Mark went to the office. Angela gave a kiss to","Then, Angela and Mark went to the office. Bradley gave a kiss to","Then, Angela and Mark went to the office. Mark gave a kiss to",3655,26991
552,"Then, Heather and Brandon went to the school. Heather gave a computer to","Then, Heather and Brandon went to the school. Kevin gave a computer to","Then, Heather and Brandon went to the school. Brandon gave a computer to",1896,650
601,"Then, John and Jessica had a long argument, and afterwards John said to","Then, John and Jessica had a long argument, and afterwards Angela said to","Then, John and Jessica had a long argument, and afterwards Jessica said to",24062,2215
21,"Then, Ryan and Daniel went to the station. Daniel gave a bone to","Then, Ryan and Daniel went to the station. Stephanie gave a bone to","Then, Ryan and Daniel went to the station. Ryan gave a bone to",13194,8103
329,"After Erin and Scott went to the restaurant, Erin gave a ring to","After Erin and Scott went to the restaurant, Kyle gave a ring to","After Erin and Scott went to the restaurant, Scott gave a ring to",7636,2852
121,"When Brittany and Melissa got a kiss at the house, Melissa decided to give it to","When Brittany and Melissa got a kiss at the house, Heather decided to give it to","When Brittany and Melissa got a kiss at the house, Brittany decided to give it to",1896,6522
831,"Then, Mark and Erin had a lot of fun at the office. Erin gave a drink to","Then, Mark and Erin had a lot of fun at the office. Jonathan gave a drink to","Then, Mark and Erin had a lot of fun at the office. Mark gave a drink to",3655,2852
296,"Then, Joshua and Kristen went to the restaurant. Joshua gave a necklace to","Then, Joshua and Kristen went to the restaurant. Brittany gave a necklace to","Then, Joshua and Kristen went to the restaurant. Kristen gave a necklace to",16661,28302
608,"Then, Michael and Heather were thinking about going to the store. Heather wanted to give a basketball to","Then, Michael and Heather were thinking about going to the store. Nathan wanted to give a basketball to","Then, Michael and Heather were thinking about going to the store. Michael wanted to give a basketball to",5459,650
716,"After James and Allison went to the school, James gave a ring to","After James and Allison went to the school, Rachel gave a ring to","After James and Allison went to the school, Allison gave a ring to",1682,4797
208,"Then, Sean and Matthew were working at the office. Sean decided to give a bone to","Then, Sean and Matthew were working at the office. Erin decided to give a bone to","Then, Sean and Matthew were working at the office. Matthew decided to give a bone to",15305,20468
706,"Then, Katie and Paul had a lot of fun at the restaurant. Paul gave a bone to","Then, Katie and Paul had a lot of fun at the restaurant. Kelly gave a bone to","Then, Katie and Paul had a lot of fun at the restaurant. Katie gave a bone to",524,3920
747,"Then, Stephen and Lauren had a lot of fun at the house. Stephen gave a basketball to","Then, Stephen and Lauren had a lot of fun at the house. Christina gave a basketball to","Then, Stephen and Lauren had a lot of fun at the house. Lauren gave a basketball to",23119,12332
895,"When Brittany and John got a necklace at the garden, John decided to give it to","When Brittany and John got a necklace at the garden, Lindsay decided to give it to","When Brittany and John got a necklace at the garden, Brittany decided to give it to",1896,2215
222,"Then, Matthew and Heather went to the office. Matthew gave a ring to","Then, Matthew and Heather went to the office. Melissa gave a ring to","Then, Matthew and Heather went to the office. Heather gave a ring to",650,15305
132,"Then, Brandon and Jason had a long argument, and afterwards Brandon said to","Then, Brandon and Jason had a long argument, and afterwards Mary said to","Then, Brandon and Jason had a long argument, and afterwards Jason said to",14877,1896
658,"Then, Rachel and Lauren had a long argument, and afterwards Rachel said to","Then, Rachel and Lauren had a long argument, and afterwards Adam said to","Then, Rachel and Lauren had a long argument, and afterwards Lauren said to",23119,16764
10,"When Timothy and Jennifer got a drink at the hospital, Timothy decided to give it to","When Timothy and Jennifer got a drink at the hospital, Bradley decided to give it to","When Timothy and Jennifer got a drink at the hospital, Jennifer decided to give it to",21511,7240
796,"After Joseph and Amanda went to the house, Amanda gave a bone to","After Joseph and Amanda went to the house, Jeffrey gave a bone to","After Joseph and Amanda went to the house, Joseph gave a bone to",8218,26413
38,"Then, Eric and Christina were thinking about going to the office. Eric wanted to give a kiss to","Then, Eric and Christina were thinking about going to the office. Jamie wanted to give a kiss to","Then, Eric and Christina were thinking about going to the office. Christina wanted to give a kiss to",2393,12867
22,"Then, Tiffany and Samuel went to the house. Tiffany gave a bone to","Then, Tiffany and Samuel went to the house. John gave a bone to","Then, Tiffany and Samuel went to the house. Samuel gave a bone to",16595,320
54,"Then, Cody and Bradley had a lot of fun at the garden. Cody gave a drink to","Then, Cody and Bradley had a lot of fun at the garden. Rebecca gave a drink to","Then, Cody and Bradley had a lot of fun at the garden. Bradley gave a drink to",12906,334
683,"When Gregory and Timothy got a snack at the store, Gregory decided to give it to","When Gregory and Timothy got a snack at the store, Christina decided to give it to","When Gregory and Timothy got a snack at the store, Timothy decided to give it to",7240,27113
687,"When Bradley and Andrew got a ring at the office, Andrew decided to give it to","When Bradley and Andrew got a ring at the office, Kimberly decided to give it to","When Bradley and Andrew got a ring at the office, Bradley decided to give it to",12906,10390
511,"When Erica and Katie got a basketball at the station, Erica decided to give it to","When Erica and Katie got a basketball at the station, Jason decided to give it to","When Erica and Katie got a basketball at the station, Katie decided to give it to",524,2852
392,"Then, Thomas and Kevin had a long argument, and afterwards Thomas said to","Then, Thomas and Kevin had a long argument, and afterwards Andrea said to","Then, Thomas and Kevin had a long argument, and afterwards Kevin said to",13589,6083
405,"Then, Heather and Sarah had a long argument, and afterwards Sarah said to","Then, Heather and Sarah had a long argument, and afterwards Danielle said to","Then, Heather and Sarah had a long argument, and afterwards Heather said to",650,12642
406,"Then, Sean and Amy were working at the school. Amy decided to give a drink to","Then, Sean and Amy were working at the school. Jesse decided to give a drink to","Then, Sean and Amy were working at the school. Sean decided to give a drink to",20468,17723
439,"When Paul and Bryan got a computer at the store, Paul decided to give it to","When Paul and Bryan got a computer at the store, Christine decided to give it to","When Paul and Bryan got a computer at the store, Bryan decided to give it to",27919,3920
600,"After Kelly and Kenneth went to the restaurant, Kelly gave a snack to","After Kelly and Kenneth went to the restaurant, Daniel gave a snack to","After Kelly and Kenneth went to the restaurant, Kenneth gave a snack to",10960,15282
730,"Then, Ryan and Scott went to the store. Scott gave a ring to","Then, Ryan and Scott went to the store. Gregory gave a ring to","Then, Ryan and Scott went to the store. Ryan gave a ring to",13194,7636
969,"When Kevin and Alicia got a drink at the station, Alicia decided to give it to","When Kevin and Alicia got a drink at the station, Nicholas decided to give it to","When Kevin and Alicia got a drink at the station, Kevin decided to give it to",13589,330
409,"Then, Aaron and Matthew were working at the restaurant. Matthew decided to give a necklace to","Then, Aaron and Matthew were working at the restaurant. Kevin decided to give a necklace to","Then, Aaron and Matthew were working at the restaurant. Aaron decided to give a necklace to",20486,15305
929,"When Katie and Paul got a kiss at the station, Katie decided to give it to","When Katie and Paul got a kiss at the station, Stephen decided to give it to","When Katie and Paul got a kiss at the station, Paul decided to give it to",3920,524
806,"Then, Patrick and Brian had a lot of fun at the school. Patrick gave a basketball to","Then, Patrick and Brian had a lot of fun at the school. Mary gave a basketball to","Then, Patrick and Brian had a lot of fun at the school. Brian gave a basketball to",12569,13687
164,"Then, Travis and Christopher were working at the hospital. Travis decided to give a computer to","Then, Travis and Christopher were working at the hospital. Lisa decided to give a computer to","Then, Travis and Christopher were working at the hospital. Christopher decided to give a computer to",17561,1319
160,"Then, Christopher and Michael had a lot of fun at the store. Christopher gave a basketball to","Then, Christopher and Michael had a lot of fun at the store. Kevin gave a basketball to","Then, Christopher and Michael had a lot of fun at the store. Michael gave a basketball to",5459,17561
98,"Then, Joshua and Christopher had a long argument, and afterwards Joshua said to","Then, Joshua and Christopher had a long argument, and afterwards Alexander said to","Then, Joshua and Christopher had a long argument, and afterwards Christopher said to",17561,28302
667,"Then, Jeremy and Tyler had a lot of fun at the restaurant. Jeremy gave a bone to","Then, Jeremy and Tyler had a lot of fun at the restaurant. Paul gave a bone to","Then, Jeremy and Tyler had a lot of fun at the restaurant. Tyler gave a bone to",23307,24251
479,"Then, Ashley and Anthony were working at the house. Ashley decided to give a kiss to","Then, Ashley and Anthony were working at the house. Alexander decided to give a kiss to","Then, Ashley and Anthony were working at the house. Anthony decided to give a kiss to",15089,10973
96,"Then, Angela and Nicholas had a long argument, and afterwards Nicholas said to","Then, Angela and Nicholas had a long argument, and afterwards Jacob said to","Then, Angela and Nicholas had a long argument, and afterwards Angela said to",26991,22676
989,"Then, David and Mark had a lot of fun at the house. David gave a drink to","Then, David and Mark had a lot of fun at the house. Joseph gave a drink to","Then, David and Mark had a lot of fun at the house. Mark gave a drink to",3655,4417
918,"Then, Katie and Mark were working at the store. Mark decided to give a bone to","Then, Katie and Mark were working at the store. Robert decided to give a bone to","Then, Katie and Mark were working at the store. Katie decided to give a bone to",524,3655
377,"Then, Jesse and Jose had a long argument, and afterwards Jose said to","Then, Jesse and Jose had a long argument, and afterwards Lindsay said to","Then, Jesse and Jose had a long argument, and afterwards Jesse said to",26689,6282
703,"Then, Lindsey and Justin were thinking about going to the house. Justin wanted to give a ring to","Then, Lindsey and Justin were thinking about going to the house. Andrew wanted to give a ring to","Then, Lindsey and Justin were thinking about going to the house. Lindsey wanted to give a ring to",10100,21252
34,"Then, Erica and Sarah had a long argument, and afterwards Sarah said to","Then, Erica and Sarah had a long argument, and afterwards Jeffrey said to","Then, Erica and Sarah had a long argument, and afterwards Erica said to",2852,12642
458,"Then, Tiffany and Bradley were working at the store. Tiffany decided to give a drink to","Then, Tiffany and Bradley were working at the store. Kenneth decided to give a drink to","Then, Tiffany and Bradley were working at the store. Bradley decided to give a drink to",12906,320
75,"When Heather and Megan got a kiss at the store, Megan decided to give it to","When Heather and Megan got a kiss at the store, Shannon decided to give it to","When Heather and Megan got a kiss at the store, Heather decided to give it to",650,14919
678,"Then, Vanessa and Aaron were thinking about going to the school. Aaron wanted to give a snack to","Then, Vanessa and Aaron were thinking about going to the school. Rebecca wanted to give a snack to","Then, Vanessa and Aaron were thinking about going to the school. Vanessa wanted to give a snack to",7647,20486
456,"After Angela and Stephanie went to the house, Angela gave a kiss to","After Angela and Stephanie went to the house, Vanessa gave a kiss to","After Angela and Stephanie went to the house, Stephanie gave a kiss to",27316,26991
757,"After Laura and Nicholas went to the hospital, Nicholas gave a necklace to","After Laura and Nicholas went to the hospital, Katherine gave a necklace to","After Laura and Nicholas went to the hospital, Laura gave a necklace to",16145,22676
128,"Then, Christopher and Brian had a long argument, and afterwards Brian said to","Then, Christopher and Brian had a long argument, and afterwards Samuel said to","Then, Christopher and Brian had a long argument, and afterwards Christopher said to",17561,12569
191,"When Amy and Elizabeth got a bone at the hospital, Elizabeth decided to give it to","When Amy and Elizabeth got a bone at the hospital, Stephen decided to give it to","When Amy and Elizabeth got a bone at the hospital, Amy decided to give it to",17723,11289
546,"Then, Allison and Nicole had a lot of fun at the hospital. Allison gave a ring to","Then, Allison and Nicole had a lot of fun at the hospital. Kenneth gave a ring to","Then, Allison and Nicole had a lot of fun at the hospital. Nicole gave a ring to",27688,1682
869,"When Alicia and Jesse got a snack at the school, Jesse decided to give it to","When Alicia and Jesse got a snack at the school, Aaron decided to give it to","When Alicia and Jesse got a snack at the school, Alicia decided to give it to",330,26689
457,"Then, Joshua and Michael went to the office. Joshua gave a basketball to","Then, Joshua and Michael went to the office. Kristen gave a basketball to","Then, Joshua and Michael went to the office. Michael gave a basketball to",5459,28302
661,"Then, Katie and Stephanie had a long argument, and afterwards Stephanie said to","Then, Katie and Stephanie had a long argument, and afterwards Anthony said to","Then, Katie and Stephanie had a long argument, and afterwards Katie said to",524,27316
493,"Then, Melissa and James had a lot of fun at the office. Melissa gave a kiss to","Then, Melissa and James had a lot of fun at the office. Vanessa gave a kiss to","Then, Melissa and James had a lot of fun at the office. James gave a kiss to",4797,6522
324,"Then, Kyle and Nathan were working at the hospital. Nathan decided to give a snack to","Then, Kyle and Nathan were working at the hospital. Nicholas decided to give a snack to","Then, Kyle and Nathan were working at the hospital. Kyle decided to give a snack to",25363,20514
645,"When Nicole and Erin got a basketball at the hospital, Nicole decided to give it to","When Nicole and Erin got a basketball at the hospital, William decided to give it to","When Nicole and Erin got a basketball at the hospital, Erin decided to give it to",2852,27688
715,"Then, Crystal and Shannon went to the station. Crystal gave a snack to","Then, Crystal and Shannon went to the station. Joshua gave a snack to","Then, Crystal and Shannon went to the station. Shannon gave a snack to",1295,20254
722,"Then, James and Jennifer were thinking about going to the store. James wanted to give a basketball to","Then, James and Jennifer were thinking about going to the store. Crystal wanted to give a basketball to","Then, James and Jennifer were thinking about going to the store. Jennifer wanted to give a basketball to",21511,4797
305,"After Jeffrey and Anthony went to the restaurant, Jeffrey gave a bone to","After Jeffrey and Anthony went to the restaurant, Ashley gave a bone to","After Jeffrey and Anthony went to the restaurant, Anthony gave a bone to",15089,8678
401,"After Erica and Joshua went to the garden, Erica gave a kiss to","After Erica and Joshua went to the garden, Lisa gave a kiss to","After Erica and Joshua went to the garden, Joshua gave a kiss to",28302,2852
977,"Then, Crystal and Michelle went to the school. Crystal gave a bone to","Then, Crystal and Michelle went to the school. Erica gave a bone to","Then, Crystal and Michelle went to the school. Michelle gave a bone to",24970,20254
486,"Then, Eric and Timothy had a long argument, and afterwards Eric said to","Then, Eric and Timothy had a long argument, and afterwards Robert said to","Then, Eric and Timothy had a long argument, and afterwards Timothy said to",7240,12867
915,"Then, Brian and Benjamin had a long argument, and afterwards Benjamin said to","Then, Brian and Benjamin had a long argument, and afterwards Christina said to","Then, Brian and Benjamin had a long argument, and afterwards Brian said to",12569,18258
865,"Then, Matthew and Melissa were working at the restaurant. Matthew decided to give a computer to","Then, Matthew and Melissa were working at the restaurant. Rebecca decided to give a computer to","Then, Matthew and Melissa were working at the restaurant. Melissa decided to give a computer to",6522,15305
630,"Then, Anthony and Samantha went to the school. Anthony gave a ring to","Then, Anthony and Samantha went to the school. Kevin gave a ring to","Then, Anthony and Samantha went to the school. Samantha gave a ring to",4157,15089
145,"Then, Robert and Nicole were thinking about going to the store. Nicole wanted to give a bone to","Then, Robert and Nicole were thinking about going to the store. Jamie wanted to give a bone to","Then, Robert and Nicole were thinking about going to the store. Robert wanted to give a bone to",5606,27688
362,"Then, Jason and Laura were working at the station. Laura decided to give a drink to","Then, Jason and Laura were working at the station. Brian decided to give a drink to","Then, Jason and Laura were working at the station. Jason decided to give a drink to",14877,16145
451,"Then, Patrick and Ryan went to the garden. Ryan gave a bone to","Then, Patrick and Ryan went to the garden. Erica gave a bone to","Then, Patrick and Ryan went to the garden. Patrick gave a bone to",13687,13194
991,"Then, James and Kimberly had a lot of fun at the restaurant. Kimberly gave a kiss to","Then, James and Kimberly had a lot of fun at the restaurant. Samantha gave a kiss to","Then, James and Kimberly had a lot of fun at the restaurant. James gave a kiss to",4797,10791
842,"Then, Ryan and Angela had a lot of fun at the garden. Angela gave a snack to","Then, Ryan and Angela had a lot of fun at the garden. Alexander gave a snack to","Then, Ryan and Angela had a lot of fun at the garden. Ryan gave a snack to",13194,26991
117,"Then, Mark and Robert were thinking about going to the store. Mark wanted to give a necklace to","Then, Mark and Robert were thinking about going to the store. James wanted to give a necklace to","Then, Mark and Robert were thinking about going to the store. Robert wanted to give a necklace to",5606,3655
852,"Then, Elizabeth and Brian were thinking about going to the restaurant. Elizabeth wanted to give a kiss to","Then, Elizabeth and Brian were thinking about going to the restaurant. Paul wanted to give a kiss to","Then, Elizabeth and Brian were thinking about going to the restaurant. Brian wanted to give a kiss to",12569,11289
218,"When Daniel and Sara got a necklace at the garden, Sara decided to give it to","When Daniel and Sara got a necklace at the garden, Jamie decided to give it to","When Daniel and Sara got a necklace at the garden, Daniel decided to give it to",8103,23365
672,"When Tiffany and Kenneth got a bone at the office, Kenneth decided to give it to","When Tiffany and Kenneth got a bone at the office, Kelly decided to give it to","When Tiffany and Kenneth got a bone at the office, Tiffany decided to give it to",320,10960
639,"Then, Alexander and Sean were thinking about going to the school. Sean wanted to give a bone to","Then, Alexander and Sean were thinking about going to the school. Ryan wanted to give a bone to","Then, Alexander and Sean were thinking about going to the school. Alexander wanted to give a bone to",11055,20468
234,"Then, Samuel and Jeffrey were working at the office. Jeffrey decided to give a kiss to","Then, Samuel and Jeffrey were working at the office. Sarah decided to give a kiss to","Then, Samuel and Jeffrey were working at the office. Samuel decided to give a kiss to",16595,8678
817,"Then, Lindsey and Jamie went to the garden. Jamie gave a snack to","Then, Lindsey and Jamie went to the garden. Courtney gave a snack to","Then, Lindsey and Jamie went to the garden. Lindsey gave a snack to",10100,19017
237,"Then, Emily and Nathan had a long argument, and afterwards Emily said to","Then, Emily and Nathan had a long argument, and afterwards David said to","Then, Emily and Nathan had a long argument, and afterwards Nathan said to",20514,16941
163,"After Benjamin and Erica went to the hospital, Erica gave a computer to","After Benjamin and Erica went to the hospital, Steven gave a computer to","After Benjamin and Erica went to the hospital, Benjamin gave a computer to",18258,2852
481,"When Sean and Samantha got a computer at the station, Samantha decided to give it to","When Sean and Samantha got a computer at the station, Jessica decided to give it to","When Sean and Samantha got a computer at the station, Sean decided to give it to",20468,4157
994,"Then, Nathan and Sarah were working at the restaurant. Nathan decided to give a basketball to","Then, Nathan and Sarah were working at the restaurant. William decided to give a basketball to","Then, Nathan and Sarah were working at the restaurant. Sarah decided to give a basketball to",12642,20514
572,"After Katherine and Lindsey went to the restaurant, Lindsey gave a ring to","After Katherine and Lindsey went to the restaurant, Amber gave a ring to","After Katherine and Lindsey went to the restaurant, Katherine gave a ring to",524,10100
733,"After Ryan and Paul went to the garden, Ryan gave a necklace to","After Ryan and Paul went to the garden, Stephanie gave a necklace to","After Ryan and Paul went to the garden, Paul gave a necklace to",3920,13194
127,"Then, Scott and Benjamin had a lot of fun at the hospital. Scott gave a computer to","Then, Scott and Benjamin had a lot of fun at the hospital. Angela gave a computer to","Then, Scott and Benjamin had a lot of fun at the hospital. Benjamin gave a computer to",18258,7636
410,"After Anthony and Ryan went to the hospital, Ryan gave a computer to","After Anthony and Ryan went to the hospital, Daniel gave a computer to","After Anthony and Ryan went to the hospital, Anthony gave a computer to",15089,13194
545,"Then, Cody and Jeffrey had a long argument, and afterwards Jeffrey said to","Then, Cody and Jeffrey had a long argument, and afterwards Dustin said to","Then, Cody and Jeffrey had a long argument, and afterwards Cody said to",334,8678
303,"Then, Dustin and Andrea were thinking about going to the station. Dustin wanted to give a drink to","Then, Dustin and Andrea were thinking about going to the station. Nicholas wanted to give a drink to","Then, Dustin and Andrea were thinking about going to the station. Andrea wanted to give a drink to",24009,384
71,"Then, Shannon and Scott went to the office. Shannon gave a ring to","Then, Shannon and Scott went to the office. Bryan gave a ring to","Then, Shannon and Scott went to the office. Scott gave a ring to",7636,1295
17,"After Dustin and Tyler went to the school, Tyler gave a ring to","After Dustin and Tyler went to the school, Thomas gave a ring to","After Dustin and Tyler went to the school, Dustin gave a ring to",384,23307
209,"Then, Samantha and Sarah had a long argument, and afterwards Samantha said to","Then, Samantha and Sarah had a long argument, and afterwards Jeffrey said to","Then, Samantha and Sarah had a long argument, and afterwards Sarah said to",12642,4157
954,"Then, Bradley and Vanessa were working at the hospital. Bradley decided to give a computer to","Then, Bradley and Vanessa were working at the hospital. Thomas decided to give a computer to","Then, Bradley and Vanessa were working at the hospital. Vanessa decided to give a computer to",7647,12906
61,"When Amanda and Joseph got a drink at the garden, Amanda decided to give it to","When Amanda and Joseph got a drink at the garden, Alexander decided to give it to","When Amanda and Joseph got a drink at the garden, Joseph decided to give it to",8218,26413
533,"Then, Amber and Mary were thinking about going to the station. Amber wanted to give a ring to","Then, Amber and Mary were thinking about going to the station. Melissa wanted to give a ring to","Then, Amber and Mary were thinking about going to the station. Mary wanted to give a ring to",5480,330
754,"After Kimberly and Stephen went to the station, Stephen gave a bone to","After Kimberly and Stephen went to the station, Bradley gave a bone to","After Kimberly and Stephen went to the station, Kimberly gave a bone to",10791,12332
103,"When Robert and Kenneth got a drink at the hospital, Robert decided to give it to","When Robert and Kenneth got a drink at the hospital, Jose decided to give it to","When Robert and Kenneth got a drink at the hospital, Kenneth decided to give it to",10960,5606
264,"Then, Alexander and Nicole were working at the store. Nicole decided to give a kiss to","Then, Alexander and Nicole were working at the store. Andrea decided to give a kiss to","Then, Alexander and Nicole were working at the store. Alexander decided to give a kiss to",11055,27688
697,"After Sara and Amber went to the house, Amber gave a kiss to","After Sara and Amber went to the house, Dustin gave a kiss to","After Sara and Amber went to the house, Sara gave a kiss to",23365,330
375,"Then, Michelle and Rachel had a lot of fun at the restaurant. Rachel gave a snack to","Then, Michelle and Rachel had a lot of fun at the restaurant. Joseph gave a snack to","Then, Michelle and Rachel had a lot of fun at the restaurant. Michelle gave a snack to",24970,16764
832,"Then, Katherine and Jonathan were working at the restaurant. Katherine decided to give a basketball to","Then, Katherine and Jonathan were working at the restaurant. Jamie decided to give a basketball to","Then, Katherine and Jonathan were working at the restaurant. Jonathan decided to give a basketball to",16656,524
660,"Then, Andrew and Erica were thinking about going to the station. Andrew wanted to give a necklace to","Then, Andrew and Erica were thinking about going to the station. Katherine wanted to give a necklace to","Then, Andrew and Erica were thinking about going to the station. Erica wanted to give a necklace to",2852,10390
66,"Then, Katie and Crystal were working at the school. Crystal decided to give a necklace to","Then, Katie and Crystal were working at the school. Gregory decided to give a necklace to","Then, Katie and Crystal were working at the school. Katie decided to give a necklace to",524,20254
344,"Then, Justin and Erin were thinking about going to the hospital. Justin wanted to give a computer to","Then, Justin and Erin were thinking about going to the hospital. Christine wanted to give a computer to","Then, Justin and Erin were thinking about going to the hospital. Erin wanted to give a computer to",2852,21252
784,"Then, Kevin and Bryan had a lot of fun at the school. Bryan gave a snack to","Then, Kevin and Bryan had a lot of fun at the school. Elizabeth gave a snack to","Then, Kevin and Bryan had a lot of fun at the school. Kevin gave a snack to",13589,27919
442,"After Amy and Robert went to the hospital, Robert gave a computer to","After Amy and Robert went to the hospital, Jeffrey gave a computer to","After Amy and Robert went to the hospital, Amy gave a computer to",17723,5606
472,"Then, Adam and Jose were thinking about going to the house. Jose wanted to give a basketball to","Then, Adam and Jose were thinking about going to the house. Stephen wanted to give a basketball to","Then, Adam and Jose were thinking about going to the house. Adam wanted to give a basketball to",10534,6282
917,"Then, Daniel and William had a lot of fun at the station. Daniel gave a bone to","Then, Daniel and William had a lot of fun at the station. Courtney gave a bone to","Then, Daniel and William had a lot of fun at the station. William gave a bone to",4246,8103
2,"When Andrea and Samantha got a kiss at the office, Andrea decided to give it to","When Andrea and Samantha got a kiss at the office, Nicole decided to give it to","When Andrea and Samantha got a kiss at the office, Samantha decided to give it to",4157,24009
240,"Then, Jose and Anthony were working at the hospital. Anthony decided to give a kiss to","Then, Jose and Anthony were working at the hospital. Sara decided to give a kiss to","Then, Jose and Anthony were working at the hospital. Jose decided to give a kiss to",6282,15089
455,"Then, Brandon and Richard had a lot of fun at the school. Richard gave a bone to","Then, Brandon and Richard had a lot of fun at the school. Christine gave a bone to","Then, Brandon and Richard had a lot of fun at the school. Brandon gave a bone to",1896,6359
347,"When Andrea and Jamie got a bone at the station, Jamie decided to give it to","When Andrea and Jamie got a bone at the station, Cody decided to give it to","When Andrea and Jamie got a bone at the station, Andrea decided to give it to",24009,19017
755,"After Kelly and Lindsey went to the office, Kelly gave a snack to","After Kelly and Lindsey went to the office, Ashley gave a snack to","After Kelly and Lindsey went to the office, Lindsey gave a snack to",10100,15282
185,"Then, Brandon and Eric were working at the school. Brandon decided to give a ring to","Then, Brandon and Eric were working at the school. Katherine decided to give a ring to","Then, Brandon and Eric were working at the school. Eric decided to give a ring to",12867,1896
724,"When Michelle and Samantha got a computer at the garden, Samantha decided to give it to","When Michelle and Samantha got a computer at the garden, Matthew decided to give it to","When Michelle and Samantha got a computer at the garden, Michelle decided to give it to",24970,4157
480,"Then, Christine and Angela had a lot of fun at the store. Christine gave a necklace to","Then, Christine and Angela had a lot of fun at the store. Kyle gave a necklace to","Then, Christine and Angela had a lot of fun at the store. Angela gave a necklace to",26991,2393
737,"Then, Lindsey and Christopher had a long argument, and afterwards Lindsey said to","Then, Lindsey and Christopher had a long argument, and afterwards Lisa said to","Then, Lindsey and Christopher had a long argument, and afterwards Christopher said to",17561,10100
261,"After Lindsey and Tyler went to the office, Tyler gave a snack to","After Lindsey and Tyler went to the office, Nicholas gave a snack to","After Lindsey and Tyler went to the office, Lindsey gave a snack to",10100,23307
905,"Then, Stephen and Kevin had a lot of fun at the store. Kevin gave a ring to","Then, Stephen and Kevin had a lot of fun at the store. Ryan gave a ring to","Then, Stephen and Kevin had a lot of fun at the store. Stephen gave a ring to",12332,13589
126,"After Benjamin and Thomas went to the store, Benjamin gave a bone to","After Benjamin and Thomas went to the store, Kenneth gave a bone to","After Benjamin and Thomas went to the store, Thomas gave a bone to",6083,18258
516,"Then, Scott and Samuel went to the hospital. Samuel gave a snack to","Then, Scott and Samuel went to the hospital. Sara gave a snack to","Then, Scott and Samuel went to the hospital. Scott gave a snack to",7636,16595
260,"Then, Nicholas and Erin had a long argument, and afterwards Nicholas said to","Then, Nicholas and Erin had a long argument, and afterwards Alicia said to","Then, Nicholas and Erin had a long argument, and afterwards Erin said to",2852,22676
795,"Then, Adam and Mary went to the restaurant. Mary gave a basketball to","Then, Adam and Mary went to the restaurant. James gave a basketball to","Then, Adam and Mary went to the restaurant. Adam gave a basketball to",10534,5480
201,"Then, Anthony and Megan had a lot of fun at the school. Anthony gave a basketball to","Then, Anthony and Megan had a lot of fun at the school. Heather gave a basketball to","Then, Anthony and Megan had a lot of fun at the school. Megan gave a basketball to",14919,15089
719,"Then, Nathan and Kyle were thinking about going to the store. Nathan wanted to give a snack to","Then, Nathan and Kyle were thinking about going to the store. Amy wanted to give a snack to","Then, Nathan and Kyle were thinking about going to the store. Kyle wanted to give a snack to",25363,20514
230,"Then, Amy and Laura had a lot of fun at the store. Laura gave a basketball to","Then, Amy and Laura had a lot of fun at the store. Heather gave a basketball to","Then, Amy and Laura had a lot of fun at the store. Amy gave a basketball to",17723,16145
814,"After Jason and Samuel went to the hospital, Samuel gave a kiss to","After Jason and Samuel went to the hospital, David gave a kiss to","After Jason and Samuel went to the hospital, Jason gave a kiss to",14877,16595
346,"When James and Mary got a snack at the school, James decided to give it to","When James and Mary got a snack at the school, Shannon decided to give it to","When James and Mary got a snack at the school, Mary decided to give it to",5480,4797
824,"When Lindsay and Katie got a basketball at the school, Katie decided to give it to","When Lindsay and Katie got a basketball at the school, Erin decided to give it to","When Lindsay and Katie got a basketball at the school, Lindsay decided to give it to",10100,524
189,"Then, Scott and Angela were working at the school. Angela decided to give a bone to","Then, Scott and Angela were working at the school. Stephen decided to give a bone to","Then, Scott and Angela were working at the school. Scott decided to give a bone to",7636,26991
653,"After Paul and Dustin went to the school, Dustin gave a drink to","After Paul and Dustin went to the school, Bradley gave a drink to","After Paul and Dustin went to the school, Paul gave a drink to",3920,384
159,"After Brandon and Tiffany went to the school, Tiffany gave a necklace to","After Brandon and Tiffany went to the school, Brittany gave a necklace to","After Brandon and Tiffany went to the school, Brandon gave a necklace to",1896,320
948,"Then, Ryan and Anthony went to the school. Ryan gave a drink to","Then, Ryan and Anthony went to the school. Nicholas gave a drink to","Then, Ryan and Anthony went to the school. Anthony gave a drink to",15089,13194
782,"After Melissa and Tyler went to the school, Melissa gave a basketball to","After Melissa and Tyler went to the school, Jeremy gave a basketball to","After Melissa and Tyler went to the school, Tyler gave a basketball to",23307,6522
241,"Then, Sara and Samantha had a lot of fun at the station. Sara gave a drink to","Then, Sara and Samantha had a lot of fun at the station. Kelly gave a drink to","Then, Sara and Samantha had a lot of fun at the station. Samantha gave a drink to",4157,23365
990,"When Kenneth and Travis got a computer at the restaurant, Kenneth decided to give it to","When Kenneth and Travis got a computer at the restaurant, Stephen decided to give it to","When Kenneth and Travis got a computer at the restaurant, Travis decided to give it to",1319,10960
123,"When Lauren and Richard got a necklace at the house, Lauren decided to give it to","When Lauren and Richard got a necklace at the house, Katie decided to give it to","When Lauren and Richard got a necklace at the house, Richard decided to give it to",6359,23119
738,"Then, Anthony and Lindsay had a lot of fun at the station. Anthony gave a ring to","Then, Anthony and Lindsay had a lot of fun at the station. Kimberly gave a ring to","Then, Anthony and Lindsay had a lot of fun at the station. Lindsay gave a ring to",10100,15089
818,"Then, Angela and Kimberly had a lot of fun at the store. Kimberly gave a kiss to","Then, Angela and Kimberly had a lot of fun at the store. Scott gave a kiss to","Then, Angela and Kimberly had a lot of fun at the store. Angela gave a kiss to",26991,10791
685,"Then, Gregory and Rebecca were working at the house. Rebecca decided to give a bone to","Then, Gregory and Rebecca were working at the house. Mark decided to give a bone to","Then, Gregory and Rebecca were working at the house. Gregory decided to give a bone to",27113,26014
944,"Then, Katie and Brittany went to the hospital. Katie gave a kiss to","Then, Katie and Brittany went to the hospital. Dustin gave a kiss to","Then, Katie and Brittany went to the hospital. Brittany gave a kiss to",1896,524
951,"Then, Vanessa and Rachel were working at the house. Vanessa decided to give a ring to","Then, Vanessa and Rachel were working at the house. Alicia decided to give a ring to","Then, Vanessa and Rachel were working at the house. Rachel decided to give a ring to",16764,7647
387,"Then, Richard and Vanessa had a lot of fun at the office. Vanessa gave a basketball to","Then, Richard and Vanessa had a lot of fun at the office. David gave a basketball to","Then, Richard and Vanessa had a lot of fun at the office. Richard gave a basketball to",6359,7647
616,"Then, Brian and Jason had a lot of fun at the restaurant. Brian gave a bone to","Then, Brian and Jason had a lot of fun at the restaurant. Katherine gave a bone to","Then, Brian and Jason had a lot of fun at the restaurant. Jason gave a bone to",14877,12569
693,"Then, Courtney and William had a lot of fun at the restaurant. Courtney gave a basketball to","Then, Courtney and William had a lot of fun at the restaurant. Bradley gave a basketball to","Then, Courtney and William had a lot of fun at the restaurant. William gave a basketball to",4246,6924
35,"Then, Danielle and Megan went to the house. Danielle gave a snack to","Then, Danielle and Megan went to the house. Nicholas gave a snack to","Then, Danielle and Megan went to the house. Megan gave a snack to",14919,8103
104,"Then, Tiffany and Erica had a lot of fun at the house. Erica gave a computer to","Then, Tiffany and Erica had a lot of fun at the house. Andrea gave a computer to","Then, Tiffany and Erica had a lot of fun at the house. Tiffany gave a computer to",320,2852
783,"Then, Michelle and Richard went to the school. Richard gave a snack to","Then, Michelle and Richard went to the school. Patrick gave a snack to","Then, Michelle and Richard went to the school. Michelle gave a snack to",24970,6359
955,"Then, Steven and Dustin were thinking about going to the hospital. Steven wanted to give a ring to","Then, Steven and Dustin were thinking about going to the hospital. Jason wanted to give a ring to","Then, Steven and Dustin were thinking about going to the hospital. Dustin wanted to give a ring to",384,20257
960,"Then, Amber and Matthew were thinking about going to the house. Amber wanted to give a kiss to","Then, Amber and Matthew were thinking about going to the house. Kimberly wanted to give a kiss to","Then, Amber and Matthew were thinking about going to the house. Matthew wanted to give a kiss to",15305,330
751,"Then, Joseph and Sean were working at the house. Sean decided to give a basketball to","Then, Joseph and Sean were working at the house. Courtney decided to give a basketball to","Then, Joseph and Sean were working at the house. Joseph decided to give a basketball to",8218,20468
677,"Then, Rachel and Andrea were thinking about going to the hospital. Andrea wanted to give a computer to","Then, Rachel and Andrea were thinking about going to the hospital. Tyler wanted to give a computer to","Then, Rachel and Andrea were thinking about going to the hospital. Rachel wanted to give a computer to",16764,24009
238,"When Timothy and Bryan got a bone at the office, Timothy decided to give it to","When Timothy and Bryan got a bone at the office, Kimberly decided to give it to","When Timothy and Bryan got a bone at the office, Bryan decided to give it to",27919,7240
930,"After Jason and Nicholas went to the house, Nicholas gave a computer to","After Jason and Nicholas went to the house, Erica gave a computer to","After Jason and Nicholas went to the house, Jason gave a computer to",14877,22676
939,"After Nicholas and Kristen went to the hospital, Kristen gave a kiss to","After Nicholas and Kristen went to the hospital, Daniel gave a kiss to","After Nicholas and Kristen went to the hospital, Nicholas gave a kiss to",22676,16661
547,"Then, Katie and Travis were working at the house. Katie decided to give a bone to","Then, Katie and Travis were working at the house. Kyle decided to give a bone to","Then, Katie and Travis were working at the house. Travis decided to give a bone to",1319,524
165,"Then, Christopher and Elizabeth had a long argument, and afterwards Elizabeth said to","Then, Christopher and Elizabeth had a long argument, and afterwards Andrea said to","Then, Christopher and Elizabeth had a long argument, and afterwards Christopher said to",17561,11289
820,"When Kevin and Joshua got a necklace at the station, Kevin decided to give it to","When Kevin and Joshua got a necklace at the station, Michelle decided to give it to","When Kevin and Joshua got a necklace at the station, Joshua decided to give it to",28302,13589
996,"Then, Kyle and Kelly had a lot of fun at the hospital. Kyle gave a bone to","Then, Kyle and Kelly had a lot of fun at the hospital. Amber gave a bone to","Then, Kyle and Kelly had a lot of fun at the hospital. Kelly gave a bone to",15282,25363
407,"Then, Vanessa and Jessica had a lot of fun at the school. Jessica gave a basketball to","Then, Vanessa and Jessica had a lot of fun at the school. David gave a basketball to","Then, Vanessa and Jessica had a lot of fun at the school. Vanessa gave a basketball to",7647,24062
629,"After William and Kevin went to the house, Kevin gave a kiss to","After William and Kevin went to the house, Michelle gave a kiss to","After William and Kevin went to the house, William gave a kiss to",4246,13589
174,"When Aaron and Jeremy got a ring at the hospital, Aaron decided to give it to","When Aaron and Jeremy got a ring at the hospital, Rachel decided to give it to","When Aaron and Jeremy got a ring at the hospital, Jeremy decided to give it to",24251,20486
361,"Then, David and Jonathan had a lot of fun at the office. Jonathan gave a bone to","Then, David and Jonathan had a lot of fun at the office. Melissa gave a bone to","Then, David and Jonathan had a lot of fun at the office. David gave a bone to",4417,16656
471,"After Jennifer and Kenneth went to the station, Jennifer gave a drink to","After Jennifer and Kenneth went to the station, Samuel gave a drink to","After Jennifer and Kenneth went to the station, Kenneth gave a drink to",10960,21511
694,"Then, Cody and Paul went to the school. Paul gave a computer to","Then, Cody and Paul went to the school. Michael gave a computer to","Then, Cody and Paul went to the school. Cody gave a computer to",334,3920
790,"Then, Jeremy and Jessica went to the garden. Jessica gave a bone to","Then, Jeremy and Jessica went to the garden. Charles gave a bone to","Then, Jeremy and Jessica went to the garden. Jeremy gave a bone to",24251,24062
560,"After Megan and Brian went to the garden, Brian gave a ring to","After Megan and Brian went to the garden, Jessica gave a ring to","After Megan and Brian went to the garden, Megan gave a ring to",14919,12569
959,"When Jeremy and Lindsay got a ring at the house, Jeremy decided to give it to","When Jeremy and Lindsay got a ring at the house, Aaron decided to give it to","When Jeremy and Lindsay got a ring at the house, Lindsay decided to give it to",10100,24251
605,"Then, Nicole and Jonathan had a lot of fun at the office. Nicole gave a bone to","Then, Nicole and Jonathan had a lot of fun at the office. Patrick gave a bone to","Then, Nicole and Jonathan had a lot of fun at the office. Jonathan gave a bone to",16656,27688
97,"Then, Cody and Robert had a long argument, and afterwards Cody said to","Then, Cody and Robert had a long argument, and afterwards Jonathan said to","Then, Cody and Robert had a long argument, and afterwards Robert said to",5606,334
803,"Then, Heather and Robert had a long argument, and afterwards Robert said to","Then, Heather and Robert had a long argument, and afterwards Anthony said to","Then, Heather and Robert had a long argument, and afterwards Heather said to",650,5606
535,"Then, David and Stephen had a lot of fun at the school. Stephen gave a computer to","Then, David and Stephen had a lot of fun at the school. Kelly gave a computer to","Then, David and Stephen had a lot of fun at the school. David gave a computer to",4417,12332
901,"Then, Joseph and Crystal were thinking about going to the station. Joseph wanted to give a kiss to","Then, Joseph and Crystal were thinking about going to the station. Cody wanted to give a kiss to","Then, Joseph and Crystal were thinking about going to the station. Crystal wanted to give a kiss to",20254,8218
767,"Then, Elizabeth and Vanessa went to the office. Elizabeth gave a drink to","Then, Elizabeth and Vanessa went to the office. Courtney gave a drink to","Then, Elizabeth and Vanessa went to the office. Vanessa gave a drink to",7647,11289
450,"Then, Aaron and Kyle were working at the office. Kyle decided to give a necklace to","Then, Aaron and Kyle were working at the office. Richard decided to give a necklace to","Then, Aaron and Kyle were working at the office. Aaron decided to give a necklace to",20486,25363
221,"When Lauren and Stephanie got a ring at the house, Lauren decided to give it to","When Lauren and Stephanie got a ring at the house, Thomas decided to give it to","When Lauren and Stephanie got a ring at the house, Stephanie decided to give it to",27316,23119
215,"Then, Tyler and Kevin had a long argument, and afterwards Tyler said to","Then, Tyler and Kevin had a long argument, and afterwards Brian said to","Then, Tyler and Kevin had a long argument, and afterwards Kevin said to",13589,23307
631,"When Elizabeth and Vanessa got a snack at the school, Vanessa decided to give it to","When Elizabeth and Vanessa got a snack at the school, Scott decided to give it to","When Elizabeth and Vanessa got a snack at the school, Elizabeth decided to give it to",11289,7647
577,"Then, Joshua and Danielle went to the hospital. Joshua gave a ring to","Then, Joshua and Danielle went to the hospital. Andrew gave a ring to","Then, Joshua and Danielle went to the hospital. Danielle gave a ring to",8103,28302
675,"After Patrick and Aaron went to the hospital, Aaron gave a snack to","After Patrick and Aaron went to the hospital, Samantha gave a snack to","After Patrick and Aaron went to the hospital, Patrick gave a snack to",13687,20486
717,"Then, Jennifer and Stephen went to the hospital. Stephen gave a ring to","Then, Jennifer and Stephen went to the hospital. Lindsey gave a ring to","Then, Jennifer and Stephen went to the hospital. Jennifer gave a ring to",21511,12332
204,"After Katherine and Sara went to the store, Sara gave a necklace to","After Katherine and Sara went to the store, Katie gave a necklace to","After Katherine and Sara went to the store, Katherine gave a necklace to",524,23365
5,"After Danielle and Benjamin went to the store, Benjamin gave a computer to","After Danielle and Benjamin went to the store, Jennifer gave a computer to","After Danielle and Benjamin went to the store, Danielle gave a computer to",8103,18258
340,"Then, Nathan and Charles were thinking about going to the house. Charles wanted to give a computer to","Then, Nathan and Charles were thinking about going to the house. Christina wanted to give a computer to","Then, Nathan and Charles were thinking about going to the house. Nathan wanted to give a computer to",20514,6427
366,"Then, Kevin and Richard went to the station. Kevin gave a drink to","Then, Kevin and Richard went to the station. Christopher gave a drink to","Then, Kevin and Richard went to the station. Richard gave a drink to",6359,13589
404,"Then, Brittany and Adam had a lot of fun at the restaurant. Brittany gave a kiss to","Then, Brittany and Adam had a lot of fun at the restaurant. Danielle gave a kiss to","Then, Brittany and Adam had a lot of fun at the restaurant. Adam gave a kiss to",10534,1896
448,"Then, Steven and Christopher went to the restaurant. Christopher gave a drink to","Then, Steven and Christopher went to the restaurant. Jonathan gave a drink to","Then, Steven and Christopher went to the restaurant. Steven gave a drink to",20257,17561
72,"Then, Jacob and Nicholas had a long argument, and afterwards Jacob said to","Then, Jacob and Nicholas had a long argument, and afterwards Kyle said to","Then, Jacob and Nicholas had a long argument, and afterwards Nicholas said to",22676,12615
53,"Then, Jacob and Katie were working at the store. Jacob decided to give a kiss to","Then, Jacob and Katie were working at the store. Lauren decided to give a kiss to","Then, Jacob and Katie were working at the store. Katie decided to give a kiss to",524,12615
113,"Then, Kyle and Ryan had a long argument, and afterwards Kyle said to","Then, Kyle and Ryan had a long argument, and afterwards Lisa said to","Then, Kyle and Ryan had a long argument, and afterwards Ryan said to",13194,25363
422,"Then, Kyle and Christine had a long argument, and afterwards Kyle said to","Then, Kyle and Christine had a long argument, and afterwards Katherine said to","Then, Kyle and Christine had a long argument, and afterwards Christine said to",2393,25363
273,"Then, Ryan and Cody had a lot of fun at the store. Ryan gave a computer to","Then, Ryan and Cody had a lot of fun at the store. Nathan gave a computer to","Then, Ryan and Cody had a lot of fun at the store. Cody gave a computer to",334,13194
311,"Then, Brandon and Thomas had a long argument, and afterwards Thomas said to","Then, Brandon and Thomas had a long argument, and afterwards Andrea said to","Then, Brandon and Thomas had a long argument, and afterwards Brandon said to",1896,6083
348,"Then, Samuel and Shannon had a lot of fun at the office. Samuel gave a drink to","Then, Samuel and Shannon had a lot of fun at the office. Vanessa gave a drink to","Then, Samuel and Shannon had a lot of fun at the office. Shannon gave a drink to",1295,16595
864,"When John and Ashley got a basketball at the school, Ashley decided to give it to","When John and Ashley got a basketball at the school, Katherine decided to give it to","When John and Ashley got a basketball at the school, John decided to give it to",2215,10973
379,"When Heather and Katherine got a kiss at the office, Katherine decided to give it to","When Heather and Katherine got a kiss at the office, James decided to give it to","When Heather and Katherine got a kiss at the office, Heather decided to give it to",650,524
332,"After Benjamin and Amanda went to the office, Benjamin gave a ring to","After Benjamin and Amanda went to the office, Erin gave a ring to","After Benjamin and Amanda went to the office, Amanda gave a ring to",26413,18258
431,"Then, Kimberly and Crystal were thinking about going to the station. Crystal wanted to give a bone to","Then, Kimberly and Crystal were thinking about going to the station. Melissa wanted to give a bone to","Then, Kimberly and Crystal were thinking about going to the station. Kimberly wanted to give a bone to",10791,20254
779,"Then, Charles and Rebecca had a long argument, and afterwards Rebecca said to","Then, Charles and Rebecca had a long argument, and afterwards Vanessa said to","Then, Charles and Rebecca had a long argument, and afterwards Charles said to",6427,26014
591,"Then, Jose and Nicholas had a long argument, and afterwards Nicholas said to","Then, Jose and Nicholas had a long argument, and afterwards Aaron said to","Then, Jose and Nicholas had a long argument, and afterwards Jose said to",6282,22676
514,"When Elizabeth and Crystal got a bone at the office, Elizabeth decided to give it to","When Elizabeth and Crystal got a bone at the office, Aaron decided to give it to","When Elizabeth and Crystal got a bone at the office, Crystal decided to give it to",20254,11289
791,"When Vanessa and Kristen got a computer at the school, Kristen decided to give it to","When Vanessa and Kristen got a computer at the school, Patrick decided to give it to","When Vanessa and Kristen got a computer at the school, Vanessa decided to give it to",7647,16661
670,"When Andrew and William got a bone at the store, William decided to give it to","When Andrew and William got a bone at the store, Sarah decided to give it to","When Andrew and William got a bone at the store, Andrew decided to give it to",10390,4246
376,"Then, Anthony and Brian went to the school. Brian gave a basketball to","Then, Anthony and Brian went to the school. Megan gave a basketball to","Then, Anthony and Brian went to the school. Anthony gave a basketball to",15089,12569
146,"When Jason and Robert got a kiss at the school, Robert decided to give it to","When Jason and Robert got a kiss at the school, Jessica decided to give it to","When Jason and Robert got a kiss at the school, Jason decided to give it to",14877,5606
804,"Then, Amy and Anthony went to the store. Amy gave a bone to","Then, Amy and Anthony went to the store. Alexander gave a bone to","Then, Amy and Anthony went to the store. Anthony gave a bone to",15089,17723
60,"When Cody and Alexander got a necklace at the store, Alexander decided to give it to","When Cody and Alexander got a necklace at the store, Melissa decided to give it to","When Cody and Alexander got a necklace at the store, Cody decided to give it to",334,11055
490,"Then, Stephanie and Nicole had a long argument, and afterwards Stephanie said to","Then, Stephanie and Nicole had a long argument, and afterwards Megan said to","Then, Stephanie and Nicole had a long argument, and afterwards Nicole said to",27688,27316
813,"Then, Amanda and William had a long argument, and afterwards Amanda said to","Then, Amanda and William had a long argument, and afterwards Lauren said to","Then, Amanda and William had a long argument, and afterwards William said to",4246,26413
649,"Then, Melissa and Jamie had a long argument, and afterwards Melissa said to","Then, Melissa and Jamie had a long argument, and afterwards William said to","Then, Melissa and Jamie had a long argument, and afterwards Jamie said to",19017,6522
436,"Then, Kimberly and Alexander had a lot of fun at the garden. Alexander gave a snack to","Then, Kimberly and Alexander had a lot of fun at the garden. Jeremy gave a snack to","Then, Kimberly and Alexander had a lot of fun at the garden. Kimberly gave a snack to",10791,11055
926,"Then, Nicholas and Melissa were working at the house. Nicholas decided to give a basketball to","Then, Nicholas and Melissa were working at the house. Andrea decided to give a basketball to","Then, Nicholas and Melissa were working at the house. Melissa decided to give a basketball to",6522,22676
101,"When Robert and Ashley got a drink at the garden, Robert decided to give it to","When Robert and Ashley got a drink at the garden, Samantha decided to give it to","When Robert and Ashley got a drink at the garden, Ashley decided to give it to",10973,5606
298,"When Allison and Laura got a bone at the garden, Allison decided to give it to","When Allison and Laura got a bone at the garden, Mark decided to give it to","When Allison and Laura got a bone at the garden, Laura decided to give it to",16145,1682
934,"Then, Alicia and Steven were working at the restaurant. Steven decided to give a bone to","Then, Alicia and Steven were working at the restaurant. Amy decided to give a bone to","Then, Alicia and Steven were working at the restaurant. Alicia decided to give a bone to",330,20257
162,"Then, Katie and Joseph had a lot of fun at the office. Joseph gave a computer to","Then, Katie and Joseph had a lot of fun at the office. Erica gave a computer to","Then, Katie and Joseph had a lot of fun at the office. Katie gave a computer to",524,8218
638,"Then, Joseph and James were thinking about going to the restaurant. Joseph wanted to give a basketball to","Then, Joseph and James were thinking about going to the restaurant. Jessica wanted to give a basketball to","Then, Joseph and James were thinking about going to the restaurant. James wanted to give a basketball to",4797,8218
576,"Then, Bryan and Megan were thinking about going to the garden. Bryan wanted to give a necklace to","Then, Bryan and Megan were thinking about going to the garden. Jamie wanted to give a necklace to","Then, Bryan and Megan were thinking about going to the garden. Megan wanted to give a necklace to",14919,27919
85,"Then, Alicia and Katie went to the school. Alicia gave a drink to","Then, Alicia and Katie went to the school. Timothy gave a drink to","Then, Alicia and Katie went to the school. Katie gave a drink to",524,330
507,"Then, Robert and Kyle had a lot of fun at the house. Robert gave a computer to","Then, Robert and Kyle had a lot of fun at the house. Kenneth gave a computer to","Then, Robert and Kyle had a lot of fun at the house. Kyle gave a computer to",25363,5606
696,"Then, Jennifer and Katherine were working at the house. Jennifer decided to give a computer to","Then, Jennifer and Katherine were working at the house. Paul decided to give a computer to","Then, Jennifer and Katherine were working at the house. Katherine decided to give a computer to",524,21511
941,"Then, Katherine and Melissa were working at the hospital. Katherine decided to give a drink to","Then, Katherine and Melissa were working at the hospital. Sean decided to give a drink to","Then, Katherine and Melissa were working at the hospital. Melissa decided to give a drink to",6522,524
271,"Then, Stephen and Tiffany were thinking about going to the station. Stephen wanted to give a kiss to","Then, Stephen and Tiffany were thinking about going to the station. Courtney wanted to give a kiss to","Then, Stephen and Tiffany were thinking about going to the station. Tiffany wanted to give a kiss to",320,12332
373,"When Sean and Sara got a ring at the house, Sean decided to give it to","When Sean and Sara got a ring at the house, Lindsay decided to give it to","When Sean and Sara got a ring at the house, Sara decided to give it to",23365,20468
465,"Then, Sara and Eric had a lot of fun at the school. Eric gave a snack to","Then, Sara and Eric had a lot of fun at the school. Elizabeth gave a snack to","Then, Sara and Eric had a lot of fun at the school. Sara gave a snack to",23365,12867
24,"After Jose and Timothy went to the house, Timothy gave a necklace to","After Jose and Timothy went to the house, Eric gave a necklace to","After Jose and Timothy went to the house, Jose gave a necklace to",6282,7240
682,"Then, Angela and Patrick had a lot of fun at the office. Angela gave a drink to","Then, Angela and Patrick had a lot of fun at the office. Kristen gave a drink to","Then, Angela and Patrick had a lot of fun at the office. Patrick gave a drink to",13687,26991
393,"Then, Erica and Lindsey had a long argument, and afterwards Erica said to","Then, Erica and Lindsey had a long argument, and afterwards Melissa said to","Then, Erica and Lindsey had a long argument, and afterwards Lindsey said to",10100,2852
73,"When Erica and Dustin got a bone at the restaurant, Erica decided to give it to","When Erica and Dustin got a bone at the restaurant, Andrew decided to give it to","When Erica and Dustin got a bone at the restaurant, Dustin decided to give it to",384,2852
110,"Then, Eric and Paul went to the hospital. Eric gave a snack to","Then, Eric and Paul went to the hospital. Patrick gave a snack to","Then, Eric and Paul went to the hospital. Paul gave a snack to",3920,12867
568,"Then, Megan and Steven had a long argument, and afterwards Megan said to","Then, Megan and Steven had a long argument, and afterwards Kristen said to","Then, Megan and Steven had a long argument, and afterwards Steven said to",20257,14919
408,"Then, Kenneth and Jesse were thinking about going to the garden. Kenneth wanted to give a snack to","Then, Kenneth and Jesse were thinking about going to the garden. Michael wanted to give a snack to","Then, Kenneth and Jesse were thinking about going to the garden. Jesse wanted to give a snack to",26689,10960
272,"Then, Travis and Sean were thinking about going to the house. Sean wanted to give a snack to","Then, Travis and Sean were thinking about going to the house. Crystal wanted to give a snack to","Then, Travis and Sean were thinking about going to the house. Travis wanted to give a snack to",1319,20468
662,"Then, David and Jesse were thinking about going to the school. David wanted to give a necklace to","Then, David and Jesse were thinking about going to the school. Nicole wanted to give a necklace to","Then, David and Jesse were thinking about going to the school. Jesse wanted to give a necklace to",26689,4417
704,"Then, Amy and Benjamin were working at the restaurant. Benjamin decided to give a drink to","Then, Amy and Benjamin were working at the restaurant. Kyle decided to give a drink to","Then, Amy and Benjamin were working at the restaurant. Amy decided to give a drink to",17723,18258
186,"Then, Christine and Sara went to the station. Sara gave a necklace to","Then, Christine and Sara went to the station. Erica gave a necklace to","Then, Christine and Sara went to the station. Christine gave a necklace to",2393,23365
699,"After Michelle and Stephanie went to the school, Stephanie gave a drink to","After Michelle and Stephanie went to the school, Alicia gave a drink to","After Michelle and Stephanie went to the school, Michelle gave a drink to",24970,27316
735,"When Andrew and Steven got a computer at the store, Steven decided to give it to","When Andrew and Steven got a computer at the store, Katherine decided to give it to","When Andrew and Steven got a computer at the store, Andrew decided to give it to",10390,20257
133,"Then, Travis and Stephen had a lot of fun at the hospital. Travis gave a ring to","Then, Travis and Stephen had a lot of fun at the hospital. Jeffrey gave a ring to","Then, Travis and Stephen had a lot of fun at the hospital. Stephen gave a ring to",12332,1319
106,"Then, Nicole and Amy were thinking about going to the restaurant. Nicole wanted to give a ring to","Then, Nicole and Amy were thinking about going to the restaurant. Thomas wanted to give a ring to","Then, Nicole and Amy were thinking about going to the restaurant. Amy wanted to give a ring to",17723,27688
689,"Then, Daniel and Alicia were working at the house. Alicia decided to give a ring to","Then, Daniel and Alicia were working at the house. Megan decided to give a ring to","Then, Daniel and Alicia were working at the house. Daniel decided to give a ring to",8103,330
586,"When Jacob and Matthew got a kiss at the school, Jacob decided to give it to","When Jacob and Matthew got a kiss at the school, Paul decided to give it to","When Jacob and Matthew got a kiss at the school, Matthew decided to give it to",15305,12615
37,"Then, Scott and Rachel were thinking about going to the house. Rachel wanted to give a drink to","Then, Scott and Rachel were thinking about going to the house. William wanted to give a drink to","Then, Scott and Rachel were thinking about going to the house. Scott wanted to give a drink to",7636,16764
381,"Then, Benjamin and Paul were thinking about going to the house. Paul wanted to give a drink to","Then, Benjamin and Paul were thinking about going to the house. Heather wanted to give a drink to","Then, Benjamin and Paul were thinking about going to the house. Benjamin wanted to give a drink to",18258,3920
250,"Then, Matthew and Lindsey were working at the hospital. Matthew decided to give a basketball to","Then, Matthew and Lindsey were working at the hospital. Sean decided to give a basketball to","Then, Matthew and Lindsey were working at the hospital. Lindsey decided to give a basketball to",10100,15305
434,"Then, Angela and Adam were working at the office. Angela decided to give a bone to","Then, Angela and Adam were working at the office. Samuel decided to give a bone to","Then, Angela and Adam were working at the office. Adam decided to give a bone to",10534,26991
620,"Then, Lisa and Erica were thinking about going to the garden. Erica wanted to give a ring to","Then, Lisa and Erica were thinking about going to the garden. Travis wanted to give a ring to","Then, Lisa and Erica were thinking about going to the garden. Lisa wanted to give a ring to",18999,2852
496,"When Danielle and Bradley got a computer at the hospital, Danielle decided to give it to","When Danielle and Bradley got a computer at the hospital, Courtney decided to give it to","When Danielle and Bradley got a computer at the hospital, Bradley decided to give it to",12906,8103
617,"Then, Patrick and Courtney had a long argument, and afterwards Patrick said to","Then, Patrick and Courtney had a long argument, and afterwards Justin said to","Then, Patrick and Courtney had a long argument, and afterwards Courtney said to",6924,13687
335,"Then, Kimberly and Rachel were working at the school. Kimberly decided to give a bone to","Then, Kimberly and Rachel were working at the school. Mark decided to give a bone to","Then, Kimberly and Rachel were working at the school. Rachel decided to give a bone to",16764,10791
287,"Then, Kenneth and Nicholas went to the station. Kenneth gave a computer to","Then, Kenneth and Nicholas went to the station. Megan gave a computer to","Then, Kenneth and Nicholas went to the station. Nicholas gave a computer to",22676,10960
421,"Then, Amber and Amy were thinking about going to the hospital. Amy wanted to give a computer to","Then, Amber and Amy were thinking about going to the hospital. Bryan wanted to give a computer to","Then, Amber and Amy were thinking about going to the hospital. Amber wanted to give a computer to",330,17723
967,"Then, Nathan and Erin had a long argument, and afterwards Erin said to","Then, Nathan and Erin had a long argument, and afterwards Rebecca said to","Then, Nathan and Erin had a long argument, and afterwards Nathan said to",20514,2852
992,"Then, Travis and Kristen were working at the garden. Travis decided to give a necklace to","Then, Travis and Kristen were working at the garden. Nicole decided to give a necklace to","Then, Travis and Kristen were working at the garden. Kristen decided to give a necklace to",16661,1319
889,"Then, Jeffrey and Andrea had a lot of fun at the office. Andrea gave a snack to","Then, Jeffrey and Andrea had a lot of fun at the office. Kyle gave a snack to","Then, Jeffrey and Andrea had a lot of fun at the office. Jeffrey gave a snack to",8678,24009
765,"Then, Charles and Vanessa had a lot of fun at the hospital. Vanessa gave a ring to","Then, Charles and Vanessa had a lot of fun at the hospital. Allison gave a ring to","Then, Charles and Vanessa had a lot of fun at the hospital. Charles gave a ring to",6427,7647
581,"Then, Adam and Lindsey were thinking about going to the school. Lindsey wanted to give a necklace to","Then, Adam and Lindsey were thinking about going to the school. Melissa wanted to give a necklace to","Then, Adam and Lindsey were thinking about going to the school. Adam wanted to give a necklace to",10534,10100
531,"Then, Amy and Thomas had a lot of fun at the store. Amy gave a ring to","Then, Amy and Thomas had a lot of fun at the store. Christopher gave a ring to","Then, Amy and Thomas had a lot of fun at the store. Thomas gave a ring to",6083,17723
950,"Then, Crystal and Nicole were thinking about going to the store. Nicole wanted to give a necklace to","Then, Crystal and Nicole were thinking about going to the store. Anthony wanted to give a necklace to","Then, Crystal and Nicole were thinking about going to the store. Crystal wanted to give a necklace to",20254,27688
897,"Then, Charles and Jeffrey were working at the store. Jeffrey decided to give a kiss to","Then, Charles and Jeffrey were working at the store. Kimberly decided to give a kiss to","Then, Charles and Jeffrey were working at the store. Charles decided to give a kiss to",6427,8678
149,"Then, Brittany and Alicia were working at the house. Brittany decided to give a basketball to","Then, Brittany and Alicia were working at the house. Christina decided to give a basketball to","Then, Brittany and Alicia were working at the house. Alicia decided to give a basketball to",330,1896
721,"When Thomas and Joseph got a drink at the restaurant, Joseph decided to give it to","When Thomas and Joseph got a drink at the restaurant, Anthony decided to give it to","When Thomas and Joseph got a drink at the restaurant, Thomas decided to give it to",6083,8218
400,"After Aaron and Robert went to the store, Aaron gave a bone to","After Aaron and Robert went to the store, Gregory gave a bone to","After Aaron and Robert went to the store, Robert gave a bone to",5606,20486
739,"Then, Joseph and Courtney were thinking about going to the hospital. Joseph wanted to give a basketball to","Then, Joseph and Courtney were thinking about going to the hospital. Benjamin wanted to give a basketball to","Then, Joseph and Courtney were thinking about going to the hospital. Courtney wanted to give a basketball to",6924,8218
593,"Then, Crystal and Bradley had a long argument, and afterwards Bradley said to","Then, Crystal and Bradley had a long argument, and afterwards Daniel said to","Then, Crystal and Bradley had a long argument, and afterwards Crystal said to",20254,12906
29,"Then, Nicole and Dustin were working at the restaurant. Dustin decided to give a computer to","Then, Nicole and Dustin were working at the restaurant. Travis decided to give a computer to","Then, Nicole and Dustin were working at the restaurant. Nicole decided to give a computer to",27688,384
262,"Then, Amy and Kelly had a lot of fun at the store. Kelly gave a basketball to","Then, Amy and Kelly had a lot of fun at the store. Megan gave a basketball to","Then, Amy and Kelly had a lot of fun at the store. Amy gave a basketball to",17723,15282
313,"When Mark and Kelly got a bone at the office, Mark decided to give it to","When Mark and Kelly got a bone at the office, Andrea decided to give it to","When Mark and Kelly got a bone at the office, Kelly decided to give it to",15282,3655
317,"When Lauren and Joshua got a snack at the station, Joshua decided to give it to","When Lauren and Joshua got a snack at the station, Benjamin decided to give it to","When Lauren and Joshua got a snack at the station, Lauren decided to give it to",23119,28302
543,"Then, Amber and David had a long argument, and afterwards David said to","Then, Amber and David had a long argument, and afterwards Angela said to","Then, Amber and David had a long argument, and afterwards Amber said to",330,4417
521,"Then, Sarah and Sean were thinking about going to the garden. Sean wanted to give a drink to","Then, Sarah and Sean were thinking about going to the garden. Tiffany wanted to give a drink to","Then, Sarah and Sean were thinking about going to the garden. Sarah wanted to give a drink to",12642,20468
168,"Then, Aaron and Steven were thinking about going to the office. Aaron wanted to give a ring to","Then, Aaron and Steven were thinking about going to the office. Eric wanted to give a ring to","Then, Aaron and Steven were thinking about going to the office. Steven wanted to give a ring to",20257,20486
282,"Then, Jennifer and Richard had a lot of fun at the station. Jennifer gave a bone to","Then, Jennifer and Richard had a lot of fun at the station. Justin gave a bone to","Then, Jennifer and Richard had a lot of fun at the station. Richard gave a bone to",6359,21511
93,"After Kevin and James went to the garden, Kevin gave a necklace to","After Kevin and James went to the garden, Stephen gave a necklace to","After Kevin and James went to the garden, James gave a necklace to",4797,13589
528,"When Matthew and Travis got a ring at the school, Matthew decided to give it to","When Matthew and Travis got a ring at the school, Elizabeth decided to give it to","When Matthew and Travis got a ring at the school, Travis decided to give it to",1319,15305
100,"Then, Mark and David had a long argument, and afterwards David said to","Then, Mark and David had a long argument, and afterwards Joseph said to","Then, Mark and David had a long argument, and afterwards Mark said to",3655,4417
