,clean,corrupted,corrupted_hard,correct_idx,incorrect_idx
1,"<s> Is the sentiment of following sentence positive or negative?adults , other than the parents ...
Answer: It is","<s> Is the sentiment of following sentence exist or none?adults , other than the parents ...
Answer: It is",,5278,2588
2,"<s> Is the sentiment of following sentence positive or negative?for the under-7 crowd
Answer: It is","<s> Is the sentiment of following sentence exist or none?for the under-7 crowd
Answer: It is",,7087,2588
3,"<s> Is the sentiment of following sentence positive or negative?`` wild ride ''
Answer: It is","<s> Is the sentiment of following sentence exist or none?`` wild ride ''
Answer: It is",,5278,2588
4,"<s> Is the sentiment of following sentence positive or negative?wannabe-hip crime comedy
Answer: It is","<s> Is the sentiment of following sentence exist or none?wannabe-hip crime comedy
Answer: It is",,7087,2588
5,"<s> Is the sentiment of following sentence positive or negative?is an ` action film ' mired in stasis .
Answer: It is","<s> Is the sentiment of following sentence exist or none?is an ` action film ' mired in stasis .
Answer: It is",,5278,2588
6,"<s> Is the sentiment of following sentence positive or negative?does n't reveal even a hint of artifice
Answer: It is","<s> Is the sentiment of following sentence exist or none?does n't reveal even a hint of artifice
Answer: It is",,7087,2588
7,"<s> Is the sentiment of following sentence positive or negative?equally beautiful , self-satisfied 18-year-old mistress
Answer: It is","<s> Is the sentiment of following sentence exist or none?equally beautiful , self-satisfied 18-year-old mistress
Answer: It is",,5278,2588
8,"<s> Is the sentiment of following sentence positive or negative?may really need the company of others
Answer: It is","<s> Is the sentiment of following sentence exist or none?may really need the company of others
Answer: It is",,7087,2588
9,"<s> Is the sentiment of following sentence positive or negative?be an important movie , or even a good one
Answer: It is","<s> Is the sentiment of following sentence exist or none?be an important movie , or even a good one
Answer: It is",,5278,2588
10,"<s> Is the sentiment of following sentence positive or negative?'s quinn ( is ) a leather clad grunge-pirate with a hairdo like gandalf in a wind-tunnel and a simply astounding cor-blimey-luv-a-duck cockney accent .
Answer: It is","<s> Is the sentiment of following sentence exist or none?'s quinn ( is ) a leather clad grunge-pirate with a hairdo like gandalf in a wind-tunnel and a simply astounding cor-blimey-luv-a-duck cockney accent .
Answer: It is",,7087,2588
11,"<s> Is the sentiment of following sentence positive or negative?blood-curdling family intensity
Answer: It is","<s> Is the sentiment of following sentence exist or none?blood-curdling family intensity
Answer: It is",,5278,2588
12,"<s> Is the sentiment of following sentence positive or negative?was reportedly rewritten a dozen times
Answer: It is","<s> Is the sentiment of following sentence exist or none?was reportedly rewritten a dozen times
Answer: It is",,7087,2588
13,"<s> Is the sentiment of following sentence positive or negative?depict the french revolution
Answer: It is","<s> Is the sentiment of following sentence exist or none?depict the french revolution
Answer: It is",,5278,2588
14,"<s> Is the sentiment of following sentence positive or negative?covered earlier and much better
Answer: It is","<s> Is the sentiment of following sentence exist or none?covered earlier and much better
Answer: It is",,7087,2588
15,"<s> Is the sentiment of following sentence positive or negative?more emotional force
Answer: It is","<s> Is the sentiment of following sentence exist or none?more emotional force
Answer: It is",,5278,2588
16,"<s> Is the sentiment of following sentence positive or negative?might not have noticed
Answer: It is","<s> Is the sentiment of following sentence exist or none?might not have noticed
Answer: It is",,7087,2588
17,"<s> Is the sentiment of following sentence positive or negative?appealing character quirks to forgive that still serious problem
Answer: It is","<s> Is the sentiment of following sentence exist or none?appealing character quirks to forgive that still serious problem
Answer: It is",,5278,2588
18,"<s> Is the sentiment of following sentence positive or negative?'s not as obnoxious as tom green 's freddie got fingered
Answer: It is","<s> Is the sentiment of following sentence exist or none?'s not as obnoxious as tom green 's freddie got fingered
Answer: It is",,7087,2588
19,"<s> Is the sentiment of following sentence positive or negative?in his chilling , unnerving film
Answer: It is","<s> Is the sentiment of following sentence exist or none?in his chilling , unnerving film
Answer: It is",,5278,2588
20,"<s> Is the sentiment of following sentence positive or negative?the picture runs a mere 84 minutes ,
Answer: It is","<s> Is the sentiment of following sentence exist or none?the picture runs a mere 84 minutes ,
Answer: It is",,7087,2588
21,"<s> Is the sentiment of following sentence positive or negative?heart-string plucking
Answer: It is","<s> Is the sentiment of following sentence exist or none?heart-string plucking
Answer: It is",,5278,2588
22,"<s> Is the sentiment of following sentence positive or negative?the film runs on a little longer than it needs to -- muccino either does n't notice when his story ends or just ca n't tear himself away from the characters --
Answer: It is","<s> Is the sentiment of following sentence exist or none?the film runs on a little longer than it needs to -- muccino either does n't notice when his story ends or just ca n't tear himself away from the characters --
Answer: It is",,7087,2588
23,"<s> Is the sentiment of following sentence positive or negative?perfect family film
Answer: It is","<s> Is the sentiment of following sentence exist or none?perfect family film
Answer: It is",,5278,2588
24,"<s> Is the sentiment of following sentence positive or negative?how about surprising us by trying something new ?
Answer: It is","<s> Is the sentiment of following sentence exist or none?how about surprising us by trying something new ?
Answer: It is",,7087,2588
25,"<s> Is the sentiment of following sentence positive or negative?a manically generous christmas
Answer: It is","<s> Is the sentiment of following sentence exist or none?a manically generous christmas
Answer: It is",,5278,2588
26,"<s> Is the sentiment of following sentence positive or negative?been there , done that ,
Answer: It is","<s> Is the sentiment of following sentence exist or none?been there , done that ,
Answer: It is",,7087,2588
27,"<s> Is the sentiment of following sentence positive or negative?entrapment
Answer: It is","<s> Is the sentiment of following sentence exist or none?entrapment
Answer: It is",,5278,2588
28,"<s> Is the sentiment of following sentence positive or negative?a setup so easy it borders on facile
Answer: It is","<s> Is the sentiment of following sentence exist or none?a setup so easy it borders on facile
Answer: It is",,7087,2588
29,"<s> Is the sentiment of following sentence positive or negative?barry 's cold-fish act makes the experience worthwhile
Answer: It is","<s> Is the sentiment of following sentence exist or none?barry 's cold-fish act makes the experience worthwhile
Answer: It is",,5278,2588
30,"<s> Is the sentiment of following sentence positive or negative?as unblinkingly pure as the hours
Answer: It is","<s> Is the sentiment of following sentence exist or none?as unblinkingly pure as the hours
Answer: It is",,7087,2588
31,"<s> Is the sentiment of following sentence positive or negative?make you think twice about what might be going on inside each trailer park you drive past -- even if it chiefly inspires you to drive a little faster
Answer: It is","<s> Is the sentiment of following sentence exist or none?make you think twice about what might be going on inside each trailer park you drive past -- even if it chiefly inspires you to drive a little faster
Answer: It is",,5278,2588
32,"<s> Is the sentiment of following sentence positive or negative?a generic international version
Answer: It is","<s> Is the sentiment of following sentence exist or none?a generic international version
Answer: It is",,7087,2588
33,"<s> Is the sentiment of following sentence positive or negative?` perfection
Answer: It is","<s> Is the sentiment of following sentence exist or none?` perfection
Answer: It is",,5278,2588
34,"<s> Is the sentiment of following sentence positive or negative?that everlasting conundrum
Answer: It is","<s> Is the sentiment of following sentence exist or none?that everlasting conundrum
Answer: It is",,7087,2588
35,"<s> Is the sentiment of following sentence positive or negative?nervy and
Answer: It is","<s> Is the sentiment of following sentence exist or none?nervy and
Answer: It is",,5278,2588
36,"<s> Is the sentiment of following sentence positive or negative?plays like a 95-minute commercial for nba properties
Answer: It is","<s> Is the sentiment of following sentence exist or none?plays like a 95-minute commercial for nba properties
Answer: It is",,7087,2588
37,"<s> Is the sentiment of following sentence positive or negative?it 's too harsh to work as a piece of storytelling , but as an intellectual exercise -- an unpleasant debate that 's been given the drive of a narrative and that 's been acted out -- the believer is nothing less than a provocative piece of work .
Answer: It is","<s> Is the sentiment of following sentence exist or none?it 's too harsh to work as a piece of storytelling , but as an intellectual exercise -- an unpleasant debate that 's been given the drive of a narrative and that 's been acted out -- the believer is nothing less than a provocative piece of work .
Answer: It is",,5278,2588
38,"<s> Is the sentiment of following sentence positive or negative?is the kathie lee gifford of film directors ,
Answer: It is","<s> Is the sentiment of following sentence exist or none?is the kathie lee gifford of film directors ,
Answer: It is",,7087,2588
39,"<s> Is the sentiment of following sentence positive or negative?1995 's forget paris
Answer: It is","<s> Is the sentiment of following sentence exist or none?1995 's forget paris
Answer: It is",,5278,2588
40,"<s> Is the sentiment of following sentence positive or negative?even if it may still leave you wanting more answers as the credits
Answer: It is","<s> Is the sentiment of following sentence exist or none?even if it may still leave you wanting more answers as the credits
Answer: It is",,7087,2588
41,"<s> Is the sentiment of following sentence positive or negative?is a touching reflection on aging , suffering and the prospect of death
Answer: It is","<s> Is the sentiment of following sentence exist or none?is a touching reflection on aging , suffering and the prospect of death
Answer: It is",,5278,2588
42,"<s> Is the sentiment of following sentence positive or negative?7th heaven
Answer: It is","<s> Is the sentiment of following sentence exist or none?7th heaven
Answer: It is",,7087,2588
43,"<s> Is the sentiment of following sentence positive or negative?as far as art is concerned , it 's mission accomplished
Answer: It is","<s> Is the sentiment of following sentence exist or none?as far as art is concerned , it 's mission accomplished
Answer: It is",,5278,2588
44,"<s> Is the sentiment of following sentence positive or negative?little alien
Answer: It is","<s> Is the sentiment of following sentence exist or none?little alien
Answer: It is",,7087,2588
45,"<s> Is the sentiment of following sentence positive or negative?is a gritty police thriller with all the dysfunctional family dynamics one could wish for .
Answer: It is","<s> Is the sentiment of following sentence exist or none?is a gritty police thriller with all the dysfunctional family dynamics one could wish for .
Answer: It is",,5278,2588
46,"<s> Is the sentiment of following sentence positive or negative?give i am trying to break your heart an attraction it desperately needed .
Answer: It is","<s> Is the sentiment of following sentence exist or none?give i am trying to break your heart an attraction it desperately needed .
Answer: It is",,7087,2588
47,"<s> Is the sentiment of following sentence positive or negative?a genuinely bone-chilling tale
Answer: It is","<s> Is the sentiment of following sentence exist or none?a genuinely bone-chilling tale
Answer: It is",,5278,2588
48,"<s> Is the sentiment of following sentence positive or negative?a little melodramatic , but with enough
Answer: It is","<s> Is the sentiment of following sentence exist or none?a little melodramatic , but with enough
Answer: It is",,7087,2588
49,"<s> Is the sentiment of following sentence positive or negative?shows holmes has the screen presence to become a major-league leading lady , ( but )
Answer: It is","<s> Is the sentiment of following sentence exist or none?shows holmes has the screen presence to become a major-league leading lady , ( but )
Answer: It is",,5278,2588
50,"<s> Is the sentiment of following sentence positive or negative?like leafing through an album of photos
Answer: It is","<s> Is the sentiment of following sentence exist or none?like leafing through an album of photos
Answer: It is",,7087,2588
51,"<s> Is the sentiment of following sentence positive or negative?ride through nighttime manhattan , a loquacious videologue of the modern male and the lengths to which he 'll go to weave a protective cocoon around his own ego .
Answer: It is","<s> Is the sentiment of following sentence exist or none?ride through nighttime manhattan , a loquacious videologue of the modern male and the lengths to which he 'll go to weave a protective cocoon around his own ego .
Answer: It is",,5278,2588
52,"<s> Is the sentiment of following sentence positive or negative?overachieving
Answer: It is","<s> Is the sentiment of following sentence exist or none?overachieving
Answer: It is",,7087,2588
53,"<s> Is the sentiment of following sentence positive or negative?provocative
Answer: It is","<s> Is the sentiment of following sentence exist or none?provocative
Answer: It is",,5278,2588
54,"<s> Is the sentiment of following sentence positive or negative?a gentle waking coma
Answer: It is","<s> Is the sentiment of following sentence exist or none?a gentle waking coma
Answer: It is",,7087,2588
55,"<s> Is the sentiment of following sentence positive or negative?fierce competition
Answer: It is","<s> Is the sentiment of following sentence exist or none?fierce competition
Answer: It is",,5278,2588
56,"<s> Is the sentiment of following sentence positive or negative?for fashioning an engrossing entertainment out of an almost sure-fire prescription for a critical and commercial disaster
Answer: It is","<s> Is the sentiment of following sentence exist or none?for fashioning an engrossing entertainment out of an almost sure-fire prescription for a critical and commercial disaster
Answer: It is",,7087,2588
57,"<s> Is the sentiment of following sentence positive or negative?conservative christian parents and
Answer: It is","<s> Is the sentiment of following sentence exist or none?conservative christian parents and
Answer: It is",,5278,2588
58,"<s> Is the sentiment of following sentence positive or negative?mind crappy movies as much as adults ,
Answer: It is","<s> Is the sentiment of following sentence exist or none?mind crappy movies as much as adults ,
Answer: It is",,7087,2588
59,"<s> Is the sentiment of following sentence positive or negative?engrossing and grim
Answer: It is","<s> Is the sentiment of following sentence exist or none?engrossing and grim
Answer: It is",,5278,2588
60,"<s> Is the sentiment of following sentence positive or negative?haute
Answer: It is","<s> Is the sentiment of following sentence exist or none?haute
Answer: It is",,7087,2588
61,"<s> Is the sentiment of following sentence positive or negative?chillingly effective
Answer: It is","<s> Is the sentiment of following sentence exist or none?chillingly effective
Answer: It is",,5278,2588
62,"<s> Is the sentiment of following sentence positive or negative?a decomposition of healthy eccentric inspiration and ambition
Answer: It is","<s> Is the sentiment of following sentence exist or none?a decomposition of healthy eccentric inspiration and ambition
Answer: It is",,7087,2588
63,"<s> Is the sentiment of following sentence positive or negative?, for the most part , credible
Answer: It is","<s> Is the sentiment of following sentence exist or none?, for the most part , credible
Answer: It is",,5278,2588
64,"<s> Is the sentiment of following sentence positive or negative?, the plot 's saccharine thrust
Answer: It is","<s> Is the sentiment of following sentence exist or none?, the plot 's saccharine thrust
Answer: It is",,7087,2588
65,"<s> Is the sentiment of following sentence positive or negative?takes every potential laugh and
Answer: It is","<s> Is the sentiment of following sentence exist or none?takes every potential laugh and
Answer: It is",,5278,2588
66,"<s> Is the sentiment of following sentence positive or negative?for this sort of thing to work , we need agile performers ,
Answer: It is","<s> Is the sentiment of following sentence exist or none?for this sort of thing to work , we need agile performers ,
Answer: It is",,7087,2588
67,"<s> Is the sentiment of following sentence positive or negative?be incomprehensible to moviegoers not already clad in basic black
Answer: It is","<s> Is the sentiment of following sentence exist or none?be incomprehensible to moviegoers not already clad in basic black
Answer: It is",,5278,2588
68,"<s> Is the sentiment of following sentence positive or negative?major acting lessons and
Answer: It is","<s> Is the sentiment of following sentence exist or none?major acting lessons and
Answer: It is",,7087,2588
69,"<s> Is the sentiment of following sentence positive or negative?eerily suspenseful
Answer: It is","<s> Is the sentiment of following sentence exist or none?eerily suspenseful
Answer: It is",,5278,2588
70,"<s> Is the sentiment of following sentence positive or negative?, son of the bride becomes an exercise in trying to predict when a preordained `` big moment '' will occur and not `` if . ''
Answer: It is","<s> Is the sentiment of following sentence exist or none?, son of the bride becomes an exercise in trying to predict when a preordained `` big moment '' will occur and not `` if . ''
Answer: It is",,7087,2588
71,"<s> Is the sentiment of following sentence positive or negative?watching the chemistry between freeman and judd , however , almost makes this movie worth seeing .
Answer: It is","<s> Is the sentiment of following sentence exist or none?watching the chemistry between freeman and judd , however , almost makes this movie worth seeing .
Answer: It is",,5278,2588
72,"<s> Is the sentiment of following sentence positive or negative?bore most audiences into their own brightly colored dreams
Answer: It is","<s> Is the sentiment of following sentence exist or none?bore most audiences into their own brightly colored dreams
Answer: It is",,7087,2588
73,"<s> Is the sentiment of following sentence positive or negative?chelsea hotel
Answer: It is","<s> Is the sentiment of following sentence exist or none?chelsea hotel
Answer: It is",,5278,2588
74,"<s> Is the sentiment of following sentence positive or negative?neither is incompetent , incoherent or just plain crap
Answer: It is","<s> Is the sentiment of following sentence exist or none?neither is incompetent , incoherent or just plain crap
Answer: It is",,7087,2588
75,"<s> Is the sentiment of following sentence positive or negative?yet , it must be admitted , not entirely humorless
Answer: It is","<s> Is the sentiment of following sentence exist or none?yet , it must be admitted , not entirely humorless
Answer: It is",,5278,2588
76,"<s> Is the sentiment of following sentence positive or negative?realize that we really have n't had a good cheesy b-movie playing in theaters since ... well ... since last week 's reign of fire
Answer: It is","<s> Is the sentiment of following sentence exist or none?realize that we really have n't had a good cheesy b-movie playing in theaters since ... well ... since last week 's reign of fire
Answer: It is",,7087,2588
77,"<s> Is the sentiment of following sentence positive or negative?is uniquely felt with a sardonic jolt
Answer: It is","<s> Is the sentiment of following sentence exist or none?is uniquely felt with a sardonic jolt
Answer: It is",,5278,2588
78,"<s> Is the sentiment of following sentence positive or negative?less concerned with cultural and political issues than doting on its eccentric characters
Answer: It is","<s> Is the sentiment of following sentence exist or none?less concerned with cultural and political issues than doting on its eccentric characters
Answer: It is",,7087,2588
79,"<s> Is the sentiment of following sentence positive or negative?to the edge of your seat , tense with suspense
Answer: It is","<s> Is the sentiment of following sentence exist or none?to the edge of your seat , tense with suspense
Answer: It is",,5278,2588
80,"<s> Is the sentiment of following sentence positive or negative?-- and gross
Answer: It is","<s> Is the sentiment of following sentence exist or none?-- and gross
Answer: It is",,7087,2588
81,"<s> Is the sentiment of following sentence positive or negative?the holocaust escape story
Answer: It is","<s> Is the sentiment of following sentence exist or none?the holocaust escape story
Answer: It is",,5278,2588
82,"<s> Is the sentiment of following sentence positive or negative?kong master john woo
Answer: It is","<s> Is the sentiment of following sentence exist or none?kong master john woo
Answer: It is",,7087,2588
83,"<s> Is the sentiment of following sentence positive or negative?consumed by lust and love
Answer: It is","<s> Is the sentiment of following sentence exist or none?consumed by lust and love
Answer: It is",,5278,2588
84,"<s> Is the sentiment of following sentence positive or negative?cheap ,
Answer: It is","<s> Is the sentiment of following sentence exist or none?cheap ,
Answer: It is",,7087,2588
85,"<s> Is the sentiment of following sentence positive or negative?it 's a spectacular performance - ahem , we hope it 's only acting .
Answer: It is","<s> Is the sentiment of following sentence exist or none?it 's a spectacular performance - ahem , we hope it 's only acting .
Answer: It is",,5278,2588
86,"<s> Is the sentiment of following sentence positive or negative?perry 's good and his is an interesting character , but `` serving sara '' has n't much more to serve than silly fluff
Answer: It is","<s> Is the sentiment of following sentence exist or none?perry 's good and his is an interesting character , but `` serving sara '' has n't much more to serve than silly fluff
Answer: It is",,7087,2588
87,"<s> Is the sentiment of following sentence positive or negative?a film that relies on personal relationships
Answer: It is","<s> Is the sentiment of following sentence exist or none?a film that relies on personal relationships
Answer: It is",,5278,2588
88,"<s> Is the sentiment of following sentence positive or negative?escaped the rut dug by the last one
Answer: It is","<s> Is the sentiment of following sentence exist or none?escaped the rut dug by the last one
Answer: It is",,7087,2588
89,"<s> Is the sentiment of following sentence positive or negative?brash , intelligent and erotically perplexing , haneke 's portrait of an upper class austrian society and the suppression of its tucked away demons is uniquely felt with a sardonic jolt .
Answer: It is","<s> Is the sentiment of following sentence exist or none?brash , intelligent and erotically perplexing , haneke 's portrait of an upper class austrian society and the suppression of its tucked away demons is uniquely felt with a sardonic jolt .
Answer: It is",,5278,2588
90,"<s> Is the sentiment of following sentence positive or negative?or worth rooting against , for that matter
Answer: It is","<s> Is the sentiment of following sentence exist or none?or worth rooting against , for that matter
Answer: It is",,7087,2588
91,"<s> Is the sentiment of following sentence positive or negative?, realistic portrayal
Answer: It is","<s> Is the sentiment of following sentence exist or none?, realistic portrayal
Answer: It is",,5278,2588
92,"<s> Is the sentiment of following sentence positive or negative?return to neverland manages to straddle the line between another classic for the company and just another run-of-the-mill disney sequel intended for the home video market .
Answer: It is","<s> Is the sentiment of following sentence exist or none?return to neverland manages to straddle the line between another classic for the company and just another run-of-the-mill disney sequel intended for the home video market .
Answer: It is",,7087,2588
93,"<s> Is the sentiment of following sentence positive or negative?to cut a swathe through mainstream hollywood
Answer: It is","<s> Is the sentiment of following sentence exist or none?to cut a swathe through mainstream hollywood
Answer: It is",,5278,2588
94,"<s> Is the sentiment of following sentence positive or negative?may be wondering what all that jazz was about `` chicago '' in 2002 .
Answer: It is","<s> Is the sentiment of following sentence exist or none?may be wondering what all that jazz was about `` chicago '' in 2002 .
Answer: It is",,7087,2588
95,"<s> Is the sentiment of following sentence positive or negative?a fascinating , unnerving examination of the delusions of one unstable man
Answer: It is","<s> Is the sentiment of following sentence exist or none?a fascinating , unnerving examination of the delusions of one unstable man
Answer: It is",,5278,2588
96,"<s> Is the sentiment of following sentence positive or negative?freewheeling trash-cinema roots
Answer: It is","<s> Is the sentiment of following sentence exist or none?freewheeling trash-cinema roots
Answer: It is",,7087,2588
97,"<s> Is the sentiment of following sentence positive or negative?recent past
Answer: It is","<s> Is the sentiment of following sentence exist or none?recent past
Answer: It is",,5278,2588
98,"<s> Is the sentiment of following sentence positive or negative?, some things are immune to the folly of changing taste and attitude .
Answer: It is","<s> Is the sentiment of following sentence exist or none?, some things are immune to the folly of changing taste and attitude .
Answer: It is",,7087,2588
99,"<s> Is the sentiment of following sentence positive or negative?that keeps the film grounded in an undeniable social realism
Answer: It is","<s> Is the sentiment of following sentence exist or none?that keeps the film grounded in an undeniable social realism
Answer: It is",,5278,2588
100,"<s> Is the sentiment of following sentence positive or negative?from his usual bumbling , tongue-tied screen persona
Answer: It is","<s> Is the sentiment of following sentence exist or none?from his usual bumbling , tongue-tied screen persona
Answer: It is",,7087,2588
101,"<s> Is the sentiment of following sentence positive or negative?from grace that still leaves shockwaves
Answer: It is","<s> Is the sentiment of following sentence exist or none?from grace that still leaves shockwaves
Answer: It is",,5278,2588
102,"<s> Is the sentiment of following sentence positive or negative?genial is the conceit ,
Answer: It is","<s> Is the sentiment of following sentence exist or none?genial is the conceit ,
Answer: It is",,7087,2588
103,"<s> Is the sentiment of following sentence positive or negative?is to imply terror by suggestion , rather than the overuse of special effects .
Answer: It is","<s> Is the sentiment of following sentence exist or none?is to imply terror by suggestion , rather than the overuse of special effects .
Answer: It is",,5278,2588
104,"<s> Is the sentiment of following sentence positive or negative?cheesy
Answer: It is","<s> Is the sentiment of following sentence exist or none?cheesy
Answer: It is",,7087,2588
105,"<s> Is the sentiment of following sentence positive or negative?is ok for a movie to be something of a sitcom apparatus
Answer: It is","<s> Is the sentiment of following sentence exist or none?is ok for a movie to be something of a sitcom apparatus
Answer: It is",,5278,2588
106,"<s> Is the sentiment of following sentence positive or negative?veers
Answer: It is","<s> Is the sentiment of following sentence exist or none?veers
Answer: It is",,7087,2588
107,"<s> Is the sentiment of following sentence positive or negative?its leaden acting , dull exposition
Answer: It is","<s> Is the sentiment of following sentence exist or none?its leaden acting , dull exposition
Answer: It is",,5278,2588
108,"<s> Is the sentiment of following sentence positive or negative?casting shatner as a legendary professor and kunis as a brilliant college student -- where 's pauly shore as the rocket scientist ?
Answer: It is","<s> Is the sentiment of following sentence exist or none?casting shatner as a legendary professor and kunis as a brilliant college student -- where 's pauly shore as the rocket scientist ?
Answer: It is",,7087,2588
109,"<s> Is the sentiment of following sentence positive or negative?a lot of tooth in roger dodger
Answer: It is","<s> Is the sentiment of following sentence exist or none?a lot of tooth in roger dodger
Answer: It is",,5278,2588
110,"<s> Is the sentiment of following sentence positive or negative?juvenile
Answer: It is","<s> Is the sentiment of following sentence exist or none?juvenile
Answer: It is",,7087,2588
111,"<s> Is the sentiment of following sentence positive or negative?is so resolutely
Answer: It is","<s> Is the sentiment of following sentence exist or none?is so resolutely
Answer: It is",,5278,2588
112,"<s> Is the sentiment of following sentence positive or negative?will be two hours gained
Answer: It is","<s> Is the sentiment of following sentence exist or none?will be two hours gained
Answer: It is",,7087,2588
113,"<s> Is the sentiment of following sentence positive or negative?a powerful , chilling , and affecting study of one man 's dying fall .
Answer: It is","<s> Is the sentiment of following sentence exist or none?a powerful , chilling , and affecting study of one man 's dying fall .
Answer: It is",,5278,2588
114,"<s> Is the sentiment of following sentence positive or negative?me realize that we really have n't had a good cheesy b-movie playing in theaters since ... well ... since last week 's reign of fire
Answer: It is","<s> Is the sentiment of following sentence exist or none?me realize that we really have n't had a good cheesy b-movie playing in theaters since ... well ... since last week 's reign of fire
Answer: It is",,7087,2588
115,"<s> Is the sentiment of following sentence positive or negative?include every top-notch british actor who did not appear in gosford park ( as well as one , ms. mirren , who did )
Answer: It is","<s> Is the sentiment of following sentence exist or none?include every top-notch british actor who did not appear in gosford park ( as well as one , ms. mirren , who did )
Answer: It is",,5278,2588
116,"<s> Is the sentiment of following sentence positive or negative?lightweight filmmaking
Answer: It is","<s> Is the sentiment of following sentence exist or none?lightweight filmmaking
Answer: It is",,7087,2588
117,"<s> Is the sentiment of following sentence positive or negative?of moviegoers for real characters and compelling plots
Answer: It is","<s> Is the sentiment of following sentence exist or none?of moviegoers for real characters and compelling plots
Answer: It is",,5278,2588
118,"<s> Is the sentiment of following sentence positive or negative?find room for one more member of his little band , a professional screenwriter
Answer: It is","<s> Is the sentiment of following sentence exist or none?find room for one more member of his little band , a professional screenwriter
Answer: It is",,7087,2588
119,"<s> Is the sentiment of following sentence positive or negative?you have to pay if you want to see it
Answer: It is","<s> Is the sentiment of following sentence exist or none?you have to pay if you want to see it
Answer: It is",,5278,2588
120,"<s> Is the sentiment of following sentence positive or negative?is never much worse than bland or better than inconsequential
Answer: It is","<s> Is the sentiment of following sentence exist or none?is never much worse than bland or better than inconsequential
Answer: It is",,7087,2588
121,"<s> Is the sentiment of following sentence positive or negative?be forgettable if it were n't such a clever adaptation of the bard 's tragic play
Answer: It is","<s> Is the sentiment of following sentence exist or none?be forgettable if it were n't such a clever adaptation of the bard 's tragic play
Answer: It is",,5278,2588
122,"<s> Is the sentiment of following sentence positive or negative?sudsy
Answer: It is","<s> Is the sentiment of following sentence exist or none?sudsy
Answer: It is",,7087,2588
123,"<s> Is the sentiment of following sentence positive or negative?if you 're not deeply touched by this movie
Answer: It is","<s> Is the sentiment of following sentence exist or none?if you 're not deeply touched by this movie
Answer: It is",,5278,2588
124,"<s> Is the sentiment of following sentence positive or negative?been there , done that , liked it much better
Answer: It is","<s> Is the sentiment of following sentence exist or none?been there , done that , liked it much better
Answer: It is",,7087,2588
125,"<s> Is the sentiment of following sentence positive or negative?gut-clutching piece
Answer: It is","<s> Is the sentiment of following sentence exist or none?gut-clutching piece
Answer: It is",,5278,2588
126,"<s> Is the sentiment of following sentence positive or negative?enough
Answer: It is","<s> Is the sentiment of following sentence exist or none?enough
Answer: It is",,7087,2588
127,"<s> Is the sentiment of following sentence positive or negative?the stomach-knotting suspense
Answer: It is","<s> Is the sentiment of following sentence exist or none?the stomach-knotting suspense
Answer: It is",,5278,2588
128,"<s> Is the sentiment of following sentence positive or negative?chuckles
Answer: It is","<s> Is the sentiment of following sentence exist or none?chuckles
Answer: It is",,7087,2588
129,"<s> Is the sentiment of following sentence positive or negative?it 's the image that really tells the tale .
Answer: It is","<s> Is the sentiment of following sentence exist or none?it 's the image that really tells the tale .
Answer: It is",,5278,2588
130,"<s> Is the sentiment of following sentence positive or negative?who has never made anything that was n't at least watchable
Answer: It is","<s> Is the sentiment of following sentence exist or none?who has never made anything that was n't at least watchable
Answer: It is",,7087,2588
131,"<s> Is the sentiment of following sentence positive or negative?as ex-marine walter , who may or may not have shot kennedy , actor raymond j. barry is perfectly creepy and believable .
Answer: It is","<s> Is the sentiment of following sentence exist or none?as ex-marine walter , who may or may not have shot kennedy , actor raymond j. barry is perfectly creepy and believable .
Answer: It is",,5278,2588
132,"<s> Is the sentiment of following sentence positive or negative?return ticket
Answer: It is","<s> Is the sentiment of following sentence exist or none?return ticket
Answer: It is",,7087,2588
133,"<s> Is the sentiment of following sentence positive or negative?arresting
Answer: It is","<s> Is the sentiment of following sentence exist or none?arresting
Answer: It is",,5278,2588
134,"<s> Is the sentiment of following sentence positive or negative?expected
Answer: It is","<s> Is the sentiment of following sentence exist or none?expected
Answer: It is",,7087,2588
135,"<s> Is the sentiment of following sentence positive or negative?hardly an objective documentary , but it 's great cinematic polemic ...
Answer: It is","<s> Is the sentiment of following sentence exist or none?hardly an objective documentary , but it 's great cinematic polemic ...
Answer: It is",,5278,2588
136,"<s> Is the sentiment of following sentence positive or negative?like a student film
Answer: It is","<s> Is the sentiment of following sentence exist or none?like a student film
Answer: It is",,7087,2588
137,"<s> Is the sentiment of following sentence positive or negative?some serious suspense
Answer: It is","<s> Is the sentiment of following sentence exist or none?some serious suspense
Answer: It is",,5278,2588
138,"<s> Is the sentiment of following sentence positive or negative?like a classroom play in a college history course
Answer: It is","<s> Is the sentiment of following sentence exist or none?like a classroom play in a college history course
Answer: It is",,7087,2588
139,"<s> Is the sentiment of following sentence positive or negative?the last kiss will probably never achieve the popularity of my big fat greek wedding , but its provocative central wedding sequence has far more impact .
Answer: It is","<s> Is the sentiment of following sentence exist or none?the last kiss will probably never achieve the popularity of my big fat greek wedding , but its provocative central wedding sequence has far more impact .
Answer: It is",,5278,2588
140,"<s> Is the sentiment of following sentence positive or negative?with regret and , ultimately , finding redemption
Answer: It is","<s> Is the sentiment of following sentence exist or none?with regret and , ultimately , finding redemption
Answer: It is",,7087,2588
141,"<s> Is the sentiment of following sentence positive or negative?reveals that efforts toward closure only open new wounds
Answer: It is","<s> Is the sentiment of following sentence exist or none?reveals that efforts toward closure only open new wounds
Answer: It is",,5278,2588
142,"<s> Is the sentiment of following sentence positive or negative?low-tech magic realism and , at times ,
Answer: It is","<s> Is the sentiment of following sentence exist or none?low-tech magic realism and , at times ,
Answer: It is",,7087,2588
143,"<s> Is the sentiment of following sentence positive or negative?with an admirably dark first script by brent hanley , paxton , making his directorial feature debut , does strong , measured work .
Answer: It is","<s> Is the sentiment of following sentence exist or none?with an admirably dark first script by brent hanley , paxton , making his directorial feature debut , does strong , measured work .
Answer: It is",,5278,2588
144,"<s> Is the sentiment of following sentence positive or negative?there is plenty of room for editing , and a much shorter cut surely would have resulted in a smoother , more focused narrative without sacrificing any of the cultural intrigue .
Answer: It is","<s> Is the sentiment of following sentence exist or none?there is plenty of room for editing , and a much shorter cut surely would have resulted in a smoother , more focused narrative without sacrificing any of the cultural intrigue .
Answer: It is",,7087,2588
145,"<s> Is the sentiment of following sentence positive or negative?is wry and engrossing .
Answer: It is","<s> Is the sentiment of following sentence exist or none?is wry and engrossing .
Answer: It is",,5278,2588
146,"<s> Is the sentiment of following sentence positive or negative?blah characters
Answer: It is","<s> Is the sentiment of following sentence exist or none?blah characters
Answer: It is",,7087,2588
147,"<s> Is the sentiment of following sentence positive or negative?convincingly paints a specifically urban sense of disassociation here .
Answer: It is","<s> Is the sentiment of following sentence exist or none?convincingly paints a specifically urban sense of disassociation here .
Answer: It is",,5278,2588
148,"<s> Is the sentiment of following sentence positive or negative?wondering what all that jazz was about `` chicago '' in 2002
Answer: It is","<s> Is the sentiment of following sentence exist or none?wondering what all that jazz was about `` chicago '' in 2002
Answer: It is",,7087,2588
149,"<s> Is the sentiment of following sentence positive or negative?cedar somewhat defuses this provocative theme by submerging it in a hoary love triangle .
Answer: It is","<s> Is the sentiment of following sentence exist or none?cedar somewhat defuses this provocative theme by submerging it in a hoary love triangle .
Answer: It is",,5278,2588
150,"<s> Is the sentiment of following sentence positive or negative?no worse
Answer: It is","<s> Is the sentiment of following sentence exist or none?no worse
Answer: It is",,7087,2588
151,"<s> Is the sentiment of following sentence positive or negative?its uncanny tale
Answer: It is","<s> Is the sentiment of following sentence exist or none?its uncanny tale
Answer: It is",,5278,2588
152,"<s> Is the sentiment of following sentence positive or negative?is many things -- stoner midnight flick , sci-fi deconstruction , gay fantasia --
Answer: It is","<s> Is the sentiment of following sentence exist or none?is many things -- stoner midnight flick , sci-fi deconstruction , gay fantasia --
Answer: It is",,7087,2588
153,"<s> Is the sentiment of following sentence positive or negative?the last kiss
Answer: It is","<s> Is the sentiment of following sentence exist or none?the last kiss
Answer: It is",,5278,2588
154,"<s> Is the sentiment of following sentence positive or negative?as steamy as last week 's pork dumplings .
Answer: It is","<s> Is the sentiment of following sentence exist or none?as steamy as last week 's pork dumplings .
Answer: It is",,7087,2588
155,"<s> Is the sentiment of following sentence positive or negative?highly entertaining , self-aggrandizing , politically motivated documentary-making
Answer: It is","<s> Is the sentiment of following sentence exist or none?highly entertaining , self-aggrandizing , politically motivated documentary-making
Answer: It is",,5278,2588
156,"<s> Is the sentiment of following sentence positive or negative?neither as scary-funny as tremors
Answer: It is","<s> Is the sentiment of following sentence exist or none?neither as scary-funny as tremors
Answer: It is",,7087,2588
157,"<s> Is the sentiment of following sentence positive or negative?the intelligence or sincerity it unequivocally deserves
Answer: It is","<s> Is the sentiment of following sentence exist or none?the intelligence or sincerity it unequivocally deserves
Answer: It is",,5278,2588
158,"<s> Is the sentiment of following sentence positive or negative?one well-timed explosion in a movie can be a knockout , but a hundred of them can be numbing
Answer: It is","<s> Is the sentiment of following sentence exist or none?one well-timed explosion in a movie can be a knockout , but a hundred of them can be numbing
Answer: It is",,7087,2588
159,"<s> Is the sentiment of following sentence positive or negative?although ... visually striking and slickly staged
Answer: It is","<s> Is the sentiment of following sentence exist or none?although ... visually striking and slickly staged
Answer: It is",,5278,2588
160,"<s> Is the sentiment of following sentence positive or negative?gang
Answer: It is","<s> Is the sentiment of following sentence exist or none?gang
Answer: It is",,7087,2588
161,"<s> Is the sentiment of following sentence positive or negative?kirkegaard
Answer: It is","<s> Is the sentiment of following sentence exist or none?kirkegaard
Answer: It is",,5278,2588
162,"<s> Is the sentiment of following sentence positive or negative?find their own rhythm and protect each other from the script 's bad ideas and awkwardness .
Answer: It is","<s> Is the sentiment of following sentence exist or none?find their own rhythm and protect each other from the script 's bad ideas and awkwardness .
Answer: It is",,7087,2588
163,"<s> Is the sentiment of following sentence positive or negative?big trouble could be considered a funny little film .
Answer: It is","<s> Is the sentiment of following sentence exist or none?big trouble could be considered a funny little film .
Answer: It is",,5278,2588
164,"<s> Is the sentiment of following sentence positive or negative?to regain his life , his dignity and his music
Answer: It is","<s> Is the sentiment of following sentence exist or none?to regain his life , his dignity and his music
Answer: It is",,7087,2588
165,"<s> Is the sentiment of following sentence positive or negative?is icily brilliant
Answer: It is","<s> Is the sentiment of following sentence exist or none?is icily brilliant
Answer: It is",,5278,2588
166,"<s> Is the sentiment of following sentence positive or negative?we , today , can prevent its tragic waste of life
Answer: It is","<s> Is the sentiment of following sentence exist or none?we , today , can prevent its tragic waste of life
Answer: It is",,7087,2588
167,"<s> Is the sentiment of following sentence positive or negative?elegant wit and artifice
Answer: It is","<s> Is the sentiment of following sentence exist or none?elegant wit and artifice
Answer: It is",,5278,2588
168,"<s> Is the sentiment of following sentence positive or negative?forgotten the movie
Answer: It is","<s> Is the sentiment of following sentence exist or none?forgotten the movie
Answer: It is",,7087,2588
169,"<s> Is the sentiment of following sentence positive or negative?winning squareness that would make it the darling of many a kids-and-family-oriented cable channel
Answer: It is","<s> Is the sentiment of following sentence exist or none?winning squareness that would make it the darling of many a kids-and-family-oriented cable channel
Answer: It is",,5278,2588
170,"<s> Is the sentiment of following sentence positive or negative?though he only scratches the surface
Answer: It is","<s> Is the sentiment of following sentence exist or none?though he only scratches the surface
Answer: It is",,7087,2588
171,"<s> Is the sentiment of following sentence positive or negative?gimmicky
Answer: It is","<s> Is the sentiment of following sentence exist or none?gimmicky
Answer: It is",,5278,2588
172,"<s> Is the sentiment of following sentence positive or negative?, we need agile performers
Answer: It is","<s> Is the sentiment of following sentence exist or none?, we need agile performers
Answer: It is",,7087,2588
173,"<s> Is the sentiment of following sentence positive or negative?wendigo is a genuinely bone-chilling tale .
Answer: It is","<s> Is the sentiment of following sentence exist or none?wendigo is a genuinely bone-chilling tale .
Answer: It is",,5278,2588
174,"<s> Is the sentiment of following sentence positive or negative?manual
Answer: It is","<s> Is the sentiment of following sentence exist or none?manual
Answer: It is",,7087,2588
175,"<s> Is the sentiment of following sentence positive or negative?the surprisingly somber conclusion
Answer: It is","<s> Is the sentiment of following sentence exist or none?the surprisingly somber conclusion
Answer: It is",,5278,2588
176,"<s> Is the sentiment of following sentence positive or negative?'re over 25 , have an iq over 90 , and have a driver 's license
Answer: It is","<s> Is the sentiment of following sentence exist or none?'re over 25 , have an iq over 90 , and have a driver 's license
Answer: It is",,7087,2588
177,"<s> Is the sentiment of following sentence positive or negative?time out offers an exploration that is more accurate than anything i have seen in an american film .
Answer: It is","<s> Is the sentiment of following sentence exist or none?time out offers an exploration that is more accurate than anything i have seen in an american film .
Answer: It is",,5278,2588
178,"<s> Is the sentiment of following sentence positive or negative?irrelevant
Answer: It is","<s> Is the sentiment of following sentence exist or none?irrelevant
Answer: It is",,7087,2588
179,"<s> Is the sentiment of following sentence positive or negative?it is about irrational , unexplainable life and it seems so real because it does not attempt to filter out the complexity .
Answer: It is","<s> Is the sentiment of following sentence exist or none?it is about irrational , unexplainable life and it seems so real because it does not attempt to filter out the complexity .
Answer: It is",,5278,2588
180,"<s> Is the sentiment of following sentence positive or negative?substitutable
Answer: It is","<s> Is the sentiment of following sentence exist or none?substitutable
Answer: It is",,7087,2588
181,"<s> Is the sentiment of following sentence positive or negative?no doubt the star and everyone else involved had their hearts in the right place .
Answer: It is","<s> Is the sentiment of following sentence exist or none?no doubt the star and everyone else involved had their hearts in the right place .
Answer: It is",,5278,2588
182,"<s> Is the sentiment of following sentence positive or negative?'s just experimental enough to alienate the mainstream audience while ringing cliched to hardened indie-heads
Answer: It is","<s> Is the sentiment of following sentence exist or none?'s just experimental enough to alienate the mainstream audience while ringing cliched to hardened indie-heads
Answer: It is",,7087,2588
183,"<s> Is the sentiment of following sentence positive or negative?takes a slightly dark look at relationships ,
Answer: It is","<s> Is the sentiment of following sentence exist or none?takes a slightly dark look at relationships ,
Answer: It is",,5278,2588
184,"<s> Is the sentiment of following sentence positive or negative?rewritten , and
Answer: It is","<s> Is the sentiment of following sentence exist or none?rewritten , and
Answer: It is",,7087,2588
185,"<s> Is the sentiment of following sentence positive or negative?between bursts of automatic gunfire , the story offers a trenchant critique of capitalism .
Answer: It is","<s> Is the sentiment of following sentence exist or none?between bursts of automatic gunfire , the story offers a trenchant critique of capitalism .
Answer: It is",,5278,2588
186,"<s> Is the sentiment of following sentence positive or negative?unassuming
Answer: It is","<s> Is the sentiment of following sentence exist or none?unassuming
Answer: It is",,7087,2588
187,"<s> Is the sentiment of following sentence positive or negative?bourgeois french society
Answer: It is","<s> Is the sentiment of following sentence exist or none?bourgeois french society
Answer: It is",,5278,2588
188,"<s> Is the sentiment of following sentence positive or negative?did i miss something ? ''
Answer: It is","<s> Is the sentiment of following sentence exist or none?did i miss something ? ''
Answer: It is",,7087,2588
189,"<s> Is the sentiment of following sentence positive or negative?'s a lovely , eerie film that casts an odd , rapt spell .
Answer: It is","<s> Is the sentiment of following sentence exist or none?'s a lovely , eerie film that casts an odd , rapt spell .
Answer: It is",,5278,2588
190,"<s> Is the sentiment of following sentence positive or negative?green men
Answer: It is","<s> Is the sentiment of following sentence exist or none?green men
Answer: It is",,7087,2588
191,"<s> Is the sentiment of following sentence positive or negative?chases for an hour and then
Answer: It is","<s> Is the sentiment of following sentence exist or none?chases for an hour and then
Answer: It is",,5278,2588
192,"<s> Is the sentiment of following sentence positive or negative?few points
Answer: It is","<s> Is the sentiment of following sentence exist or none?few points
Answer: It is",,7087,2588
193,"<s> Is the sentiment of following sentence positive or negative?french to truly capture the terrifying angst of the modern working man without turning the film into a cheap thriller , a dumb comedy or a sappy melodrama
Answer: It is","<s> Is the sentiment of following sentence exist or none?french to truly capture the terrifying angst of the modern working man without turning the film into a cheap thriller , a dumb comedy or a sappy melodrama
Answer: It is",,5278,2588
194,"<s> Is the sentiment of following sentence positive or negative?) comes off like a hallmark commercial
Answer: It is","<s> Is the sentiment of following sentence exist or none?) comes off like a hallmark commercial
Answer: It is",,7087,2588
195,"<s> Is the sentiment of following sentence positive or negative?this is historical filmmaking without the balm of right-thinking ideology , either liberal or conservative .
Answer: It is","<s> Is the sentiment of following sentence exist or none?this is historical filmmaking without the balm of right-thinking ideology , either liberal or conservative .
Answer: It is",,5278,2588
196,"<s> Is the sentiment of following sentence positive or negative?sleep
Answer: It is","<s> Is the sentiment of following sentence exist or none?sleep
Answer: It is",,7087,2588
197,"<s> Is the sentiment of following sentence positive or negative?is one of those reputedly `` unfilmable '' novels that has bucked the odds to emerge as an exquisite motion picture in its own right .
Answer: It is","<s> Is the sentiment of following sentence exist or none?is one of those reputedly `` unfilmable '' novels that has bucked the odds to emerge as an exquisite motion picture in its own right .
Answer: It is",,5278,2588
198,"<s> Is the sentiment of following sentence positive or negative?we started to wonder if ... some unpaid intern had just typed ` chris rock , ' ` anthony hopkins ' and ` terrorists ' into some univac-like script machine .
Answer: It is","<s> Is the sentiment of following sentence exist or none?we started to wonder if ... some unpaid intern had just typed ` chris rock , ' ` anthony hopkins ' and ` terrorists ' into some univac-like script machine .
Answer: It is",,7087,2588
199,"<s> Is the sentiment of following sentence positive or negative?the scariest guy you 'll see all summer
Answer: It is","<s> Is the sentiment of following sentence exist or none?the scariest guy you 'll see all summer
Answer: It is",,5278,2588
200,"<s> Is the sentiment of following sentence positive or negative?he thinks the film is just as much a document about him as it is about the subject .
Answer: It is","<s> Is the sentiment of following sentence exist or none?he thinks the film is just as much a document about him as it is about the subject .
Answer: It is",,7087,2588
201,"<s> Is the sentiment of following sentence positive or negative?the precision of the insurance actuary
Answer: It is","<s> Is the sentiment of following sentence exist or none?the precision of the insurance actuary
Answer: It is",,5278,2588
202,"<s> Is the sentiment of following sentence positive or negative?do n't mind crappy movies as much as adults , provided there 's lots of cute animals and clumsy people .
Answer: It is","<s> Is the sentiment of following sentence exist or none?do n't mind crappy movies as much as adults , provided there 's lots of cute animals and clumsy people .
Answer: It is",,7087,2588
203,"<s> Is the sentiment of following sentence positive or negative?dirty faces
Answer: It is","<s> Is the sentiment of following sentence exist or none?dirty faces
Answer: It is",,5278,2588
204,"<s> Is the sentiment of following sentence positive or negative?deuces wild , which was shot two years ago , has been gathering dust on mgm 's shelf
Answer: It is","<s> Is the sentiment of following sentence exist or none?deuces wild , which was shot two years ago , has been gathering dust on mgm 's shelf
Answer: It is",,7087,2588
205,"<s> Is the sentiment of following sentence positive or negative?rich and sudden wisdom
Answer: It is","<s> Is the sentiment of following sentence exist or none?rich and sudden wisdom
Answer: It is",,5278,2588
206,"<s> Is the sentiment of following sentence positive or negative?-- and long -- for its own good
Answer: It is","<s> Is the sentiment of following sentence exist or none?-- and long -- for its own good
Answer: It is",,7087,2588
207,"<s> Is the sentiment of following sentence positive or negative?it is different from others in its genre in that it is does not rely on dumb gags , anatomical humor , or character cliches ; it primarily relies on character to tell its story .
Answer: It is","<s> Is the sentiment of following sentence exist or none?it is different from others in its genre in that it is does not rely on dumb gags , anatomical humor , or character cliches ; it primarily relies on character to tell its story .
Answer: It is",,5278,2588
208,"<s> Is the sentiment of following sentence positive or negative?ahola )
Answer: It is","<s> Is the sentiment of following sentence exist or none?ahola )
Answer: It is",,7087,2588
209,"<s> Is the sentiment of following sentence positive or negative?beneath otherwise tender movements
Answer: It is","<s> Is the sentiment of following sentence exist or none?beneath otherwise tender movements
Answer: It is",,5278,2588
210,"<s> Is the sentiment of following sentence positive or negative?creating the characters who surround frankie
Answer: It is","<s> Is the sentiment of following sentence exist or none?creating the characters who surround frankie
Answer: It is",,7087,2588
211,"<s> Is the sentiment of following sentence positive or negative?cell phones , guns , and
Answer: It is","<s> Is the sentiment of following sentence exist or none?cell phones , guns , and
Answer: It is",,5278,2588
212,"<s> Is the sentiment of following sentence positive or negative?, howard 's film is really a series of strung-together moments , with all the spaces in between filled with fantasies , daydreams , memories and one fantastic visual trope after another .
Answer: It is","<s> Is the sentiment of following sentence exist or none?, howard 's film is really a series of strung-together moments , with all the spaces in between filled with fantasies , daydreams , memories and one fantastic visual trope after another .
Answer: It is",,7087,2588
213,"<s> Is the sentiment of following sentence positive or negative?as if we 're seeing something purer than the real thing
Answer: It is","<s> Is the sentiment of following sentence exist or none?as if we 're seeing something purer than the real thing
Answer: It is",,5278,2588
214,"<s> Is the sentiment of following sentence positive or negative?that we really have n't had a good cheesy b-movie playing in theaters since ... well ... since last week 's reign of fire
Answer: It is","<s> Is the sentiment of following sentence exist or none?that we really have n't had a good cheesy b-movie playing in theaters since ... well ... since last week 's reign of fire
Answer: It is",,7087,2588
215,"<s> Is the sentiment of following sentence positive or negative?murderous maids pulls no punches in its depiction of the lives of the papin sister and the events that led to their notorious rise to infamy ...
Answer: It is","<s> Is the sentiment of following sentence exist or none?murderous maids pulls no punches in its depiction of the lives of the papin sister and the events that led to their notorious rise to infamy ...
Answer: It is",,5278,2588
216,"<s> Is the sentiment of following sentence positive or negative?static set ups , not much camera movement
Answer: It is","<s> Is the sentiment of following sentence exist or none?static set ups , not much camera movement
Answer: It is",,7087,2588
217,"<s> Is the sentiment of following sentence positive or negative?all that matters
Answer: It is","<s> Is the sentiment of following sentence exist or none?all that matters
Answer: It is",,5278,2588
218,"<s> Is the sentiment of following sentence positive or negative?wildcard
Answer: It is","<s> Is the sentiment of following sentence exist or none?wildcard
Answer: It is",,7087,2588
219,"<s> Is the sentiment of following sentence positive or negative?stylistically
Answer: It is","<s> Is the sentiment of following sentence exist or none?stylistically
Answer: It is",,5278,2588
220,"<s> Is the sentiment of following sentence positive or negative?it 's a setup so easy it borders on facile ,
Answer: It is","<s> Is the sentiment of following sentence exist or none?it 's a setup so easy it borders on facile ,
Answer: It is",,7087,2588
221,"<s> Is the sentiment of following sentence positive or negative?is hard to dismiss -- moody , thoughtful , and
Answer: It is","<s> Is the sentiment of following sentence exist or none?is hard to dismiss -- moody , thoughtful , and
Answer: It is",,5278,2588
222,"<s> Is the sentiment of following sentence positive or negative?is hardly a perverse , dangerous libertine and agitator -- which would have made for better drama
Answer: It is","<s> Is the sentiment of following sentence exist or none?is hardly a perverse , dangerous libertine and agitator -- which would have made for better drama
Answer: It is",,7087,2588
223,"<s> Is the sentiment of following sentence positive or negative?is an impressive achievement in spite of a river of sadness that pours into every frame .
Answer: It is","<s> Is the sentiment of following sentence exist or none?is an impressive achievement in spite of a river of sadness that pours into every frame .
Answer: It is",,5278,2588
224,"<s> Is the sentiment of following sentence positive or negative?the self-serious equilibrium makes its point too well ; a movie , like life , is n't much fun without the highs and lows .
Answer: It is","<s> Is the sentiment of following sentence exist or none?the self-serious equilibrium makes its point too well ; a movie , like life , is n't much fun without the highs and lows .
Answer: It is",,7087,2588
225,"<s> Is the sentiment of following sentence positive or negative?what ` blade runner ' would
Answer: It is","<s> Is the sentiment of following sentence exist or none?what ` blade runner ' would
Answer: It is",,5278,2588
226,"<s> Is the sentiment of following sentence positive or negative?naive
Answer: It is","<s> Is the sentiment of following sentence exist or none?naive
Answer: It is",,7087,2588
227,"<s> Is the sentiment of following sentence positive or negative?the performances are strong , though the subject matter demands acting that borders on hammy at times .
Answer: It is","<s> Is the sentiment of following sentence exist or none?the performances are strong , though the subject matter demands acting that borders on hammy at times .
Answer: It is",,5278,2588
228,"<s> Is the sentiment of following sentence positive or negative?after an hour and a half of wondering -- sometimes amusedly , sometimes impatiently -- just what this strenuously unconventional movie is supposed to be
Answer: It is","<s> Is the sentiment of following sentence exist or none?after an hour and a half of wondering -- sometimes amusedly , sometimes impatiently -- just what this strenuously unconventional movie is supposed to be
Answer: It is",,7087,2588
229,"<s> Is the sentiment of following sentence positive or negative?a predictably efficient piece of business notable largely for its overwhelming creepiness , for an eagerness to create images you wish you had n't seen , which , in this day and age , is of course the point
Answer: It is","<s> Is the sentiment of following sentence exist or none?a predictably efficient piece of business notable largely for its overwhelming creepiness , for an eagerness to create images you wish you had n't seen , which , in this day and age , is of course the point
Answer: It is",,5278,2588
230,"<s> Is the sentiment of following sentence positive or negative?through a prism
Answer: It is","<s> Is the sentiment of following sentence exist or none?through a prism
Answer: It is",,7087,2588
231,"<s> Is the sentiment of following sentence positive or negative?effectively chilling guilty pleasure
Answer: It is","<s> Is the sentiment of following sentence exist or none?effectively chilling guilty pleasure
Answer: It is",,5278,2588
232,"<s> Is the sentiment of following sentence positive or negative?audacious-impossible
Answer: It is","<s> Is the sentiment of following sentence exist or none?audacious-impossible
Answer: It is",,7087,2588
233,"<s> Is the sentiment of following sentence positive or negative?essentially a collection of bits -- and they 're all naughty .
Answer: It is","<s> Is the sentiment of following sentence exist or none?essentially a collection of bits -- and they 're all naughty .
Answer: It is",,5278,2588
234,"<s> Is the sentiment of following sentence positive or negative?jagjit
Answer: It is","<s> Is the sentiment of following sentence exist or none?jagjit
Answer: It is",,7087,2588
235,"<s> Is the sentiment of following sentence positive or negative?an in-your-face family drama and black comedy that is filled with raw emotions conveying despair and love
Answer: It is","<s> Is the sentiment of following sentence exist or none?an in-your-face family drama and black comedy that is filled with raw emotions conveying despair and love
Answer: It is",,5278,2588
236,"<s> Is the sentiment of following sentence positive or negative?hallmark commercial
Answer: It is","<s> Is the sentiment of following sentence exist or none?hallmark commercial
Answer: It is",,7087,2588
237,"<s> Is the sentiment of following sentence positive or negative?otherwise good
Answer: It is","<s> Is the sentiment of following sentence exist or none?otherwise good
Answer: It is",,5278,2588
238,"<s> Is the sentiment of following sentence positive or negative?to the otherwise bleak tale
Answer: It is","<s> Is the sentiment of following sentence exist or none?to the otherwise bleak tale
Answer: It is",,7087,2588
239,"<s> Is the sentiment of following sentence positive or negative?will at least have a dream image of the west to savor whenever the film 's lamer instincts are in the saddle
Answer: It is","<s> Is the sentiment of following sentence exist or none?will at least have a dream image of the west to savor whenever the film 's lamer instincts are in the saddle
Answer: It is",,5278,2588
240,"<s> Is the sentiment of following sentence positive or negative?at 90 minutes this movie is short
Answer: It is","<s> Is the sentiment of following sentence exist or none?at 90 minutes this movie is short
Answer: It is",,7087,2588
241,"<s> Is the sentiment of following sentence positive or negative?it transporting is that it 's also one of the smartest
Answer: It is","<s> Is the sentiment of following sentence exist or none?it transporting is that it 's also one of the smartest
Answer: It is",,5278,2588
242,"<s> Is the sentiment of following sentence positive or negative?of empathy
Answer: It is","<s> Is the sentiment of following sentence exist or none?of empathy
Answer: It is",,7087,2588
243,"<s> Is the sentiment of following sentence positive or negative?slovenly life in this self-deprecating , biting and witty feature written by charlie kaufman and his twin brother , donald , and directed by spike jonze
Answer: It is","<s> Is the sentiment of following sentence exist or none?slovenly life in this self-deprecating , biting and witty feature written by charlie kaufman and his twin brother , donald , and directed by spike jonze
Answer: It is",,5278,2588
244,"<s> Is the sentiment of following sentence positive or negative?a return ticket
Answer: It is","<s> Is the sentiment of following sentence exist or none?a return ticket
Answer: It is",,7087,2588
245,"<s> Is the sentiment of following sentence positive or negative?sinuously plotted and
Answer: It is","<s> Is the sentiment of following sentence exist or none?sinuously plotted and
Answer: It is",,5278,2588
246,"<s> Is the sentiment of following sentence positive or negative?mcgrath
Answer: It is","<s> Is the sentiment of following sentence exist or none?mcgrath
Answer: It is",,7087,2588
247,"<s> Is the sentiment of following sentence positive or negative?the fun-loving libertine lost somewhere inside the conservative , handbag-clutching sarandon
Answer: It is","<s> Is the sentiment of following sentence exist or none?the fun-loving libertine lost somewhere inside the conservative , handbag-clutching sarandon
Answer: It is",,5278,2588
248,"<s> Is the sentiment of following sentence positive or negative?the film runs on a little longer than it needs to -- muccino either does n't notice when his story ends or just ca n't tear himself away from the characters -- but it 's smooth and professional .
Answer: It is","<s> Is the sentiment of following sentence exist or none?the film runs on a little longer than it needs to -- muccino either does n't notice when his story ends or just ca n't tear himself away from the characters -- but it 's smooth and professional .
Answer: It is",,7087,2588
249,"<s> Is the sentiment of following sentence positive or negative?hollywood disregard
Answer: It is","<s> Is the sentiment of following sentence exist or none?hollywood disregard
Answer: It is",,5278,2588
250,"<s> Is the sentiment of following sentence positive or negative?a bit too much like an infomercial for ram dass 's latest book aimed at the boomer demographic
Answer: It is","<s> Is the sentiment of following sentence exist or none?a bit too much like an infomercial for ram dass 's latest book aimed at the boomer demographic
Answer: It is",,7087,2588
251,"<s> Is the sentiment of following sentence positive or negative?seemingly sincere personal reflection
Answer: It is","<s> Is the sentiment of following sentence exist or none?seemingly sincere personal reflection
Answer: It is",,5278,2588
252,"<s> Is the sentiment of following sentence positive or negative?a silly comedy
Answer: It is","<s> Is the sentiment of following sentence exist or none?a silly comedy
Answer: It is",,7087,2588
253,"<s> Is the sentiment of following sentence positive or negative?itself is about something very interesting and odd that
Answer: It is","<s> Is the sentiment of following sentence exist or none?itself is about something very interesting and odd that
Answer: It is",,5278,2588
254,"<s> Is the sentiment of following sentence positive or negative?little less bling-bling and a lot more
Answer: It is","<s> Is the sentiment of following sentence exist or none?little less bling-bling and a lot more
Answer: It is",,7087,2588
255,"<s> Is the sentiment of following sentence positive or negative?his personal obstacles
Answer: It is","<s> Is the sentiment of following sentence exist or none?his personal obstacles
Answer: It is",,5278,2588
256,"<s> Is the sentiment of following sentence positive or negative?remain interested , or at least conscious
Answer: It is","<s> Is the sentiment of following sentence exist or none?remain interested , or at least conscious
Answer: It is",,7087,2588
257,"<s> Is the sentiment of following sentence positive or negative?the working class to life
Answer: It is","<s> Is the sentiment of following sentence exist or none?the working class to life
Answer: It is",,5278,2588
258,"<s> Is the sentiment of following sentence positive or negative?get on a board and , uh , shred ,
Answer: It is","<s> Is the sentiment of following sentence exist or none?get on a board and , uh , shred ,
Answer: It is",,7087,2588
259,"<s> Is the sentiment of following sentence positive or negative?haunting tale
Answer: It is","<s> Is the sentiment of following sentence exist or none?haunting tale
Answer: It is",,5278,2588
260,"<s> Is the sentiment of following sentence positive or negative?for the playlist
Answer: It is","<s> Is the sentiment of following sentence exist or none?for the playlist
Answer: It is",,7087,2588
261,"<s> Is the sentiment of following sentence positive or negative?immersed in love , lust , and sin
Answer: It is","<s> Is the sentiment of following sentence exist or none?immersed in love , lust , and sin
Answer: It is",,5278,2588
262,"<s> Is the sentiment of following sentence positive or negative?aging series
Answer: It is","<s> Is the sentiment of following sentence exist or none?aging series
Answer: It is",,7087,2588
263,"<s> Is the sentiment of following sentence positive or negative?in all , an interesting look at the life of the campaign-trail press , especially ones that do n't really care for the candidate
Answer: It is","<s> Is the sentiment of following sentence exist or none?in all , an interesting look at the life of the campaign-trail press , especially ones that do n't really care for the candidate
Answer: It is",,5278,2588
264,"<s> Is the sentiment of following sentence positive or negative?long ,
Answer: It is","<s> Is the sentiment of following sentence exist or none?long ,
Answer: It is",,7087,2588
265,"<s> Is the sentiment of following sentence positive or negative?sad to say -- it accurately reflects the rage and alienation that fuels the self-destructiveness of many young people .
Answer: It is","<s> Is the sentiment of following sentence exist or none?sad to say -- it accurately reflects the rage and alienation that fuels the self-destructiveness of many young people .
Answer: It is",,5278,2588
266,"<s> Is the sentiment of following sentence positive or negative?stuffs his debut
Answer: It is","<s> Is the sentiment of following sentence exist or none?stuffs his debut
Answer: It is",,7087,2588
267,"<s> Is the sentiment of following sentence positive or negative?a superior moral tone
Answer: It is","<s> Is the sentiment of following sentence exist or none?a superior moral tone
Answer: It is",,5278,2588
268,"<s> Is the sentiment of following sentence positive or negative?a weird , arresting little ride
Answer: It is","<s> Is the sentiment of following sentence exist or none?a weird , arresting little ride
Answer: It is",,7087,2588
269,"<s> Is the sentiment of following sentence positive or negative?will give you goosebumps as its uncanny tale of love , communal discord , and justice
Answer: It is","<s> Is the sentiment of following sentence exist or none?will give you goosebumps as its uncanny tale of love , communal discord , and justice
Answer: It is",,5278,2588
270,"<s> Is the sentiment of following sentence positive or negative?, you 'll swear that you 've seen it all before , even if you 've never come within a mile of the longest yard .
Answer: It is","<s> Is the sentiment of following sentence exist or none?, you 'll swear that you 've seen it all before , even if you 've never come within a mile of the longest yard .
Answer: It is",,7087,2588
271,"<s> Is the sentiment of following sentence positive or negative?, steven shainberg 's adaptation of mary gaitskill 's harrowing short story ... is a brilliantly played , deeply unsettling experience .
Answer: It is","<s> Is the sentiment of following sentence exist or none?, steven shainberg 's adaptation of mary gaitskill 's harrowing short story ... is a brilliantly played , deeply unsettling experience .
Answer: It is",,5278,2588
272,"<s> Is the sentiment of following sentence positive or negative?does n't transcend genre
Answer: It is","<s> Is the sentiment of following sentence exist or none?does n't transcend genre
Answer: It is",,7087,2588
273,"<s> Is the sentiment of following sentence positive or negative?something provocative
Answer: It is","<s> Is the sentiment of following sentence exist or none?something provocative
Answer: It is",,5278,2588
274,"<s> Is the sentiment of following sentence positive or negative?: it 's not scary in the slightest .
Answer: It is","<s> Is the sentiment of following sentence exist or none?: it 's not scary in the slightest .
Answer: It is",,7087,2588
275,"<s> Is the sentiment of following sentence positive or negative?eviction
Answer: It is","<s> Is the sentiment of following sentence exist or none?eviction
Answer: It is",,5278,2588
276,"<s> Is the sentiment of following sentence positive or negative?is less a documentary and more propaganda by way of a valentine sealed with a kiss .
Answer: It is","<s> Is the sentiment of following sentence exist or none?is less a documentary and more propaganda by way of a valentine sealed with a kiss .
Answer: It is",,7087,2588
277,"<s> Is the sentiment of following sentence positive or negative?is a convincing one , and should give anyone with a conscience reason to pause .
Answer: It is","<s> Is the sentiment of following sentence exist or none?is a convincing one , and should give anyone with a conscience reason to pause .
Answer: It is",,5278,2588
278,"<s> Is the sentiment of following sentence positive or negative?made for the big screen , some for the small screen
Answer: It is","<s> Is the sentiment of following sentence exist or none?made for the big screen , some for the small screen
Answer: It is",,7087,2588
279,"<s> Is the sentiment of following sentence positive or negative?soul-searching
Answer: It is","<s> Is the sentiment of following sentence exist or none?soul-searching
Answer: It is",,5278,2588
280,"<s> Is the sentiment of following sentence positive or negative?dead-undead genre
Answer: It is","<s> Is the sentiment of following sentence exist or none?dead-undead genre
Answer: It is",,7087,2588
281,"<s> Is the sentiment of following sentence positive or negative?the english call ` too clever by half
Answer: It is","<s> Is the sentiment of following sentence exist or none?the english call ` too clever by half
Answer: It is",,5278,2588
282,"<s> Is the sentiment of following sentence positive or negative?labors as storytelling
Answer: It is","<s> Is the sentiment of following sentence exist or none?labors as storytelling
Answer: It is",,7087,2588
283,"<s> Is the sentiment of following sentence positive or negative?with increasingly amused irony , the relationship between reluctant captors and befuddled captives .
Answer: It is","<s> Is the sentiment of following sentence exist or none?with increasingly amused irony , the relationship between reluctant captors and befuddled captives .
Answer: It is",,5278,2588
284,"<s> Is the sentiment of following sentence positive or negative?91-minute trailer
Answer: It is","<s> Is the sentiment of following sentence exist or none?91-minute trailer
Answer: It is",,7087,2588
285,"<s> Is the sentiment of following sentence positive or negative?dramatized
Answer: It is","<s> Is the sentiment of following sentence exist or none?dramatized
Answer: It is",,5278,2588
286,"<s> Is the sentiment of following sentence positive or negative?hmmm
Answer: It is","<s> Is the sentiment of following sentence exist or none?hmmm
Answer: It is",,7087,2588
287,"<s> Is the sentiment of following sentence positive or negative?ever seen , constantly pulling the rug from underneath us , seeing things from new sides , plunging deeper , getting more intense
Answer: It is","<s> Is the sentiment of following sentence exist or none?ever seen , constantly pulling the rug from underneath us , seeing things from new sides , plunging deeper , getting more intense
Answer: It is",,5278,2588
288,"<s> Is the sentiment of following sentence positive or negative?block
Answer: It is","<s> Is the sentiment of following sentence exist or none?block
Answer: It is",,7087,2588
289,"<s> Is the sentiment of following sentence positive or negative?the star-making machinery of tinseltown
Answer: It is","<s> Is the sentiment of following sentence exist or none?the star-making machinery of tinseltown
Answer: It is",,5278,2588
290,"<s> Is the sentiment of following sentence positive or negative?drawn toward the light -- the light of the exit sign
Answer: It is","<s> Is the sentiment of following sentence exist or none?drawn toward the light -- the light of the exit sign
Answer: It is",,7087,2588
291,"<s> Is the sentiment of following sentence positive or negative?of cinema 's directorial giants
Answer: It is","<s> Is the sentiment of following sentence exist or none?of cinema 's directorial giants
Answer: It is",,5278,2588
292,"<s> Is the sentiment of following sentence positive or negative?false
Answer: It is","<s> Is the sentiment of following sentence exist or none?false
Answer: It is",,7087,2588
293,"<s> Is the sentiment of following sentence positive or negative?one regards reign of fire with awe .
Answer: It is","<s> Is the sentiment of following sentence exist or none?one regards reign of fire with awe .
Answer: It is",,5278,2588
294,"<s> Is the sentiment of following sentence positive or negative?worthy of the gong .
Answer: It is","<s> Is the sentiment of following sentence exist or none?worthy of the gong .
Answer: It is",,7087,2588
295,"<s> Is the sentiment of following sentence positive or negative?unfolds as one of the most politically audacious films of recent decades from any country , but especially from france .
Answer: It is","<s> Is the sentiment of following sentence exist or none?unfolds as one of the most politically audacious films of recent decades from any country , but especially from france .
Answer: It is",,5278,2588
296,"<s> Is the sentiment of following sentence positive or negative?one hopes mr. plympton will find room for one more member of his little band , a professional screenwriter .
Answer: It is","<s> Is the sentiment of following sentence exist or none?one hopes mr. plympton will find room for one more member of his little band , a professional screenwriter .
Answer: It is",,7087,2588
297,"<s> Is the sentiment of following sentence positive or negative?a comically dismal social realism with a farcically bawdy fantasy of redemption and regeneration
Answer: It is","<s> Is the sentiment of following sentence exist or none?a comically dismal social realism with a farcically bawdy fantasy of redemption and regeneration
Answer: It is",,5278,2588
298,"<s> Is the sentiment of following sentence positive or negative?rather less than the sum of its underventilated père-fils confrontations .
Answer: It is","<s> Is the sentiment of following sentence exist or none?rather less than the sum of its underventilated père-fils confrontations .
Answer: It is",,7087,2588
299,"<s> Is the sentiment of following sentence positive or negative?dry humor and jarring shocks , plus
Answer: It is","<s> Is the sentiment of following sentence exist or none?dry humor and jarring shocks , plus
Answer: It is",,5278,2588
300,"<s> Is the sentiment of following sentence positive or negative?fuzziness
Answer: It is","<s> Is the sentiment of following sentence exist or none?fuzziness
Answer: It is",,7087,2588
301,"<s> Is the sentiment of following sentence positive or negative?even through its flaws , revolution # 9 proves to be a compelling
Answer: It is","<s> Is the sentiment of following sentence exist or none?even through its flaws , revolution # 9 proves to be a compelling
Answer: It is",,5278,2588
302,"<s> Is the sentiment of following sentence positive or negative?ignore
Answer: It is","<s> Is the sentiment of following sentence exist or none?ignore
Answer: It is",,7087,2588
303,"<s> Is the sentiment of following sentence positive or negative?taking them
Answer: It is","<s> Is the sentiment of following sentence exist or none?taking them
Answer: It is",,5278,2588
304,"<s> Is the sentiment of following sentence positive or negative?for most movies , 84 minutes is short ,
Answer: It is","<s> Is the sentiment of following sentence exist or none?for most movies , 84 minutes is short ,
Answer: It is",,7087,2588
305,"<s> Is the sentiment of following sentence positive or negative?exalts the marxian dream of honest working folk
Answer: It is","<s> Is the sentiment of following sentence exist or none?exalts the marxian dream of honest working folk
Answer: It is",,5278,2588
306,"<s> Is the sentiment of following sentence positive or negative?wang )
Answer: It is","<s> Is the sentiment of following sentence exist or none?wang )
Answer: It is",,7087,2588
307,"<s> Is the sentiment of following sentence positive or negative?sensational , real-life 19th-century crime
Answer: It is","<s> Is the sentiment of following sentence exist or none?sensational , real-life 19th-century crime
Answer: It is",,5278,2588
308,"<s> Is the sentiment of following sentence positive or negative?macaroni and cheese
Answer: It is","<s> Is the sentiment of following sentence exist or none?macaroni and cheese
Answer: It is",,7087,2588
309,"<s> Is the sentiment of following sentence positive or negative?though the film is well-intentioned , one could rent the original and get the same love story and parable .
Answer: It is","<s> Is the sentiment of following sentence exist or none?though the film is well-intentioned , one could rent the original and get the same love story and parable .
Answer: It is",,5278,2588
310,"<s> Is the sentiment of following sentence positive or negative?to use the word `` new '' in its title
Answer: It is","<s> Is the sentiment of following sentence exist or none?to use the word `` new '' in its title
Answer: It is",,7087,2588
311,"<s> Is the sentiment of following sentence positive or negative?teenage sex comedy
Answer: It is","<s> Is the sentiment of following sentence exist or none?teenage sex comedy
Answer: It is",,5278,2588
312,"<s> Is the sentiment of following sentence positive or negative?suspend your disbelief here and now , or you 'll be shaking your head all the way to the credits .
Answer: It is","<s> Is the sentiment of following sentence exist or none?suspend your disbelief here and now , or you 'll be shaking your head all the way to the credits .
Answer: It is",,7087,2588
313,"<s> Is the sentiment of following sentence positive or negative?this is a very ambitious project for a fairly inexperienced filmmaker
Answer: It is","<s> Is the sentiment of following sentence exist or none?this is a very ambitious project for a fairly inexperienced filmmaker
Answer: It is",,5278,2588
314,"<s> Is the sentiment of following sentence positive or negative?the legendary wit 's classic mistaken identity farce
Answer: It is","<s> Is the sentiment of following sentence exist or none?the legendary wit 's classic mistaken identity farce
Answer: It is",,7087,2588
315,"<s> Is the sentiment of following sentence positive or negative?that everlasting conundrum experienced by every human who ever lived : too much to do , too little time to do it in
Answer: It is","<s> Is the sentiment of following sentence exist or none?that everlasting conundrum experienced by every human who ever lived : too much to do , too little time to do it in
Answer: It is",,5278,2588
316,"<s> Is the sentiment of following sentence positive or negative?may be a bit disjointed
Answer: It is","<s> Is the sentiment of following sentence exist or none?may be a bit disjointed
Answer: It is",,7087,2588
317,"<s> Is the sentiment of following sentence positive or negative?should see it as soon as possible . '
Answer: It is","<s> Is the sentiment of following sentence exist or none?should see it as soon as possible . '
Answer: It is",,5278,2588
318,"<s> Is the sentiment of following sentence positive or negative?-- or , worse yet , nonexistent -- ideas
Answer: It is","<s> Is the sentiment of following sentence exist or none?-- or , worse yet , nonexistent -- ideas
Answer: It is",,7087,2588
319,"<s> Is the sentiment of following sentence positive or negative?to a problem hollywood too long has ignored
Answer: It is","<s> Is the sentiment of following sentence exist or none?to a problem hollywood too long has ignored
Answer: It is",,5278,2588
320,"<s> Is the sentiment of following sentence positive or negative?blank yearning
Answer: It is","<s> Is the sentiment of following sentence exist or none?blank yearning
Answer: It is",,7087,2588
321,"<s> Is the sentiment of following sentence positive or negative?in the larger picture it paints - of a culture in conflict with itself , with the thin veneer of nationalism that covers our deepest , media-soaked fears
Answer: It is","<s> Is the sentiment of following sentence exist or none?in the larger picture it paints - of a culture in conflict with itself , with the thin veneer of nationalism that covers our deepest , media-soaked fears
Answer: It is",,5278,2588
322,"<s> Is the sentiment of following sentence positive or negative?trash-cinema roots
Answer: It is","<s> Is the sentiment of following sentence exist or none?trash-cinema roots
Answer: It is",,7087,2588
323,"<s> Is the sentiment of following sentence positive or negative?though in some ways similar to catherine breillat 's fat girl , rain is the far superior film .
Answer: It is","<s> Is the sentiment of following sentence exist or none?though in some ways similar to catherine breillat 's fat girl , rain is the far superior film .
Answer: It is",,5278,2588
324,"<s> Is the sentiment of following sentence positive or negative?bull
Answer: It is","<s> Is the sentiment of following sentence exist or none?bull
Answer: It is",,7087,2588
325,"<s> Is the sentiment of following sentence positive or negative?more accurate than anything
Answer: It is","<s> Is the sentiment of following sentence exist or none?more accurate than anything
Answer: It is",,5278,2588
326,"<s> Is the sentiment of following sentence positive or negative?if the predictability of bland comfort food appeals to you
Answer: It is","<s> Is the sentiment of following sentence exist or none?if the predictability of bland comfort food appeals to you
Answer: It is",,7087,2588
327,"<s> Is the sentiment of following sentence positive or negative?the cleverness , the weirdness and
Answer: It is","<s> Is the sentiment of following sentence exist or none?the cleverness , the weirdness and
Answer: It is",,5278,2588
328,"<s> Is the sentiment of following sentence positive or negative?grade-school audience
Answer: It is","<s> Is the sentiment of following sentence exist or none?grade-school audience
Answer: It is",,7087,2588
329,"<s> Is the sentiment of following sentence positive or negative?( sometimes hilarious )
Answer: It is","<s> Is the sentiment of following sentence exist or none?( sometimes hilarious )
Answer: It is",,5278,2588
330,"<s> Is the sentiment of following sentence positive or negative?while some will object to the idea of a vietnam picture with such a rah-rah , patriotic tone , soldiers ultimately achieves its main strategic objective : dramatizing the human cost of the conflict that came to define a generation .
Answer: It is","<s> Is the sentiment of following sentence exist or none?while some will object to the idea of a vietnam picture with such a rah-rah , patriotic tone , soldiers ultimately achieves its main strategic objective : dramatizing the human cost of the conflict that came to define a generation .
Answer: It is",,7087,2588
331,"<s> Is the sentiment of following sentence positive or negative?haul 'em to the theater
Answer: It is","<s> Is the sentiment of following sentence exist or none?haul 'em to the theater
Answer: It is",,5278,2588
332,"<s> Is the sentiment of following sentence positive or negative?of black indomitability
Answer: It is","<s> Is the sentiment of following sentence exist or none?of black indomitability
Answer: It is",,7087,2588
333,"<s> Is the sentiment of following sentence positive or negative?watching the powerpuff girls movie , my mind kept returning to one anecdote for comparison : the cartoon in japan that gave people seizures .
Answer: It is","<s> Is the sentiment of following sentence exist or none?watching the powerpuff girls movie , my mind kept returning to one anecdote for comparison : the cartoon in japan that gave people seizures .
Answer: It is",,5278,2588
334,"<s> Is the sentiment of following sentence positive or negative?an exit sign , that is .
Answer: It is","<s> Is the sentiment of following sentence exist or none?an exit sign , that is .
Answer: It is",,7087,2588
335,"<s> Is the sentiment of following sentence positive or negative?psychedelic devices , special effects and backgrounds ,
Answer: It is","<s> Is the sentiment of following sentence exist or none?psychedelic devices , special effects and backgrounds ,
Answer: It is",,5278,2588
336,"<s> Is the sentiment of following sentence positive or negative?madonna 's
Answer: It is","<s> Is the sentiment of following sentence exist or none?madonna 's
Answer: It is",,7087,2588
337,"<s> Is the sentiment of following sentence positive or negative?the movie is ... very funny as you peek at it through the fingers in front of your eyes .
Answer: It is","<s> Is the sentiment of following sentence exist or none?the movie is ... very funny as you peek at it through the fingers in front of your eyes .
Answer: It is",,5278,2588
338,"<s> Is the sentiment of following sentence positive or negative?like a change in ( herzog 's ) personal policy than a half-hearted fluke .
Answer: It is","<s> Is the sentiment of following sentence exist or none?like a change in ( herzog 's ) personal policy than a half-hearted fluke .
Answer: It is",,7087,2588
339,"<s> Is the sentiment of following sentence positive or negative?are so few films about the plight of american indians in modern america that skins comes as a welcome , if downbeat , missive from a forgotten front .
Answer: It is","<s> Is the sentiment of following sentence exist or none?are so few films about the plight of american indians in modern america that skins comes as a welcome , if downbeat , missive from a forgotten front .
Answer: It is",,5278,2588
340,"<s> Is the sentiment of following sentence positive or negative?ah-nuld 's
Answer: It is","<s> Is the sentiment of following sentence exist or none?ah-nuld 's
Answer: It is",,7087,2588
341,"<s> Is the sentiment of following sentence positive or negative?an impeccable study in perversity .
Answer: It is","<s> Is the sentiment of following sentence exist or none?an impeccable study in perversity .
Answer: It is",,5278,2588
342,"<s> Is the sentiment of following sentence positive or negative?off-beat
Answer: It is","<s> Is the sentiment of following sentence exist or none?off-beat
Answer: It is",,7087,2588
343,"<s> Is the sentiment of following sentence positive or negative?alcatraz
Answer: It is","<s> Is the sentiment of following sentence exist or none?alcatraz
Answer: It is",,5278,2588
344,"<s> Is the sentiment of following sentence positive or negative?half the excitement of balto
Answer: It is","<s> Is the sentiment of following sentence exist or none?half the excitement of balto
Answer: It is",,7087,2588
345,"<s> Is the sentiment of following sentence positive or negative?are vividly and painfully brought to slovenly life in this self-deprecating , biting and witty feature written by charlie kaufman and his twin brother , donald , and directed by spike jonze .
Answer: It is","<s> Is the sentiment of following sentence exist or none?are vividly and painfully brought to slovenly life in this self-deprecating , biting and witty feature written by charlie kaufman and his twin brother , donald , and directed by spike jonze .
Answer: It is",,5278,2588
346,"<s> Is the sentiment of following sentence positive or negative?some movies were made for the big screen , some for the small screen
Answer: It is","<s> Is the sentiment of following sentence exist or none?some movies were made for the big screen , some for the small screen
Answer: It is",,7087,2588
347,"<s> Is the sentiment of following sentence positive or negative?precocious smarter-than-thou wayward teen
Answer: It is","<s> Is the sentiment of following sentence exist or none?precocious smarter-than-thou wayward teen
Answer: It is",,5278,2588
348,"<s> Is the sentiment of following sentence positive or negative?-- farts , boobs , unmentionables --
Answer: It is","<s> Is the sentiment of following sentence exist or none?-- farts , boobs , unmentionables --
Answer: It is",,7087,2588
349,"<s> Is the sentiment of following sentence positive or negative?this is a perceptive study of two families in crisis -- and of two girls whose friendship is severely tested by bad luck and their own immaturity .
Answer: It is","<s> Is the sentiment of following sentence exist or none?this is a perceptive study of two families in crisis -- and of two girls whose friendship is severely tested by bad luck and their own immaturity .
Answer: It is",,5278,2588
350,"<s> Is the sentiment of following sentence positive or negative?can be made on the cheap
Answer: It is","<s> Is the sentiment of following sentence exist or none?can be made on the cheap
Answer: It is",,7087,2588
351,"<s> Is the sentiment of following sentence positive or negative?so many talented people could participate in such an
Answer: It is","<s> Is the sentiment of following sentence exist or none?so many talented people could participate in such an
Answer: It is",,5278,2588
352,"<s> Is the sentiment of following sentence positive or negative?could have turned this into an argentine retread of `` iris '' or `` american beauty ,
Answer: It is","<s> Is the sentiment of following sentence exist or none?could have turned this into an argentine retread of `` iris '' or `` american beauty ,
Answer: It is",,7087,2588
353,"<s> Is the sentiment of following sentence positive or negative?is so warm and fuzzy you might be able to forgive its mean-spirited second half .
Answer: It is","<s> Is the sentiment of following sentence exist or none?is so warm and fuzzy you might be able to forgive its mean-spirited second half .
Answer: It is",,5278,2588
354,"<s> Is the sentiment of following sentence positive or negative?the bottom line with nemesis is the same as it has been with all the films in the series : fans will undoubtedly enjoy it , and the uncommitted need n't waste their time on it
Answer: It is","<s> Is the sentiment of following sentence exist or none?the bottom line with nemesis is the same as it has been with all the films in the series : fans will undoubtedly enjoy it , and the uncommitted need n't waste their time on it
Answer: It is",,7087,2588
355,"<s> Is the sentiment of following sentence positive or negative?harrowing account
Answer: It is","<s> Is the sentiment of following sentence exist or none?harrowing account
Answer: It is",,5278,2588
356,"<s> Is the sentiment of following sentence positive or negative?telegraphed in the most blithe exchanges gives the film its lingering tug
Answer: It is","<s> Is the sentiment of following sentence exist or none?telegraphed in the most blithe exchanges gives the film its lingering tug
Answer: It is",,7087,2588
357,"<s> Is the sentiment of following sentence positive or negative?bears ... should keep parents amused with its low groan-to-guffaw ratio .
Answer: It is","<s> Is the sentiment of following sentence exist or none?bears ... should keep parents amused with its low groan-to-guffaw ratio .
Answer: It is",,5278,2588
358,"<s> Is the sentiment of following sentence positive or negative?almost saves the movie .
Answer: It is","<s> Is the sentiment of following sentence exist or none?almost saves the movie .
Answer: It is",,7087,2588
359,"<s> Is the sentiment of following sentence positive or negative?his flick-knife diction in the role of roger swanson
Answer: It is","<s> Is the sentiment of following sentence exist or none?his flick-knife diction in the role of roger swanson
Answer: It is",,5278,2588
360,"<s> Is the sentiment of following sentence positive or negative?instead go rent `` shakes the clown '' , a much funnier film with a similar theme and an equally great robin williams performance
Answer: It is","<s> Is the sentiment of following sentence exist or none?instead go rent `` shakes the clown '' , a much funnier film with a similar theme and an equally great robin williams performance
Answer: It is",,7087,2588
361,"<s> Is the sentiment of following sentence positive or negative?the most practiced curmudgeon
Answer: It is","<s> Is the sentiment of following sentence exist or none?the most practiced curmudgeon
Answer: It is",,5278,2588
362,"<s> Is the sentiment of following sentence positive or negative?passing twinkle
Answer: It is","<s> Is the sentiment of following sentence exist or none?passing twinkle
Answer: It is",,7087,2588
363,"<s> Is the sentiment of following sentence positive or negative?of cinematic perfection
Answer: It is","<s> Is the sentiment of following sentence exist or none?of cinematic perfection
Answer: It is",,5278,2588
364,"<s> Is the sentiment of following sentence positive or negative?picture postcard perfect , too neat and new pin-like
Answer: It is","<s> Is the sentiment of following sentence exist or none?picture postcard perfect , too neat and new pin-like
Answer: It is",,7087,2588
365,"<s> Is the sentiment of following sentence positive or negative?the lady and the duke is a smart , romantic drama that dares to depict the french revolution from the aristocrats ' perspective .
Answer: It is","<s> Is the sentiment of following sentence exist or none?the lady and the duke is a smart , romantic drama that dares to depict the french revolution from the aristocrats ' perspective .
Answer: It is",,5278,2588
366,"<s> Is the sentiment of following sentence positive or negative?can also negotiate the movie 's darker turns
Answer: It is","<s> Is the sentiment of following sentence exist or none?can also negotiate the movie 's darker turns
Answer: It is",,7087,2588
367,"<s> Is the sentiment of following sentence positive or negative?the goods
Answer: It is","<s> Is the sentiment of following sentence exist or none?the goods
Answer: It is",,5278,2588
368,"<s> Is the sentiment of following sentence positive or negative?, nonsensical and formulaic
Answer: It is","<s> Is the sentiment of following sentence exist or none?, nonsensical and formulaic
Answer: It is",,7087,2588
369,"<s> Is the sentiment of following sentence positive or negative?that kind of impact on me these days
Answer: It is","<s> Is the sentiment of following sentence exist or none?that kind of impact on me these days
Answer: It is",,5278,2588
370,"<s> Is the sentiment of following sentence positive or negative?campy recall for older fans or a silly , nickelodeon-esque kiddie flick
Answer: It is","<s> Is the sentiment of following sentence exist or none?campy recall for older fans or a silly , nickelodeon-esque kiddie flick
Answer: It is",,7087,2588
371,"<s> Is the sentiment of following sentence positive or negative?a curiously stylized , quasi-shakespearean portrait of pure misogynist evil
Answer: It is","<s> Is the sentiment of following sentence exist or none?a curiously stylized , quasi-shakespearean portrait of pure misogynist evil
Answer: It is",,5278,2588
372,"<s> Is the sentiment of following sentence positive or negative?a film centering on a traditional indian wedding in contemporary new delhi may not sound like specialized fare
Answer: It is","<s> Is the sentiment of following sentence exist or none?a film centering on a traditional indian wedding in contemporary new delhi may not sound like specialized fare
Answer: It is",,7087,2588
373,"<s> Is the sentiment of following sentence positive or negative?it with ring , an indisputably spooky film ;
Answer: It is","<s> Is the sentiment of following sentence exist or none?it with ring , an indisputably spooky film ;
Answer: It is",,5278,2588
374,"<s> Is the sentiment of following sentence positive or negative?must be given to the water-camera operating team of don king , sonny miller , and michael stewart .
Answer: It is","<s> Is the sentiment of following sentence exist or none?must be given to the water-camera operating team of don king , sonny miller , and michael stewart .
Answer: It is",,7087,2588
375,"<s> Is the sentiment of following sentence positive or negative?there 's no reason to miss interview with the assassin
Answer: It is","<s> Is the sentiment of following sentence exist or none?there 's no reason to miss interview with the assassin
Answer: It is",,5278,2588
376,"<s> Is the sentiment of following sentence positive or negative?-- stoner midnight flick , sci-fi deconstruction , gay fantasia --
Answer: It is","<s> Is the sentiment of following sentence exist or none?-- stoner midnight flick , sci-fi deconstruction , gay fantasia --
Answer: It is",,7087,2588
377,"<s> Is the sentiment of following sentence positive or negative?the gifted pearce on hand to keep things on semi-stable ground dramatically
Answer: It is","<s> Is the sentiment of following sentence exist or none?the gifted pearce on hand to keep things on semi-stable ground dramatically
Answer: It is",,5278,2588
378,"<s> Is the sentiment of following sentence positive or negative?, numbing action sequence made up mostly of routine stuff yuen has given us before .
Answer: It is","<s> Is the sentiment of following sentence exist or none?, numbing action sequence made up mostly of routine stuff yuen has given us before .
Answer: It is",,7087,2588
379,"<s> Is the sentiment of following sentence positive or negative?like a glossy rehash
Answer: It is","<s> Is the sentiment of following sentence exist or none?like a glossy rehash
Answer: It is",,5278,2588
380,"<s> Is the sentiment of following sentence positive or negative?that criticizing feels more like commiserating
Answer: It is","<s> Is the sentiment of following sentence exist or none?that criticizing feels more like commiserating
Answer: It is",,7087,2588
381,"<s> Is the sentiment of following sentence positive or negative?, but it at least calls attention to a problem hollywood too long has ignored .
Answer: It is","<s> Is the sentiment of following sentence exist or none?, but it at least calls attention to a problem hollywood too long has ignored .
Answer: It is",,5278,2588
382,"<s> Is the sentiment of following sentence positive or negative?steven soderbergh does n't remake andrei tarkovsky 's solaris so much as distill it .
Answer: It is","<s> Is the sentiment of following sentence exist or none?steven soderbergh does n't remake andrei tarkovsky 's solaris so much as distill it .
Answer: It is",,7087,2588
383,"<s> Is the sentiment of following sentence positive or negative?a very complex situation
Answer: It is","<s> Is the sentiment of following sentence exist or none?a very complex situation
Answer: It is",,5278,2588
384,"<s> Is the sentiment of following sentence positive or negative?a bumper
Answer: It is","<s> Is the sentiment of following sentence exist or none?a bumper
Answer: It is",,7087,2588
385,"<s> Is the sentiment of following sentence positive or negative?one hour photo is a sobering meditation on why we take pictures .
Answer: It is","<s> Is the sentiment of following sentence exist or none?one hour photo is a sobering meditation on why we take pictures .
Answer: It is",,5278,2588
386,"<s> Is the sentiment of following sentence positive or negative?at a grade-school audience
Answer: It is","<s> Is the sentiment of following sentence exist or none?at a grade-school audience
Answer: It is",,7087,2588
387,"<s> Is the sentiment of following sentence positive or negative?'s a powerful though flawed movie , guaranteed to put a lump in your throat while reaffirming washington as possibly the best actor working in movies today
Answer: It is","<s> Is the sentiment of following sentence exist or none?'s a powerful though flawed movie , guaranteed to put a lump in your throat while reaffirming washington as possibly the best actor working in movies today
Answer: It is",,5278,2588
388,"<s> Is the sentiment of following sentence positive or negative?pushes for insights beyond the superficial tensions of the dynamic he 's dissecting
Answer: It is","<s> Is the sentiment of following sentence exist or none?pushes for insights beyond the superficial tensions of the dynamic he 's dissecting
Answer: It is",,7087,2588
389,"<s> Is the sentiment of following sentence positive or negative?as a reverie about memory and regret
Answer: It is","<s> Is the sentiment of following sentence exist or none?as a reverie about memory and regret
Answer: It is",,5278,2588
390,"<s> Is the sentiment of following sentence positive or negative?faint of heart or conservative of spirit
Answer: It is","<s> Is the sentiment of following sentence exist or none?faint of heart or conservative of spirit
Answer: It is",,7087,2588
391,"<s> Is the sentiment of following sentence positive or negative?superior moral tone
Answer: It is","<s> Is the sentiment of following sentence exist or none?superior moral tone
Answer: It is",,5278,2588
392,"<s> Is the sentiment of following sentence positive or negative?toward the light -- the light of the exit sign
Answer: It is","<s> Is the sentiment of following sentence exist or none?toward the light -- the light of the exit sign
Answer: It is",,7087,2588
393,"<s> Is the sentiment of following sentence positive or negative?technically sumptuous but
Answer: It is","<s> Is the sentiment of following sentence exist or none?technically sumptuous but
Answer: It is",,5278,2588
394,"<s> Is the sentiment of following sentence positive or negative?challenging or depressing
Answer: It is","<s> Is the sentiment of following sentence exist or none?challenging or depressing
Answer: It is",,7087,2588
395,"<s> Is the sentiment of following sentence positive or negative?, imagination and insight
Answer: It is","<s> Is the sentiment of following sentence exist or none?, imagination and insight
Answer: It is",,5278,2588
396,"<s> Is the sentiment of following sentence positive or negative?transcends ethnic lines .
Answer: It is","<s> Is the sentiment of following sentence exist or none?transcends ethnic lines .
Answer: It is",,7087,2588
397,"<s> Is the sentiment of following sentence positive or negative?powerful act
Answer: It is","<s> Is the sentiment of following sentence exist or none?powerful act
Answer: It is",,5278,2588
398,"<s> Is the sentiment of following sentence positive or negative?low-budget filmmaking
Answer: It is","<s> Is the sentiment of following sentence exist or none?low-budget filmmaking
Answer: It is",,7087,2588
399,"<s> Is the sentiment of following sentence positive or negative?develops a startling story that works both as a detailed personal portrait and as a rather frightening examination of modern times .
Answer: It is","<s> Is the sentiment of following sentence exist or none?develops a startling story that works both as a detailed personal portrait and as a rather frightening examination of modern times .
Answer: It is",,5278,2588
400,"<s> Is the sentiment of following sentence positive or negative?for a silly hack-and-slash flick
Answer: It is","<s> Is the sentiment of following sentence exist or none?for a silly hack-and-slash flick
Answer: It is",,7087,2588
401,"<s> Is the sentiment of following sentence positive or negative?we admire this film for its harsh objectivity and refusal to seek our tears , our sympathies .
Answer: It is","<s> Is the sentiment of following sentence exist or none?we admire this film for its harsh objectivity and refusal to seek our tears , our sympathies .
Answer: It is",,5278,2588
402,"<s> Is the sentiment of following sentence positive or negative?he 's just adjusting
Answer: It is","<s> Is the sentiment of following sentence exist or none?he 's just adjusting
Answer: It is",,7087,2588
403,"<s> Is the sentiment of following sentence positive or negative?recommend it , because it overstays its natural running time
Answer: It is","<s> Is the sentiment of following sentence exist or none?recommend it , because it overstays its natural running time
Answer: It is",,5278,2588
404,"<s> Is the sentiment of following sentence positive or negative?we got ten little indians meets friday the 13th by way of clean and sober , filmed on the set of carpenter 's the thing and loaded with actors you 're most likely to find on the next inevitable incarnation of the love boat .
Answer: It is","<s> Is the sentiment of following sentence exist or none?we got ten little indians meets friday the 13th by way of clean and sober , filmed on the set of carpenter 's the thing and loaded with actors you 're most likely to find on the next inevitable incarnation of the love boat .
Answer: It is",,7087,2588
405,"<s> Is the sentiment of following sentence positive or negative?much imagination
Answer: It is","<s> Is the sentiment of following sentence exist or none?much imagination
Answer: It is",,5278,2588
406,"<s> Is the sentiment of following sentence positive or negative?any scorsese
Answer: It is","<s> Is the sentiment of following sentence exist or none?any scorsese
Answer: It is",,7087,2588
407,"<s> Is the sentiment of following sentence positive or negative?rattling the viewer
Answer: It is","<s> Is the sentiment of following sentence exist or none?rattling the viewer
Answer: It is",,5278,2588
408,"<s> Is the sentiment of following sentence positive or negative?under-10 set
Answer: It is","<s> Is the sentiment of following sentence exist or none?under-10 set
Answer: It is",,7087,2588
409,"<s> Is the sentiment of following sentence positive or negative?of the more serious-minded concerns of other year-end movies
Answer: It is","<s> Is the sentiment of following sentence exist or none?of the more serious-minded concerns of other year-end movies
Answer: It is",,5278,2588
410,"<s> Is the sentiment of following sentence positive or negative?next movie
Answer: It is","<s> Is the sentiment of following sentence exist or none?next movie
Answer: It is",,7087,2588
411,"<s> Is the sentiment of following sentence positive or negative?psychologically probing
Answer: It is","<s> Is the sentiment of following sentence exist or none?psychologically probing
Answer: It is",,5278,2588
412,"<s> Is the sentiment of following sentence positive or negative?in treading the line between sappy and sanguine
Answer: It is","<s> Is the sentiment of following sentence exist or none?in treading the line between sappy and sanguine
Answer: It is",,7087,2588
413,"<s> Is the sentiment of following sentence positive or negative?candy-coat with pat storylines , precious circumstances and beautiful stars
Answer: It is","<s> Is the sentiment of following sentence exist or none?candy-coat with pat storylines , precious circumstances and beautiful stars
Answer: It is",,5278,2588
414,"<s> Is the sentiment of following sentence positive or negative?more concerned with overall feelings , broader ideas , and open-ended questions than concrete story and definitive answers
Answer: It is","<s> Is the sentiment of following sentence exist or none?more concerned with overall feelings , broader ideas , and open-ended questions than concrete story and definitive answers
Answer: It is",,7087,2588
415,"<s> Is the sentiment of following sentence positive or negative?quaid is utterly fearless as the tortured husband living a painful lie
Answer: It is","<s> Is the sentiment of following sentence exist or none?quaid is utterly fearless as the tortured husband living a painful lie
Answer: It is",,5278,2588
416,"<s> Is the sentiment of following sentence positive or negative?with all its flaws , is that it has none of the pushiness and decibel volume of most contemporary comedies .
Answer: It is","<s> Is the sentiment of following sentence exist or none?with all its flaws , is that it has none of the pushiness and decibel volume of most contemporary comedies .
Answer: It is",,7087,2588
417,"<s> Is the sentiment of following sentence positive or negative?a potentially good comic premise
Answer: It is","<s> Is the sentiment of following sentence exist or none?a potentially good comic premise
Answer: It is",,5278,2588
418,"<s> Is the sentiment of following sentence positive or negative?about one in three gags in white 's intermittently wise script hits its mark ;
Answer: It is","<s> Is the sentiment of following sentence exist or none?about one in three gags in white 's intermittently wise script hits its mark ;
Answer: It is",,7087,2588
419,"<s> Is the sentiment of following sentence positive or negative?the imagery in this chiaroscuro of madness and light
Answer: It is","<s> Is the sentiment of following sentence exist or none?the imagery in this chiaroscuro of madness and light
Answer: It is",,5278,2588
420,"<s> Is the sentiment of following sentence positive or negative?, an archetypal desire to enjoy good trash every now and then .
Answer: It is","<s> Is the sentiment of following sentence exist or none?, an archetypal desire to enjoy good trash every now and then .
Answer: It is",,7087,2588
421,"<s> Is the sentiment of following sentence positive or negative?its excellent storytelling , its economical
Answer: It is","<s> Is the sentiment of following sentence exist or none?its excellent storytelling , its economical
Answer: It is",,5278,2588
422,"<s> Is the sentiment of following sentence positive or negative?show that hinges on the subgenre 's most enabling victim ... and an ebullient affection for industrial-model meat freezers
Answer: It is","<s> Is the sentiment of following sentence exist or none?show that hinges on the subgenre 's most enabling victim ... and an ebullient affection for industrial-model meat freezers
Answer: It is",,7087,2588
423,"<s> Is the sentiment of following sentence positive or negative?robin williams has thankfully ditched the saccharine sentimentality of bicentennial man in favor of an altogether darker side .
Answer: It is","<s> Is the sentiment of following sentence exist or none?robin williams has thankfully ditched the saccharine sentimentality of bicentennial man in favor of an altogether darker side .
Answer: It is",,5278,2588
424,"<s> Is the sentiment of following sentence positive or negative?evokes the frustration , the awkwardness and the euphoria of growing up , without relying on the usual tropes .
Answer: It is","<s> Is the sentiment of following sentence exist or none?evokes the frustration , the awkwardness and the euphoria of growing up , without relying on the usual tropes .
Answer: It is",,7087,2588
425,"<s> Is the sentiment of following sentence positive or negative?its story of actorly existential despair than for its boundary-hopping formal innovations and glimpse into another kind of chinese
Answer: It is","<s> Is the sentiment of following sentence exist or none?its story of actorly existential despair than for its boundary-hopping formal innovations and glimpse into another kind of chinese
Answer: It is",,5278,2588
426,"<s> Is the sentiment of following sentence positive or negative?after you laugh once ( maybe twice )
Answer: It is","<s> Is the sentiment of following sentence exist or none?after you laugh once ( maybe twice )
Answer: It is",,7087,2588
427,"<s> Is the sentiment of following sentence positive or negative?see the it
Answer: It is","<s> Is the sentiment of following sentence exist or none?see the it
Answer: It is",,5278,2588
428,"<s> Is the sentiment of following sentence positive or negative?mobius strip
Answer: It is","<s> Is the sentiment of following sentence exist or none?mobius strip
Answer: It is",,7087,2588
429,"<s> Is the sentiment of following sentence positive or negative?uncomfortably timely , relevant , and
Answer: It is","<s> Is the sentiment of following sentence exist or none?uncomfortably timely , relevant , and
Answer: It is",,5278,2588
430,"<s> Is the sentiment of following sentence positive or negative?cardiac
Answer: It is","<s> Is the sentiment of following sentence exist or none?cardiac
Answer: It is",,7087,2588
431,"<s> Is the sentiment of following sentence positive or negative?of unparalleled proportions , writer-director parker
Answer: It is","<s> Is the sentiment of following sentence exist or none?of unparalleled proportions , writer-director parker
Answer: It is",,5278,2588
432,"<s> Is the sentiment of following sentence positive or negative?not exaggerated enough to be a parody of gross-out flicks , college flicks , or even flicks in general .
Answer: It is","<s> Is the sentiment of following sentence exist or none?not exaggerated enough to be a parody of gross-out flicks , college flicks , or even flicks in general .
Answer: It is",,7087,2588
433,"<s> Is the sentiment of following sentence positive or negative?but something far more stylish and cerebral -- and
Answer: It is","<s> Is the sentiment of following sentence exist or none?but something far more stylish and cerebral -- and
Answer: It is",,5278,2588
434,"<s> Is the sentiment of following sentence positive or negative?when you instantly know whodunit
Answer: It is","<s> Is the sentiment of following sentence exist or none?when you instantly know whodunit
Answer: It is",,7087,2588
435,"<s> Is the sentiment of following sentence positive or negative?bizarre developments
Answer: It is","<s> Is the sentiment of following sentence exist or none?bizarre developments
Answer: It is",,5278,2588
436,"<s> Is the sentiment of following sentence positive or negative?also a -- dare i say it twice --
Answer: It is","<s> Is the sentiment of following sentence exist or none?also a -- dare i say it twice --
Answer: It is",,7087,2588
437,"<s> Is the sentiment of following sentence positive or negative?it 's a sit down and ponder affair
Answer: It is","<s> Is the sentiment of following sentence exist or none?it 's a sit down and ponder affair
Answer: It is",,5278,2588
438,"<s> Is the sentiment of following sentence positive or negative?gore for suspense .
Answer: It is","<s> Is the sentiment of following sentence exist or none?gore for suspense .
Answer: It is",,7087,2588
439,"<s> Is the sentiment of following sentence positive or negative?it was going to be
Answer: It is","<s> Is the sentiment of following sentence exist or none?it was going to be
Answer: It is",,5278,2588
440,"<s> Is the sentiment of following sentence positive or negative?have done in half an hour
Answer: It is","<s> Is the sentiment of following sentence exist or none?have done in half an hour
Answer: It is",,7087,2588
441,"<s> Is the sentiment of following sentence positive or negative?which undercuts the devastatingly telling impact of utter loss personified in the film 's simple title
Answer: It is","<s> Is the sentiment of following sentence exist or none?which undercuts the devastatingly telling impact of utter loss personified in the film 's simple title
Answer: It is",,5278,2588
442,"<s> Is the sentiment of following sentence positive or negative?author 's
Answer: It is","<s> Is the sentiment of following sentence exist or none?author 's
Answer: It is",,7087,2588
443,"<s> Is the sentiment of following sentence positive or negative?are anguished , bitter and truthful
Answer: It is","<s> Is the sentiment of following sentence exist or none?are anguished , bitter and truthful
Answer: It is",,5278,2588
444,"<s> Is the sentiment of following sentence positive or negative?destroy is also a creative urge
Answer: It is","<s> Is the sentiment of following sentence exist or none?destroy is also a creative urge
Answer: It is",,7087,2588
445,"<s> Is the sentiment of following sentence positive or negative?'s mildly interesting to ponder the peculiar american style of justice that plays out here
Answer: It is","<s> Is the sentiment of following sentence exist or none?'s mildly interesting to ponder the peculiar american style of justice that plays out here
Answer: It is",,5278,2588
446,"<s> Is the sentiment of following sentence positive or negative?it 's quite diverting nonsense .
Answer: It is","<s> Is the sentiment of following sentence exist or none?it 's quite diverting nonsense .
Answer: It is",,7087,2588
447,"<s> Is the sentiment of following sentence positive or negative?as she continually tries to accommodate to fit in and gain the unconditional love she seeks
Answer: It is","<s> Is the sentiment of following sentence exist or none?as she continually tries to accommodate to fit in and gain the unconditional love she seeks
Answer: It is",,5278,2588
448,"<s> Is the sentiment of following sentence positive or negative?if a big musical number like ` praise the lord , he 's the god of second chances ' does n't put you off
Answer: It is","<s> Is the sentiment of following sentence exist or none?if a big musical number like ` praise the lord , he 's the god of second chances ' does n't put you off
Answer: It is",,7087,2588
449,"<s> Is the sentiment of following sentence positive or negative?forces us to consider the unthinkable , the unacceptable , the unmentionable
Answer: It is","<s> Is the sentiment of following sentence exist or none?forces us to consider the unthinkable , the unacceptable , the unmentionable
Answer: It is",,5278,2588
450,"<s> Is the sentiment of following sentence positive or negative?and pat storytelling
Answer: It is","<s> Is the sentiment of following sentence exist or none?and pat storytelling
Answer: It is",,7087,2588
451,"<s> Is the sentiment of following sentence positive or negative?exposé , the film ( at 80 minutes ) is actually quite entertaining .
Answer: It is","<s> Is the sentiment of following sentence exist or none?exposé , the film ( at 80 minutes ) is actually quite entertaining .
Answer: It is",,5278,2588
452,"<s> Is the sentiment of following sentence positive or negative?wants to be a retro-refitting exercise in campy recall for older fans or a silly , nickelodeon-esque kiddie flick
Answer: It is","<s> Is the sentiment of following sentence exist or none?wants to be a retro-refitting exercise in campy recall for older fans or a silly , nickelodeon-esque kiddie flick
Answer: It is",,7087,2588
453,"<s> Is the sentiment of following sentence positive or negative?the dispatching of the cast is as often imaginative as it is gory
Answer: It is","<s> Is the sentiment of following sentence exist or none?the dispatching of the cast is as often imaginative as it is gory
Answer: It is",,5278,2588
454,"<s> Is the sentiment of following sentence positive or negative?blimp
Answer: It is","<s> Is the sentiment of following sentence exist or none?blimp
Answer: It is",,7087,2588
455,"<s> Is the sentiment of following sentence positive or negative?happened to good actors
Answer: It is","<s> Is the sentiment of following sentence exist or none?happened to good actors
Answer: It is",,5278,2588
456,"<s> Is the sentiment of following sentence positive or negative?silly -- and gross -- but it 's rarely as moronic as some campus gross-out films .
Answer: It is","<s> Is the sentiment of following sentence exist or none?silly -- and gross -- but it 's rarely as moronic as some campus gross-out films .
Answer: It is",,7087,2588
457,"<s> Is the sentiment of following sentence positive or negative?tight and nasty
Answer: It is","<s> Is the sentiment of following sentence exist or none?tight and nasty
Answer: It is",,5278,2588
458,"<s> Is the sentiment of following sentence positive or negative?you 've already seen city by the sea under a variety of titles
Answer: It is","<s> Is the sentiment of following sentence exist or none?you 've already seen city by the sea under a variety of titles
Answer: It is",,7087,2588
459,"<s> Is the sentiment of following sentence positive or negative?is pleasingly emphatic in this properly intense , claustrophobic tale of obsessive love
Answer: It is","<s> Is the sentiment of following sentence exist or none?is pleasingly emphatic in this properly intense , claustrophobic tale of obsessive love
Answer: It is",,5278,2588
460,"<s> Is the sentiment of following sentence positive or negative?if i want music , i 'll buy the soundtrack .
Answer: It is","<s> Is the sentiment of following sentence exist or none?if i want music , i 'll buy the soundtrack .
Answer: It is",,7087,2588
461,"<s> Is the sentiment of following sentence positive or negative?be seen as hip , winking social commentary
Answer: It is","<s> Is the sentiment of following sentence exist or none?be seen as hip , winking social commentary
Answer: It is",,5278,2588
462,"<s> Is the sentiment of following sentence positive or negative?more like a travel-agency video
Answer: It is","<s> Is the sentiment of following sentence exist or none?more like a travel-agency video
Answer: It is",,7087,2588
463,"<s> Is the sentiment of following sentence positive or negative?seems endless
Answer: It is","<s> Is the sentiment of following sentence exist or none?seems endless
Answer: It is",,5278,2588
464,"<s> Is the sentiment of following sentence positive or negative?a rating of zero
Answer: It is","<s> Is the sentiment of following sentence exist or none?a rating of zero
Answer: It is",,7087,2588
465,"<s> Is the sentiment of following sentence positive or negative?the rich and sudden wisdom ,
Answer: It is","<s> Is the sentiment of following sentence exist or none?the rich and sudden wisdom ,
Answer: It is",,5278,2588
466,"<s> Is the sentiment of following sentence positive or negative?ten little indians meets friday the 13th by way of clean and sober , filmed on the set of carpenter 's the thing and loaded with actors you 're most likely to find on the next inevitable incarnation of the love boat
Answer: It is","<s> Is the sentiment of following sentence exist or none?ten little indians meets friday the 13th by way of clean and sober , filmed on the set of carpenter 's the thing and loaded with actors you 're most likely to find on the next inevitable incarnation of the love boat
Answer: It is",,7087,2588
467,"<s> Is the sentiment of following sentence positive or negative?that it succeeds in entertaining , despite playing out like a feature-length sitcom replete with stereotypical familial quandaries
Answer: It is","<s> Is the sentiment of following sentence exist or none?that it succeeds in entertaining , despite playing out like a feature-length sitcom replete with stereotypical familial quandaries
Answer: It is",,5278,2588
468,"<s> Is the sentiment of following sentence positive or negative?it 's a setup so easy it borders on facile , but
Answer: It is","<s> Is the sentiment of following sentence exist or none?it 's a setup so easy it borders on facile , but
Answer: It is",,7087,2588
469,"<s> Is the sentiment of following sentence positive or negative?it 's still a guilty pleasure to watch .
Answer: It is","<s> Is the sentiment of following sentence exist or none?it 's still a guilty pleasure to watch .
Answer: It is",,5278,2588
470,"<s> Is the sentiment of following sentence positive or negative?you could restage the whole thing in your bathtub .
Answer: It is","<s> Is the sentiment of following sentence exist or none?you could restage the whole thing in your bathtub .
Answer: It is",,7087,2588
471,"<s> Is the sentiment of following sentence positive or negative?funny in a sick , twisted sort of way .
Answer: It is","<s> Is the sentiment of following sentence exist or none?funny in a sick , twisted sort of way .
Answer: It is",,5278,2588
472,"<s> Is the sentiment of following sentence positive or negative?little less bling-bling and a lot more romance
Answer: It is","<s> Is the sentiment of following sentence exist or none?little less bling-bling and a lot more romance
Answer: It is",,7087,2588
473,"<s> Is the sentiment of following sentence positive or negative?its real emotional business
Answer: It is","<s> Is the sentiment of following sentence exist or none?its real emotional business
Answer: It is",,5278,2588
474,"<s> Is the sentiment of following sentence positive or negative?genial than ingenious
Answer: It is","<s> Is the sentiment of following sentence exist or none?genial than ingenious
Answer: It is",,7087,2588
475,"<s> Is the sentiment of following sentence positive or negative?warmed over pastiche
Answer: It is","<s> Is the sentiment of following sentence exist or none?warmed over pastiche
Answer: It is",,5278,2588
476,"<s> Is the sentiment of following sentence positive or negative?ravishing waif
Answer: It is","<s> Is the sentiment of following sentence exist or none?ravishing waif
Answer: It is",,7087,2588
477,"<s> Is the sentiment of following sentence positive or negative?have finally aged past his prime ...
Answer: It is","<s> Is the sentiment of following sentence exist or none?have finally aged past his prime ...
Answer: It is",,5278,2588
478,"<s> Is the sentiment of following sentence positive or negative?xxx
Answer: It is","<s> Is the sentiment of following sentence exist or none?xxx
Answer: It is",,7087,2588
479,"<s> Is the sentiment of following sentence positive or negative?, director robert j. siegel allows the characters to inhabit their world without cleaving to a narrative arc .
Answer: It is","<s> Is the sentiment of following sentence exist or none?, director robert j. siegel allows the characters to inhabit their world without cleaving to a narrative arc .
Answer: It is",,5278,2588
480,"<s> Is the sentiment of following sentence positive or negative?after an uncertain start
Answer: It is","<s> Is the sentiment of following sentence exist or none?after an uncertain start
Answer: It is",,7087,2588
481,"<s> Is the sentiment of following sentence positive or negative?wondering why lee 's character did n't just go to a bank manager and save everyone the misery
Answer: It is","<s> Is the sentiment of following sentence exist or none?wondering why lee 's character did n't just go to a bank manager and save everyone the misery
Answer: It is",,5278,2588
482,"<s> Is the sentiment of following sentence positive or negative?is , truly and thankfully , a one-of-a-kind work
Answer: It is","<s> Is the sentiment of following sentence exist or none?is , truly and thankfully , a one-of-a-kind work
Answer: It is",,7087,2588
483,"<s> Is the sentiment of following sentence positive or negative?nearly every attempt at humor
Answer: It is","<s> Is the sentiment of following sentence exist or none?nearly every attempt at humor
Answer: It is",,5278,2588
484,"<s> Is the sentiment of following sentence positive or negative?re-creation
Answer: It is","<s> Is the sentiment of following sentence exist or none?re-creation
Answer: It is",,7087,2588
485,"<s> Is the sentiment of following sentence positive or negative?apparent joy
Answer: It is","<s> Is the sentiment of following sentence exist or none?apparent joy
Answer: It is",,5278,2588
486,"<s> Is the sentiment of following sentence positive or negative?, painful , obnoxious
Answer: It is","<s> Is the sentiment of following sentence exist or none?, painful , obnoxious
Answer: It is",,7087,2588
487,"<s> Is the sentiment of following sentence positive or negative?the leaping story line , shaped by director peter kosminsky into sharp slivers and cutting impressions
Answer: It is","<s> Is the sentiment of following sentence exist or none?the leaping story line , shaped by director peter kosminsky into sharp slivers and cutting impressions
Answer: It is",,5278,2588
488,"<s> Is the sentiment of following sentence positive or negative?this romantic/comedy asks the question how much souvlaki can you take before indigestion sets in .
Answer: It is","<s> Is the sentiment of following sentence exist or none?this romantic/comedy asks the question how much souvlaki can you take before indigestion sets in .
Answer: It is",,7087,2588
489,"<s> Is the sentiment of following sentence positive or negative?drew to a close
Answer: It is","<s> Is the sentiment of following sentence exist or none?drew to a close
Answer: It is",,5278,2588
490,"<s> Is the sentiment of following sentence positive or negative?a massive infusion
Answer: It is","<s> Is the sentiment of following sentence exist or none?a massive infusion
Answer: It is",,7087,2588
491,"<s> Is the sentiment of following sentence positive or negative?'re drawn in by the dark luster
Answer: It is","<s> Is the sentiment of following sentence exist or none?'re drawn in by the dark luster
Answer: It is",,5278,2588
492,"<s> Is the sentiment of following sentence positive or negative?gets over its own investment in conventional arrangements
Answer: It is","<s> Is the sentiment of following sentence exist or none?gets over its own investment in conventional arrangements
Answer: It is",,7087,2588
493,"<s> Is the sentiment of following sentence positive or negative?now here 's a sadistic bike flick that would have made vittorio de sica proud .
Answer: It is","<s> Is the sentiment of following sentence exist or none?now here 's a sadistic bike flick that would have made vittorio de sica proud .
Answer: It is",,5278,2588
494,"<s> Is the sentiment of following sentence positive or negative?an ebullient affection for industrial-model meat freezers
Answer: It is","<s> Is the sentiment of following sentence exist or none?an ebullient affection for industrial-model meat freezers
Answer: It is",,7087,2588
495,"<s> Is the sentiment of following sentence positive or negative?as rogue cia assassins working for chris cooper 's agency boss close in on the resourceful amnesiac
Answer: It is","<s> Is the sentiment of following sentence exist or none?as rogue cia assassins working for chris cooper 's agency boss close in on the resourceful amnesiac
Answer: It is",,5278,2588
496,"<s> Is the sentiment of following sentence positive or negative?recalls
Answer: It is","<s> Is the sentiment of following sentence exist or none?recalls
Answer: It is",,7087,2588
497,"<s> Is the sentiment of following sentence positive or negative?hardly an objective documentary , but it 's great cinematic polemic ... love moore or loathe him , you 've got to admire ... the intensity with which he 's willing to express his convictions .
Answer: It is","<s> Is the sentiment of following sentence exist or none?hardly an objective documentary , but it 's great cinematic polemic ... love moore or loathe him , you 've got to admire ... the intensity with which he 's willing to express his convictions .
Answer: It is",,5278,2588
498,"<s> Is the sentiment of following sentence positive or negative?proof once again that if the filmmakers just follow the books
Answer: It is","<s> Is the sentiment of following sentence exist or none?proof once again that if the filmmakers just follow the books
Answer: It is",,7087,2588
499,"<s> Is the sentiment of following sentence positive or negative?an unusually dry-eyed , even analytical approach to material that is generally played for maximum moisture .
Answer: It is","<s> Is the sentiment of following sentence exist or none?an unusually dry-eyed , even analytical approach to material that is generally played for maximum moisture .
Answer: It is",,5278,2588
500,"<s> Is the sentiment of following sentence positive or negative?` ick '
Answer: It is","<s> Is the sentiment of following sentence exist or none?` ick '
Answer: It is",,7087,2588
501,"<s> Is the sentiment of following sentence positive or negative?will keep them awake
Answer: It is","<s> Is the sentiment of following sentence exist or none?will keep them awake
Answer: It is",,5278,2588
502,"<s> Is the sentiment of following sentence positive or negative?takes a potentially trite and overused concept ( aliens come to earth ) and
Answer: It is","<s> Is the sentiment of following sentence exist or none?takes a potentially trite and overused concept ( aliens come to earth ) and
Answer: It is",,7087,2588
503,"<s> Is the sentiment of following sentence positive or negative?an intense indoor drama
Answer: It is","<s> Is the sentiment of following sentence exist or none?an intense indoor drama
Answer: It is",,5278,2588
504,"<s> Is the sentiment of following sentence positive or negative?lightweight , uneven action comedy
Answer: It is","<s> Is the sentiment of following sentence exist or none?lightweight , uneven action comedy
Answer: It is",,7087,2588
505,"<s> Is the sentiment of following sentence positive or negative?the procession
Answer: It is","<s> Is the sentiment of following sentence exist or none?the procession
Answer: It is",,5278,2588
506,"<s> Is the sentiment of following sentence positive or negative?used the film as a bonus feature on the dvd
Answer: It is","<s> Is the sentiment of following sentence exist or none?used the film as a bonus feature on the dvd
Answer: It is",,7087,2588
507,"<s> Is the sentiment of following sentence positive or negative?for most of the distance the picture provides a satisfyingly unsettling ride into the dark places of our national psyche .
Answer: It is","<s> Is the sentiment of following sentence exist or none?for most of the distance the picture provides a satisfyingly unsettling ride into the dark places of our national psyche .
Answer: It is",,5278,2588
508,"<s> Is the sentiment of following sentence positive or negative?a piece of mildly entertaining , inoffensive fluff that drifts aimlessly for 90 minutes before lodging in the cracks of that ever-growing category :
Answer: It is","<s> Is the sentiment of following sentence exist or none?a piece of mildly entertaining , inoffensive fluff that drifts aimlessly for 90 minutes before lodging in the cracks of that ever-growing category :
Answer: It is",,7087,2588
509,"<s> Is the sentiment of following sentence positive or negative?hard to dismiss -- moody , thoughtful
Answer: It is","<s> Is the sentiment of following sentence exist or none?hard to dismiss -- moody , thoughtful
Answer: It is",,5278,2588
510,"<s> Is the sentiment of following sentence positive or negative?black indomitability
Answer: It is","<s> Is the sentiment of following sentence exist or none?black indomitability
Answer: It is",,7087,2588
511,"<s> Is the sentiment of following sentence positive or negative?into forced fuzziness
Answer: It is","<s> Is the sentiment of following sentence exist or none?into forced fuzziness
Answer: It is",,5278,2588
512,"<s> Is the sentiment of following sentence positive or negative?, worse yet , nonexistent --
Answer: It is","<s> Is the sentiment of following sentence exist or none?, worse yet , nonexistent --
Answer: It is",,7087,2588
513,"<s> Is the sentiment of following sentence positive or negative?a moving essay about the specter of death , especially suicide
Answer: It is","<s> Is the sentiment of following sentence exist or none?a moving essay about the specter of death , especially suicide
Answer: It is",,5278,2588
514,"<s> Is the sentiment of following sentence positive or negative?if the last man were the last movie left on earth , there would be a toss-up between presiding over the end of cinema as we know it and another night of delightful hand shadows .
Answer: It is","<s> Is the sentiment of following sentence exist or none?if the last man were the last movie left on earth , there would be a toss-up between presiding over the end of cinema as we know it and another night of delightful hand shadows .
Answer: It is",,7087,2588
515,"<s> Is the sentiment of following sentence positive or negative?in the end , the film is less the cheap thriller you 'd expect than it is a fairly revealing study of its two main characters -- damaged-goods people whose orbits will inevitably and dangerously collide .
Answer: It is","<s> Is the sentiment of following sentence exist or none?in the end , the film is less the cheap thriller you 'd expect than it is a fairly revealing study of its two main characters -- damaged-goods people whose orbits will inevitably and dangerously collide .
Answer: It is",,5278,2588
516,"<s> Is the sentiment of following sentence positive or negative?mending a child 's pain for his dead mother via communication with an old woman straight out of eudora welty
Answer: It is","<s> Is the sentiment of following sentence exist or none?mending a child 's pain for his dead mother via communication with an old woman straight out of eudora welty
Answer: It is",,7087,2588
517,"<s> Is the sentiment of following sentence positive or negative?mean it 's good enough for our girls
Answer: It is","<s> Is the sentiment of following sentence exist or none?mean it 's good enough for our girls
Answer: It is",,5278,2588
518,"<s> Is the sentiment of following sentence positive or negative?suspend your disbelief here and now ,
Answer: It is","<s> Is the sentiment of following sentence exist or none?suspend your disbelief here and now ,
Answer: It is",,7087,2588
519,"<s> Is the sentiment of following sentence positive or negative?, magnificent to behold in its sparkling beauty yet in reality it 's one tough rock .
Answer: It is","<s> Is the sentiment of following sentence exist or none?, magnificent to behold in its sparkling beauty yet in reality it 's one tough rock .
Answer: It is",,5278,2588
520,"<s> Is the sentiment of following sentence positive or negative?could use more of : spirit , perception , conviction
Answer: It is","<s> Is the sentiment of following sentence exist or none?could use more of : spirit , perception , conviction
Answer: It is",,7087,2588
521,"<s> Is the sentiment of following sentence positive or negative?the extravagant confidence of the exiled aristocracy
Answer: It is","<s> Is the sentiment of following sentence exist or none?the extravagant confidence of the exiled aristocracy
Answer: It is",,5278,2588
522,"<s> Is the sentiment of following sentence positive or negative?an unusual protagonist ( a kilt-wearing jackson ) and subject matter
Answer: It is","<s> Is the sentiment of following sentence exist or none?an unusual protagonist ( a kilt-wearing jackson ) and subject matter
Answer: It is",,7087,2588
523,"<s> Is the sentiment of following sentence positive or negative?will make you think twice about what might be going on inside each trailer park you drive past -- even if it chiefly inspires you to drive a little faster .
Answer: It is","<s> Is the sentiment of following sentence exist or none?will make you think twice about what might be going on inside each trailer park you drive past -- even if it chiefly inspires you to drive a little faster .
Answer: It is",,5278,2588
524,"<s> Is the sentiment of following sentence positive or negative?can be accused of being a bit undisciplined
Answer: It is","<s> Is the sentiment of following sentence exist or none?can be accused of being a bit undisciplined
Answer: It is",,7087,2588
525,"<s> Is the sentiment of following sentence positive or negative?have an opportunity to triumphantly sermonize
Answer: It is","<s> Is the sentiment of following sentence exist or none?have an opportunity to triumphantly sermonize
Answer: It is",,5278,2588
526,"<s> Is the sentiment of following sentence positive or negative?made me realize that we really have n't had a good cheesy b-movie playing in theaters since ... well ... since last week 's reign of fire
Answer: It is","<s> Is the sentiment of following sentence exist or none?made me realize that we really have n't had a good cheesy b-movie playing in theaters since ... well ... since last week 's reign of fire
Answer: It is",,7087,2588
527,"<s> Is the sentiment of following sentence positive or negative?good at being the ultra-violent gangster wannabe
Answer: It is","<s> Is the sentiment of following sentence exist or none?good at being the ultra-violent gangster wannabe
Answer: It is",,5278,2588
528,"<s> Is the sentiment of following sentence positive or negative?never seems hopelessly juvenile .
Answer: It is","<s> Is the sentiment of following sentence exist or none?never seems hopelessly juvenile .
Answer: It is",,7087,2588
529,"<s> Is the sentiment of following sentence positive or negative?these women 's
Answer: It is","<s> Is the sentiment of following sentence exist or none?these women 's
Answer: It is",,5278,2588
530,"<s> Is the sentiment of following sentence positive or negative?help overcome the problematic script .
Answer: It is","<s> Is the sentiment of following sentence exist or none?help overcome the problematic script .
Answer: It is",,7087,2588
531,"<s> Is the sentiment of following sentence positive or negative?more complex
Answer: It is","<s> Is the sentiment of following sentence exist or none?more complex
Answer: It is",,5278,2588
532,"<s> Is the sentiment of following sentence positive or negative?are we dealing with dreams , visions or being told what actually happened as if it were the third ending of clue
Answer: It is","<s> Is the sentiment of following sentence exist or none?are we dealing with dreams , visions or being told what actually happened as if it were the third ending of clue
Answer: It is",,7087,2588
533,"<s> Is the sentiment of following sentence positive or negative?his impressions of life and loss and
Answer: It is","<s> Is the sentiment of following sentence exist or none?his impressions of life and loss and
Answer: It is",,5278,2588
534,"<s> Is the sentiment of following sentence positive or negative?you 're an absolute raving star wars junkie
Answer: It is","<s> Is the sentiment of following sentence exist or none?you 're an absolute raving star wars junkie
Answer: It is",,7087,2588
535,"<s> Is the sentiment of following sentence positive or negative?'s also undeniably exceedingly clever
Answer: It is","<s> Is the sentiment of following sentence exist or none?'s also undeniably exceedingly clever
Answer: It is",,5278,2588
536,"<s> Is the sentiment of following sentence positive or negative?for older fans or a silly , nickelodeon-esque kiddie flick
Answer: It is","<s> Is the sentiment of following sentence exist or none?for older fans or a silly , nickelodeon-esque kiddie flick
Answer: It is",,7087,2588
537,"<s> Is the sentiment of following sentence positive or negative?the illusion of work is than actual work
Answer: It is","<s> Is the sentiment of following sentence exist or none?the illusion of work is than actual work
Answer: It is",,5278,2588
538,"<s> Is the sentiment of following sentence positive or negative?is difficult to fathom .
Answer: It is","<s> Is the sentiment of following sentence exist or none?is difficult to fathom .
Answer: It is",,7087,2588
539,"<s> Is the sentiment of following sentence positive or negative?laugh because he acts so goofy all the time
Answer: It is","<s> Is the sentiment of following sentence exist or none?laugh because he acts so goofy all the time
Answer: It is",,5278,2588
540,"<s> Is the sentiment of following sentence positive or negative?not scary
Answer: It is","<s> Is the sentiment of following sentence exist or none?not scary
Answer: It is",,7087,2588
541,"<s> Is the sentiment of following sentence positive or negative?somewhat touched
Answer: It is","<s> Is the sentiment of following sentence exist or none?somewhat touched
Answer: It is",,5278,2588
542,"<s> Is the sentiment of following sentence positive or negative?surprisingly similar
Answer: It is","<s> Is the sentiment of following sentence exist or none?surprisingly similar
Answer: It is",,7087,2588
543,"<s> Is the sentiment of following sentence positive or negative?sparkling with ideas you wish had been developed with more care
Answer: It is","<s> Is the sentiment of following sentence exist or none?sparkling with ideas you wish had been developed with more care
Answer: It is",,5278,2588
544,"<s> Is the sentiment of following sentence positive or negative?minimal appreciation
Answer: It is","<s> Is the sentiment of following sentence exist or none?minimal appreciation
Answer: It is",,7087,2588
545,"<s> Is the sentiment of following sentence positive or negative?the new insomnia is a surprisingly faithful remake of its chilly predecessor ,
Answer: It is","<s> Is the sentiment of following sentence exist or none?the new insomnia is a surprisingly faithful remake of its chilly predecessor ,
Answer: It is",,5278,2588
546,"<s> Is the sentiment of following sentence positive or negative?the movie is such a blip on the year 's radar screen that it 's tempting just to go with it for the ride .
Answer: It is","<s> Is the sentiment of following sentence exist or none?the movie is such a blip on the year 's radar screen that it 's tempting just to go with it for the ride .
Answer: It is",,7087,2588
547,"<s> Is the sentiment of following sentence positive or negative?, charismatic and tragically
Answer: It is","<s> Is the sentiment of following sentence exist or none?, charismatic and tragically
Answer: It is",,5278,2588
548,"<s> Is the sentiment of following sentence positive or negative?word ` dog '
Answer: It is","<s> Is the sentiment of following sentence exist or none?word ` dog '
Answer: It is",,7087,2588
549,"<s> Is the sentiment of following sentence positive or negative?scary , action-packed chiller
Answer: It is","<s> Is the sentiment of following sentence exist or none?scary , action-packed chiller
Answer: It is",,5278,2588
550,"<s> Is the sentiment of following sentence positive or negative?a film neither bitter nor sweet
Answer: It is","<s> Is the sentiment of following sentence exist or none?a film neither bitter nor sweet
Answer: It is",,7087,2588
551,"<s> Is the sentiment of following sentence positive or negative?what makes how i killed my father compelling , besides its terrific performances , is fontaine 's willingness to wander into the dark areas of parent-child relationships without flinching .
Answer: It is","<s> Is the sentiment of following sentence exist or none?what makes how i killed my father compelling , besides its terrific performances , is fontaine 's willingness to wander into the dark areas of parent-child relationships without flinching .
Answer: It is",,5278,2588
552,"<s> Is the sentiment of following sentence positive or negative?more likely to have you scratching your head than hiding under your seat .
Answer: It is","<s> Is the sentiment of following sentence exist or none?more likely to have you scratching your head than hiding under your seat .
Answer: It is",,7087,2588
553,"<s> Is the sentiment of following sentence positive or negative?mainstream matinee-style entertainment
Answer: It is","<s> Is the sentiment of following sentence exist or none?mainstream matinee-style entertainment
Answer: It is",,5278,2588
554,"<s> Is the sentiment of following sentence positive or negative?indifferent
Answer: It is","<s> Is the sentiment of following sentence exist or none?indifferent
Answer: It is",,7087,2588
555,"<s> Is the sentiment of following sentence positive or negative?figures prominently in this movie
Answer: It is","<s> Is the sentiment of following sentence exist or none?figures prominently in this movie
Answer: It is",,5278,2588
556,"<s> Is the sentiment of following sentence positive or negative?low-tech magic realism
Answer: It is","<s> Is the sentiment of following sentence exist or none?low-tech magic realism
Answer: It is",,7087,2588
557,"<s> Is the sentiment of following sentence positive or negative?are as subtle and as enigmatic
Answer: It is","<s> Is the sentiment of following sentence exist or none?are as subtle and as enigmatic
Answer: It is",,5278,2588
558,"<s> Is the sentiment of following sentence positive or negative?might have been readily dismissed as the tiresome rant of an aging filmmaker still thumbing his nose at convention
Answer: It is","<s> Is the sentiment of following sentence exist or none?might have been readily dismissed as the tiresome rant of an aging filmmaker still thumbing his nose at convention
Answer: It is",,7087,2588
559,"<s> Is the sentiment of following sentence positive or negative?on lingering terror punctuated by sudden shocks and not constant bloodshed
Answer: It is","<s> Is the sentiment of following sentence exist or none?on lingering terror punctuated by sudden shocks and not constant bloodshed
Answer: It is",,5278,2588
560,"<s> Is the sentiment of following sentence positive or negative?character-who-shall - remain-nameless
Answer: It is","<s> Is the sentiment of following sentence exist or none?character-who-shall - remain-nameless
Answer: It is",,7087,2588
561,"<s> Is the sentiment of following sentence positive or negative?there are so few films about the plight of american indians in modern america that skins comes as a welcome , if downbeat , missive from a forgotten front .
Answer: It is","<s> Is the sentiment of following sentence exist or none?there are so few films about the plight of american indians in modern america that skins comes as a welcome , if downbeat , missive from a forgotten front .
Answer: It is",,5278,2588
562,"<s> Is the sentiment of following sentence positive or negative?, it is more likely to induce sleep than fright .
Answer: It is","<s> Is the sentiment of following sentence exist or none?, it is more likely to induce sleep than fright .
Answer: It is",,7087,2588
563,"<s> Is the sentiment of following sentence positive or negative?a more than satisfactory amount of carnage
Answer: It is","<s> Is the sentiment of following sentence exist or none?a more than satisfactory amount of carnage
Answer: It is",,5278,2588
564,"<s> Is the sentiment of following sentence positive or negative?might more accurately be titled mr. chips off the old block
Answer: It is","<s> Is the sentiment of following sentence exist or none?might more accurately be titled mr. chips off the old block
Answer: It is",,7087,2588
565,"<s> Is the sentiment of following sentence positive or negative?is entirely appealing as pumpkin
Answer: It is","<s> Is the sentiment of following sentence exist or none?is entirely appealing as pumpkin
Answer: It is",,5278,2588
566,"<s> Is the sentiment of following sentence positive or negative?it 's like rocky and bullwinkle on speed , but that 's neither completely enlightening , nor does it catch the intensity of the movie 's strangeness .
Answer: It is","<s> Is the sentiment of following sentence exist or none?it 's like rocky and bullwinkle on speed , but that 's neither completely enlightening , nor does it catch the intensity of the movie 's strangeness .
Answer: It is",,7087,2588
567,"<s> Is the sentiment of following sentence positive or negative?, the film unfolds with all the mounting tension of an expert thriller , until the tragedy beneath it all gradually reveals itself .
Answer: It is","<s> Is the sentiment of following sentence exist or none?, the film unfolds with all the mounting tension of an expert thriller , until the tragedy beneath it all gradually reveals itself .
Answer: It is",,5278,2588
568,"<s> Is the sentiment of following sentence positive or negative?more of a creaky `` pretty woman '' retread , with the emphasis on self-empowering schmaltz and big-wave surfing that gives pic its title an afterthought
Answer: It is","<s> Is the sentiment of following sentence exist or none?more of a creaky `` pretty woman '' retread , with the emphasis on self-empowering schmaltz and big-wave surfing that gives pic its title an afterthought
Answer: It is",,7087,2588
569,"<s> Is the sentiment of following sentence positive or negative?enormous feeling
Answer: It is","<s> Is the sentiment of following sentence exist or none?enormous feeling
Answer: It is",,5278,2588
570,"<s> Is the sentiment of following sentence positive or negative?( ferrera )
Answer: It is","<s> Is the sentiment of following sentence exist or none?( ferrera )
Answer: It is",,7087,2588
571,"<s> Is the sentiment of following sentence positive or negative?beautiful , angry and sad , with a curious sick poetry , as if the marquis de sade had gone in for pastel landscapes .
Answer: It is","<s> Is the sentiment of following sentence exist or none?beautiful , angry and sad , with a curious sick poetry , as if the marquis de sade had gone in for pastel landscapes .
Answer: It is",,5278,2588
572,"<s> Is the sentiment of following sentence positive or negative?needs mind-bending drugs when they can see this , the final part of the ` qatsi ' trilogy , directed by godfrey reggio , with music by philip glass ?
Answer: It is","<s> Is the sentiment of following sentence exist or none?needs mind-bending drugs when they can see this , the final part of the ` qatsi ' trilogy , directed by godfrey reggio , with music by philip glass ?
Answer: It is",,7087,2588
573,"<s> Is the sentiment of following sentence positive or negative?a portrait of two strong men in conflict
Answer: It is","<s> Is the sentiment of following sentence exist or none?a portrait of two strong men in conflict
Answer: It is",,5278,2588
574,"<s> Is the sentiment of following sentence positive or negative?blob
Answer: It is","<s> Is the sentiment of following sentence exist or none?blob
Answer: It is",,7087,2588
575,"<s> Is the sentiment of following sentence positive or negative?nails hard - boiled hollywood argot with a bracingly nasty accuracy
Answer: It is","<s> Is the sentiment of following sentence exist or none?nails hard - boiled hollywood argot with a bracingly nasty accuracy
Answer: It is",,5278,2588
576,"<s> Is the sentiment of following sentence positive or negative?a kingdom more mild than wild
Answer: It is","<s> Is the sentiment of following sentence exist or none?a kingdom more mild than wild
Answer: It is",,7087,2588
577,"<s> Is the sentiment of following sentence positive or negative?of advocacy cinema that carries you along in a torrent of emotion as it explores the awful complications of one terrifying day
Answer: It is","<s> Is the sentiment of following sentence exist or none?of advocacy cinema that carries you along in a torrent of emotion as it explores the awful complications of one terrifying day
Answer: It is",,5278,2588
578,"<s> Is the sentiment of following sentence positive or negative?whether it wants to be a black comedy , drama , melodrama or some combination of the three
Answer: It is","<s> Is the sentiment of following sentence exist or none?whether it wants to be a black comedy , drama , melodrama or some combination of the three
Answer: It is",,7087,2588
579,"<s> Is the sentiment of following sentence positive or negative?gratify anyone who has ever suspected hollywood of being overrun by corrupt and hedonistic weasels
Answer: It is","<s> Is the sentiment of following sentence exist or none?gratify anyone who has ever suspected hollywood of being overrun by corrupt and hedonistic weasels
Answer: It is",,5278,2588
580,"<s> Is the sentiment of following sentence positive or negative?the little nuances that perhaps had to escape from director mark romanek 's self-conscious scrutiny to happen ,
Answer: It is","<s> Is the sentiment of following sentence exist or none?the little nuances that perhaps had to escape from director mark romanek 's self-conscious scrutiny to happen ,
Answer: It is",,7087,2588
581,"<s> Is the sentiment of following sentence positive or negative?huppert scheming , with her small , intelligent eyes
Answer: It is","<s> Is the sentiment of following sentence exist or none?huppert scheming , with her small , intelligent eyes
Answer: It is",,5278,2588
582,"<s> Is the sentiment of following sentence positive or negative?brainless , but enjoyably over-the-top , the retro gang melodrama , deuces wild represents fifties teen-gang machismo in a way that borders on rough-trade homo-eroticism .
Answer: It is","<s> Is the sentiment of following sentence exist or none?brainless , but enjoyably over-the-top , the retro gang melodrama , deuces wild represents fifties teen-gang machismo in a way that borders on rough-trade homo-eroticism .
Answer: It is",,7087,2588
583,"<s> Is the sentiment of following sentence positive or negative?the rueful , wry humor
Answer: It is","<s> Is the sentiment of following sentence exist or none?the rueful , wry humor
Answer: It is",,5278,2588
584,"<s> Is the sentiment of following sentence positive or negative?did i miss something ?
Answer: It is","<s> Is the sentiment of following sentence exist or none?did i miss something ?
Answer: It is",,7087,2588
585,"<s> Is the sentiment of following sentence positive or negative?you really want to understand what this story is really all about
Answer: It is","<s> Is the sentiment of following sentence exist or none?you really want to understand what this story is really all about
Answer: It is",,5278,2588
586,"<s> Is the sentiment of following sentence positive or negative?a kilt
Answer: It is","<s> Is the sentiment of following sentence exist or none?a kilt
Answer: It is",,7087,2588
587,"<s> Is the sentiment of following sentence positive or negative?its characterization of hitler and the contrived nature of its provocative conclusion
Answer: It is","<s> Is the sentiment of following sentence exist or none?its characterization of hitler and the contrived nature of its provocative conclusion
Answer: It is",,5278,2588
588,"<s> Is the sentiment of following sentence positive or negative?a dramatic comedy as pleasantly dishonest and pat as any hollywood fluff .
Answer: It is","<s> Is the sentiment of following sentence exist or none?a dramatic comedy as pleasantly dishonest and pat as any hollywood fluff .
Answer: It is",,7087,2588
589,"<s> Is the sentiment of following sentence positive or negative?its oh-so-hollywood rejiggering
Answer: It is","<s> Is the sentiment of following sentence exist or none?its oh-so-hollywood rejiggering
Answer: It is",,5278,2588
590,"<s> Is the sentiment of following sentence positive or negative?tara reid plays a college journalist ,
Answer: It is","<s> Is the sentiment of following sentence exist or none?tara reid plays a college journalist ,
Answer: It is",,7087,2588
591,"<s> Is the sentiment of following sentence positive or negative?is pleasant enough
Answer: It is","<s> Is the sentiment of following sentence exist or none?is pleasant enough
Answer: It is",,5278,2588
592,"<s> Is the sentiment of following sentence positive or negative?lightweight female empowerment
Answer: It is","<s> Is the sentiment of following sentence exist or none?lightweight female empowerment
Answer: It is",,7087,2588
593,"<s> Is the sentiment of following sentence positive or negative?of that moral favorite
Answer: It is","<s> Is the sentiment of following sentence exist or none?of that moral favorite
Answer: It is",,5278,2588
594,"<s> Is the sentiment of following sentence positive or negative?change hackneyed concepts when it comes to dreaming up romantic comedies
Answer: It is","<s> Is the sentiment of following sentence exist or none?change hackneyed concepts when it comes to dreaming up romantic comedies
Answer: It is",,7087,2588
595,"<s> Is the sentiment of following sentence positive or negative?so true and heartbreaking
Answer: It is","<s> Is the sentiment of following sentence exist or none?so true and heartbreaking
Answer: It is",,5278,2588
596,"<s> Is the sentiment of following sentence positive or negative?glib
Answer: It is","<s> Is the sentiment of following sentence exist or none?glib
Answer: It is",,7087,2588
597,"<s> Is the sentiment of following sentence positive or negative?swings and jostles
Answer: It is","<s> Is the sentiment of following sentence exist or none?swings and jostles
Answer: It is",,5278,2588
598,"<s> Is the sentiment of following sentence positive or negative?can say
Answer: It is","<s> Is the sentiment of following sentence exist or none?can say
Answer: It is",,7087,2588
599,"<s> Is the sentiment of following sentence positive or negative?is far from disappointing ,
Answer: It is","<s> Is the sentiment of following sentence exist or none?is far from disappointing ,
Answer: It is",,5278,2588
600,"<s> Is the sentiment of following sentence positive or negative?loaded with actors you 're most likely to find on the next inevitable incarnation of the love boat
Answer: It is","<s> Is the sentiment of following sentence exist or none?loaded with actors you 're most likely to find on the next inevitable incarnation of the love boat
Answer: It is",,7087,2588
601,"<s> Is the sentiment of following sentence positive or negative?weaves us into a complex web .
Answer: It is","<s> Is the sentiment of following sentence exist or none?weaves us into a complex web .
Answer: It is",,5278,2588
602,"<s> Is the sentiment of following sentence positive or negative?p )
Answer: It is","<s> Is the sentiment of following sentence exist or none?p )
Answer: It is",,7087,2588
603,"<s> Is the sentiment of following sentence positive or negative?begins with the everyday lives of naval personnel in san diego and ends with scenes so true and heartbreaking that tears welled up in my eyes both times i
Answer: It is","<s> Is the sentiment of following sentence exist or none?begins with the everyday lives of naval personnel in san diego and ends with scenes so true and heartbreaking that tears welled up in my eyes both times i
Answer: It is",,5278,2588
604,"<s> Is the sentiment of following sentence positive or negative?fizzability
Answer: It is","<s> Is the sentiment of following sentence exist or none?fizzability
Answer: It is",,7087,2588
605,"<s> Is the sentiment of following sentence positive or negative?with a twisted sense of humor
Answer: It is","<s> Is the sentiment of following sentence exist or none?with a twisted sense of humor
Answer: It is",,5278,2588
606,"<s> Is the sentiment of following sentence positive or negative?nor a cliché left unsaid
Answer: It is","<s> Is the sentiment of following sentence exist or none?nor a cliché left unsaid
Answer: It is",,7087,2588
607,"<s> Is the sentiment of following sentence positive or negative?, those farts got to my inner nine-year-old
Answer: It is","<s> Is the sentiment of following sentence exist or none?, those farts got to my inner nine-year-old
Answer: It is",,5278,2588
608,"<s> Is the sentiment of following sentence positive or negative?had the balance shifted in favor of water-bound action over the land-based ` drama
Answer: It is","<s> Is the sentiment of following sentence exist or none?had the balance shifted in favor of water-bound action over the land-based ` drama
Answer: It is",,7087,2588
609,"<s> Is the sentiment of following sentence positive or negative?an intermittently good time
Answer: It is","<s> Is the sentiment of following sentence exist or none?an intermittently good time
Answer: It is",,5278,2588
610,"<s> Is the sentiment of following sentence positive or negative?be excited that it has n't gone straight to video ?
Answer: It is","<s> Is the sentiment of following sentence exist or none?be excited that it has n't gone straight to video ?
Answer: It is",,7087,2588
611,"<s> Is the sentiment of following sentence positive or negative?that i 'll never listen to marvin gaye or the supremes the same way again
Answer: It is","<s> Is the sentiment of following sentence exist or none?that i 'll never listen to marvin gaye or the supremes the same way again
Answer: It is",,5278,2588
612,"<s> Is the sentiment of following sentence positive or negative?despite its hawaiian setting , the science-fiction trimmings and some moments of rowdy slapstick , the basic plot of `` lilo '' could have been pulled from a tear-stained vintage shirley temple script .
Answer: It is","<s> Is the sentiment of following sentence exist or none?despite its hawaiian setting , the science-fiction trimmings and some moments of rowdy slapstick , the basic plot of `` lilo '' could have been pulled from a tear-stained vintage shirley temple script .
Answer: It is",,7087,2588
613,"<s> Is the sentiment of following sentence positive or negative?the place where a masterpiece should be
Answer: It is","<s> Is the sentiment of following sentence exist or none?the place where a masterpiece should be
Answer: It is",,5278,2588
614,"<s> Is the sentiment of following sentence positive or negative?his character awakens to the notion that to be human
Answer: It is","<s> Is the sentiment of following sentence exist or none?his character awakens to the notion that to be human
Answer: It is",,7087,2588
615,"<s> Is the sentiment of following sentence positive or negative?'s attracting audiences to unfaithful
Answer: It is","<s> Is the sentiment of following sentence exist or none?'s attracting audiences to unfaithful
Answer: It is",,5278,2588
616,"<s> Is the sentiment of following sentence positive or negative?cathartic
Answer: It is","<s> Is the sentiment of following sentence exist or none?cathartic
Answer: It is",,7087,2588
617,"<s> Is the sentiment of following sentence positive or negative?also taps into the primal fears of young people trying to cope with the mysterious and brutal nature of adults
Answer: It is","<s> Is the sentiment of following sentence exist or none?also taps into the primal fears of young people trying to cope with the mysterious and brutal nature of adults
Answer: It is",,5278,2588
618,"<s> Is the sentiment of following sentence positive or negative?no surprises .
Answer: It is","<s> Is the sentiment of following sentence exist or none?no surprises .
Answer: It is",,7087,2588
619,"<s> Is the sentiment of following sentence positive or negative?is an interesting movie
Answer: It is","<s> Is the sentiment of following sentence exist or none?is an interesting movie
Answer: It is",,5278,2588
620,"<s> Is the sentiment of following sentence positive or negative?distinctive discourse
Answer: It is","<s> Is the sentiment of following sentence exist or none?distinctive discourse
Answer: It is",,7087,2588
621,"<s> Is the sentiment of following sentence positive or negative?perfectly serviceable
Answer: It is","<s> Is the sentiment of following sentence exist or none?perfectly serviceable
Answer: It is",,5278,2588
622,"<s> Is the sentiment of following sentence positive or negative?has chosen to make his english-language debut with a film
Answer: It is","<s> Is the sentiment of following sentence exist or none?has chosen to make his english-language debut with a film
Answer: It is",,7087,2588
623,"<s> Is the sentiment of following sentence positive or negative?spiked by jolts of pop music
Answer: It is","<s> Is the sentiment of following sentence exist or none?spiked by jolts of pop music
Answer: It is",,5278,2588
624,"<s> Is the sentiment of following sentence positive or negative?hinges on the subgenre 's most enabling victim ... and an ebullient affection for industrial-model meat freezers
Answer: It is","<s> Is the sentiment of following sentence exist or none?hinges on the subgenre 's most enabling victim ... and an ebullient affection for industrial-model meat freezers
Answer: It is",,7087,2588
625,"<s> Is the sentiment of following sentence positive or negative?is a seriously intended movie that is not easily forgotten .
Answer: It is","<s> Is the sentiment of following sentence exist or none?is a seriously intended movie that is not easily forgotten .
Answer: It is",,5278,2588
626,"<s> Is the sentiment of following sentence positive or negative?breezy , distracted rhythms
Answer: It is","<s> Is the sentiment of following sentence exist or none?breezy , distracted rhythms
Answer: It is",,7087,2588
627,"<s> Is the sentiment of following sentence positive or negative?is about to turn onto a different path
Answer: It is","<s> Is the sentiment of following sentence exist or none?is about to turn onto a different path
Answer: It is",,5278,2588
628,"<s> Is the sentiment of following sentence positive or negative?borscht
Answer: It is","<s> Is the sentiment of following sentence exist or none?borscht
Answer: It is",,7087,2588
629,"<s> Is the sentiment of following sentence positive or negative?few nonbelievers
Answer: It is","<s> Is the sentiment of following sentence exist or none?few nonbelievers
Answer: It is",,5278,2588
630,"<s> Is the sentiment of following sentence positive or negative?comes off as a kingdom more mild than wild .
Answer: It is","<s> Is the sentiment of following sentence exist or none?comes off as a kingdom more mild than wild .
Answer: It is",,7087,2588
631,"<s> Is the sentiment of following sentence positive or negative?profound characterizations
Answer: It is","<s> Is the sentiment of following sentence exist or none?profound characterizations
Answer: It is",,5278,2588
632,"<s> Is the sentiment of following sentence positive or negative?'s not scary in the slightest
Answer: It is","<s> Is the sentiment of following sentence exist or none?'s not scary in the slightest
Answer: It is",,7087,2588
633,"<s> Is the sentiment of following sentence positive or negative?is one that any art-house moviegoer is likely to find compelling .
Answer: It is","<s> Is the sentiment of following sentence exist or none?is one that any art-house moviegoer is likely to find compelling .
Answer: It is",,5278,2588
634,"<s> Is the sentiment of following sentence positive or negative?more challenging or depressing
Answer: It is","<s> Is the sentiment of following sentence exist or none?more challenging or depressing
Answer: It is",,7087,2588
635,"<s> Is the sentiment of following sentence positive or negative?of intellectual lector in contemplation of the auteur 's professional injuries
Answer: It is","<s> Is the sentiment of following sentence exist or none?of intellectual lector in contemplation of the auteur 's professional injuries
Answer: It is",,5278,2588
636,"<s> Is the sentiment of following sentence positive or negative?'s soulful and unslick
Answer: It is","<s> Is the sentiment of following sentence exist or none?'s soulful and unslick
Answer: It is",,7087,2588
637,"<s> Is the sentiment of following sentence positive or negative?the spectacle
Answer: It is","<s> Is the sentiment of following sentence exist or none?the spectacle
Answer: It is",,5278,2588
638,"<s> Is the sentiment of following sentence positive or negative?depressed about anything before watching this film
Answer: It is","<s> Is the sentiment of following sentence exist or none?depressed about anything before watching this film
Answer: It is",,7087,2588
639,"<s> Is the sentiment of following sentence positive or negative?by it -- the kind of movie
Answer: It is","<s> Is the sentiment of following sentence exist or none?by it -- the kind of movie
Answer: It is",,5278,2588
640,"<s> Is the sentiment of following sentence positive or negative?tanks .
Answer: It is","<s> Is the sentiment of following sentence exist or none?tanks .
Answer: It is",,7087,2588
641,"<s> Is the sentiment of following sentence positive or negative?could n't be more timely in its despairing vision of corruption within the catholic establishment
Answer: It is","<s> Is the sentiment of following sentence exist or none?could n't be more timely in its despairing vision of corruption within the catholic establishment
Answer: It is",,5278,2588
642,"<s> Is the sentiment of following sentence positive or negative?a tv episode rather than a documentary
Answer: It is","<s> Is the sentiment of following sentence exist or none?a tv episode rather than a documentary
Answer: It is",,7087,2588
643,"<s> Is the sentiment of following sentence positive or negative?it does elect to head off in its own direction
Answer: It is","<s> Is the sentiment of following sentence exist or none?it does elect to head off in its own direction
Answer: It is",,5278,2588
644,"<s> Is the sentiment of following sentence positive or negative?amélie 's audrey tautou with another fabuleux destin -- i.e. , a banal spiritual quest
Answer: It is","<s> Is the sentiment of following sentence exist or none?amélie 's audrey tautou with another fabuleux destin -- i.e. , a banal spiritual quest
Answer: It is",,7087,2588
645,"<s> Is the sentiment of following sentence positive or negative?beautiful , aching sadness
Answer: It is","<s> Is the sentiment of following sentence exist or none?beautiful , aching sadness
Answer: It is",,5278,2588
646,"<s> Is the sentiment of following sentence positive or negative?been saved if the director , tom dey , had spliced together bits and pieces of midnight run and 48 hours ( and , for that matter , shrek )
Answer: It is","<s> Is the sentiment of following sentence exist or none?been saved if the director , tom dey , had spliced together bits and pieces of midnight run and 48 hours ( and , for that matter , shrek )
Answer: It is",,7087,2588
647,"<s> Is the sentiment of following sentence positive or negative?that rare quality of being able to creep the living hell out of you
Answer: It is","<s> Is the sentiment of following sentence exist or none?that rare quality of being able to creep the living hell out of you
Answer: It is",,5278,2588
648,"<s> Is the sentiment of following sentence positive or negative?much worse than bland or better than inconsequential
Answer: It is","<s> Is the sentiment of following sentence exist or none?much worse than bland or better than inconsequential
Answer: It is",,7087,2588
649,"<s> Is the sentiment of following sentence positive or negative?however entertainingly presented ,
Answer: It is","<s> Is the sentiment of following sentence exist or none?however entertainingly presented ,
Answer: It is",,5278,2588
650,"<s> Is the sentiment of following sentence positive or negative?results from adhering to the messiness of true stories
Answer: It is","<s> Is the sentiment of following sentence exist or none?results from adhering to the messiness of true stories
Answer: It is",,7087,2588
651,"<s> Is the sentiment of following sentence positive or negative?into the `` a '' range , as is
Answer: It is","<s> Is the sentiment of following sentence exist or none?into the `` a '' range , as is
Answer: It is",,5278,2588
652,"<s> Is the sentiment of following sentence positive or negative?, rent the disney version .
Answer: It is","<s> Is the sentiment of following sentence exist or none?, rent the disney version .
Answer: It is",,7087,2588
653,"<s> Is the sentiment of following sentence positive or negative?manipulating our collective fear
Answer: It is","<s> Is the sentiment of following sentence exist or none?manipulating our collective fear
Answer: It is",,5278,2588
654,"<s> Is the sentiment of following sentence positive or negative?a cellular phone commercial
Answer: It is","<s> Is the sentiment of following sentence exist or none?a cellular phone commercial
Answer: It is",,7087,2588
655,"<s> Is the sentiment of following sentence positive or negative?it , offering fine acting moments and pungent
Answer: It is","<s> Is the sentiment of following sentence exist or none?it , offering fine acting moments and pungent
Answer: It is",,5278,2588
656,"<s> Is the sentiment of following sentence positive or negative?it 's not scary in the slightest
Answer: It is","<s> Is the sentiment of following sentence exist or none?it 's not scary in the slightest
Answer: It is",,7087,2588
657,"<s> Is the sentiment of following sentence positive or negative?nothing of the audience other than to sit back and enjoy a couple of great actors hamming it up
Answer: It is","<s> Is the sentiment of following sentence exist or none?nothing of the audience other than to sit back and enjoy a couple of great actors hamming it up
Answer: It is",,5278,2588
658,"<s> Is the sentiment of following sentence positive or negative?taken
Answer: It is","<s> Is the sentiment of following sentence exist or none?taken
Answer: It is",,7087,2588
659,"<s> Is the sentiment of following sentence positive or negative?the rich promise
Answer: It is","<s> Is the sentiment of following sentence exist or none?the rich promise
Answer: It is",,5278,2588
660,"<s> Is the sentiment of following sentence positive or negative?looking for something new
Answer: It is","<s> Is the sentiment of following sentence exist or none?looking for something new
Answer: It is",,7087,2588
661,"<s> Is the sentiment of following sentence positive or negative?you live the mood rather than savor the story .
Answer: It is","<s> Is the sentiment of following sentence exist or none?you live the mood rather than savor the story .
Answer: It is",,5278,2588
662,"<s> Is the sentiment of following sentence positive or negative?dealing with dreams , visions or being told what actually happened as if it were the third ending of clue
Answer: It is","<s> Is the sentiment of following sentence exist or none?dealing with dreams , visions or being told what actually happened as if it were the third ending of clue
Answer: It is",,7087,2588
663,"<s> Is the sentiment of following sentence positive or negative?does n't disappoint .
Answer: It is","<s> Is the sentiment of following sentence exist or none?does n't disappoint .
Answer: It is",,5278,2588
664,"<s> Is the sentiment of following sentence positive or negative?are we dealing with dreams , visions or being told what actually happened as if it were the third ending of clue ?
Answer: It is","<s> Is the sentiment of following sentence exist or none?are we dealing with dreams , visions or being told what actually happened as if it were the third ending of clue ?
Answer: It is",,7087,2588
665,"<s> Is the sentiment of following sentence positive or negative?big fat liar is a real charmer
Answer: It is","<s> Is the sentiment of following sentence exist or none?big fat liar is a real charmer
Answer: It is",,5278,2588
666,"<s> Is the sentiment of following sentence positive or negative?christ
Answer: It is","<s> Is the sentiment of following sentence exist or none?christ
Answer: It is",,7087,2588
667,"<s> Is the sentiment of following sentence positive or negative?constrictive eisenhower era
Answer: It is","<s> Is the sentiment of following sentence exist or none?constrictive eisenhower era
Answer: It is",,5278,2588
668,"<s> Is the sentiment of following sentence positive or negative?the resourceful amnesiac
Answer: It is","<s> Is the sentiment of following sentence exist or none?the resourceful amnesiac
Answer: It is",,7087,2588
669,"<s> Is the sentiment of following sentence positive or negative?an achingly enthralling premise , the film
Answer: It is","<s> Is the sentiment of following sentence exist or none?an achingly enthralling premise , the film
Answer: It is",,5278,2588
670,"<s> Is the sentiment of following sentence positive or negative?the thing about guys like evans is this : you 're never quite sure where self-promotion ends and the truth begins .
Answer: It is","<s> Is the sentiment of following sentence exist or none?the thing about guys like evans is this : you 're never quite sure where self-promotion ends and the truth begins .
Answer: It is",,7087,2588
671,"<s> Is the sentiment of following sentence positive or negative?us to laugh because he acts so goofy all the time
Answer: It is","<s> Is the sentiment of following sentence exist or none?us to laugh because he acts so goofy all the time
Answer: It is",,5278,2588
672,"<s> Is the sentiment of following sentence positive or negative?strip it of all its excess debris ,
Answer: It is","<s> Is the sentiment of following sentence exist or none?strip it of all its excess debris ,
Answer: It is",,7087,2588
673,"<s> Is the sentiment of following sentence positive or negative?in crisis -- and of two girls whose friendship is severely tested by bad luck and their own immaturity
Answer: It is","<s> Is the sentiment of following sentence exist or none?in crisis -- and of two girls whose friendship is severely tested by bad luck and their own immaturity
Answer: It is",,5278,2588
674,"<s> Is the sentiment of following sentence positive or negative?runs for only 71 minutes and
Answer: It is","<s> Is the sentiment of following sentence exist or none?runs for only 71 minutes and
Answer: It is",,7087,2588
675,"<s> Is the sentiment of following sentence positive or negative?afford the $ 20 million ticket to ride a russian rocket
Answer: It is","<s> Is the sentiment of following sentence exist or none?afford the $ 20 million ticket to ride a russian rocket
Answer: It is",,5278,2588
676,"<s> Is the sentiment of following sentence positive or negative?might benefit from a helping hand and a friendly kick in the pants
Answer: It is","<s> Is the sentiment of following sentence exist or none?might benefit from a helping hand and a friendly kick in the pants
Answer: It is",,7087,2588
677,"<s> Is the sentiment of following sentence positive or negative?is so fascinating
Answer: It is","<s> Is the sentiment of following sentence exist or none?is so fascinating
Answer: It is",,5278,2588
678,"<s> Is the sentiment of following sentence positive or negative?the chateau ... is less concerned with cultural and political issues than doting on its eccentric characters .
Answer: It is","<s> Is the sentiment of following sentence exist or none?the chateau ... is less concerned with cultural and political issues than doting on its eccentric characters .
Answer: It is",,7087,2588
679,"<s> Is the sentiment of following sentence positive or negative?get the same love story and
Answer: It is","<s> Is the sentiment of following sentence exist or none?get the same love story and
Answer: It is",,5278,2588
680,"<s> Is the sentiment of following sentence positive or negative?a chiller resolutely without chills .
Answer: It is","<s> Is the sentiment of following sentence exist or none?a chiller resolutely without chills .
Answer: It is",,7087,2588
681,"<s> Is the sentiment of following sentence positive or negative?uncompromising film
Answer: It is","<s> Is the sentiment of following sentence exist or none?uncompromising film
Answer: It is",,5278,2588
682,"<s> Is the sentiment of following sentence positive or negative?showcases
Answer: It is","<s> Is the sentiment of following sentence exist or none?showcases
Answer: It is",,7087,2588
683,"<s> Is the sentiment of following sentence positive or negative?serious movie-goers embarking upon this journey
Answer: It is","<s> Is the sentiment of following sentence exist or none?serious movie-goers embarking upon this journey
Answer: It is",,5278,2588
684,"<s> Is the sentiment of following sentence positive or negative?heard a mysterious voice , and felt myself powerfully drawn toward the light -- the light of the exit sign
Answer: It is","<s> Is the sentiment of following sentence exist or none?heard a mysterious voice , and felt myself powerfully drawn toward the light -- the light of the exit sign
Answer: It is",,7087,2588
685,"<s> Is the sentiment of following sentence positive or negative?of the theater feeling
Answer: It is","<s> Is the sentiment of following sentence exist or none?of the theater feeling
Answer: It is",,5278,2588
686,"<s> Is the sentiment of following sentence positive or negative?style-free
Answer: It is","<s> Is the sentiment of following sentence exist or none?style-free
Answer: It is",,7087,2588
687,"<s> Is the sentiment of following sentence positive or negative?it 's an ambitious film , and
Answer: It is","<s> Is the sentiment of following sentence exist or none?it 's an ambitious film , and
Answer: It is",,5278,2588
688,"<s> Is the sentiment of following sentence positive or negative?can overcome bad hair design
Answer: It is","<s> Is the sentiment of following sentence exist or none?can overcome bad hair design
Answer: It is",,7087,2588
689,"<s> Is the sentiment of following sentence positive or negative?assured , glossy and shot through with brittle desperation .
Answer: It is","<s> Is the sentiment of following sentence exist or none?assured , glossy and shot through with brittle desperation .
Answer: It is",,5278,2588
690,"<s> Is the sentiment of following sentence positive or negative?in need of a scented bath
Answer: It is","<s> Is the sentiment of following sentence exist or none?in need of a scented bath
Answer: It is",,7087,2588
691,"<s> Is the sentiment of following sentence positive or negative?creep the living hell out of you
Answer: It is","<s> Is the sentiment of following sentence exist or none?creep the living hell out of you
Answer: It is",,5278,2588
692,"<s> Is the sentiment of following sentence positive or negative?a child 's interest and an adult 's patience
Answer: It is","<s> Is the sentiment of following sentence exist or none?a child 's interest and an adult 's patience
Answer: It is",,7087,2588
693,"<s> Is the sentiment of following sentence positive or negative?, the movie stirs us as well .
Answer: It is","<s> Is the sentiment of following sentence exist or none?, the movie stirs us as well .
Answer: It is",,5278,2588
694,"<s> Is the sentiment of following sentence positive or negative?unassuming , subordinate
Answer: It is","<s> Is the sentiment of following sentence exist or none?unassuming , subordinate
Answer: It is",,7087,2588
695,"<s> Is the sentiment of following sentence positive or negative?is a shrewd and effective film from a director who understands how to create and sustain a mood
Answer: It is","<s> Is the sentiment of following sentence exist or none?is a shrewd and effective film from a director who understands how to create and sustain a mood
Answer: It is",,5278,2588
696,"<s> Is the sentiment of following sentence positive or negative?is omitted nor a cliché left unsaid .
Answer: It is","<s> Is the sentiment of following sentence exist or none?is omitted nor a cliché left unsaid .
Answer: It is",,7087,2588
697,"<s> Is the sentiment of following sentence positive or negative?the sexuality
Answer: It is","<s> Is the sentiment of following sentence exist or none?the sexuality
Answer: It is",,5278,2588
698,"<s> Is the sentiment of following sentence positive or negative?any dummies guide , something
Answer: It is","<s> Is the sentiment of following sentence exist or none?any dummies guide , something
Answer: It is",,7087,2588
699,"<s> Is the sentiment of following sentence positive or negative?in ireland over a man
Answer: It is","<s> Is the sentiment of following sentence exist or none?in ireland over a man
Answer: It is",,5278,2588
700,"<s> Is the sentiment of following sentence positive or negative?this date-night diversion
Answer: It is","<s> Is the sentiment of following sentence exist or none?this date-night diversion
Answer: It is",,7087,2588
701,"<s> Is the sentiment of following sentence positive or negative?been perfect for an old `` twilight zone '' episode
Answer: It is","<s> Is the sentiment of following sentence exist or none?been perfect for an old `` twilight zone '' episode
Answer: It is",,5278,2588
702,"<s> Is the sentiment of following sentence positive or negative?deserves a better vehicle
Answer: It is","<s> Is the sentiment of following sentence exist or none?deserves a better vehicle
Answer: It is",,7087,2588
703,"<s> Is the sentiment of following sentence positive or negative?would be forgettable if it were n't such a clever adaptation of the bard 's tragic play
Answer: It is","<s> Is the sentiment of following sentence exist or none?would be forgettable if it were n't such a clever adaptation of the bard 's tragic play
Answer: It is",,5278,2588
704,"<s> Is the sentiment of following sentence positive or negative?watch for about thirty seconds before you say to yourself ,
Answer: It is","<s> Is the sentiment of following sentence exist or none?watch for about thirty seconds before you say to yourself ,
Answer: It is",,7087,2588
705,"<s> Is the sentiment of following sentence positive or negative?is pleasingly emphatic in this properly intense , claustrophobic tale of obsessive love .
Answer: It is","<s> Is the sentiment of following sentence exist or none?is pleasingly emphatic in this properly intense , claustrophobic tale of obsessive love .
Answer: It is",,5278,2588
706,"<s> Is the sentiment of following sentence positive or negative?dupe
Answer: It is","<s> Is the sentiment of following sentence exist or none?dupe
Answer: It is",,7087,2588
707,"<s> Is the sentiment of following sentence positive or negative?to a mood that 's sustained through the surprisingly somber conclusion
Answer: It is","<s> Is the sentiment of following sentence exist or none?to a mood that 's sustained through the surprisingly somber conclusion
Answer: It is",,5278,2588
708,"<s> Is the sentiment of following sentence positive or negative?overcome the problematic script
Answer: It is","<s> Is the sentiment of following sentence exist or none?overcome the problematic script
Answer: It is",,7087,2588
709,"<s> Is the sentiment of following sentence positive or negative?provides a satisfyingly unsettling ride into the dark places of our national psyche .
Answer: It is","<s> Is the sentiment of following sentence exist or none?provides a satisfyingly unsettling ride into the dark places of our national psyche .
Answer: It is",,5278,2588
710,"<s> Is the sentiment of following sentence positive or negative?rank
Answer: It is","<s> Is the sentiment of following sentence exist or none?rank
Answer: It is",,7087,2588
711,"<s> Is the sentiment of following sentence positive or negative?strong themes
Answer: It is","<s> Is the sentiment of following sentence exist or none?strong themes
Answer: It is",,5278,2588
712,"<s> Is the sentiment of following sentence positive or negative?satisfactorily exploit its gender politics , genre thrills or inherent humor
Answer: It is","<s> Is the sentiment of following sentence exist or none?satisfactorily exploit its gender politics , genre thrills or inherent humor
Answer: It is",,7087,2588
713,"<s> Is the sentiment of following sentence positive or negative?what 's even more remarkable is the integrity of devito 's misanthropic vision
Answer: It is","<s> Is the sentiment of following sentence exist or none?what 's even more remarkable is the integrity of devito 's misanthropic vision
Answer: It is",,5278,2588
714,"<s> Is the sentiment of following sentence positive or negative?like legally blonde and sweet home abomination
Answer: It is","<s> Is the sentiment of following sentence exist or none?like legally blonde and sweet home abomination
Answer: It is",,7087,2588
715,"<s> Is the sentiment of following sentence positive or negative?a watch that makes time go faster rather than
Answer: It is","<s> Is the sentiment of following sentence exist or none?a watch that makes time go faster rather than
Answer: It is",,5278,2588
716,"<s> Is the sentiment of following sentence positive or negative?pascale bailly 's rom-com provides amélie 's audrey tautou with another fabuleux destin -- i.e. , a banal spiritual quest .
Answer: It is","<s> Is the sentiment of following sentence exist or none?pascale bailly 's rom-com provides amélie 's audrey tautou with another fabuleux destin -- i.e. , a banal spiritual quest .
Answer: It is",,7087,2588
717,"<s> Is the sentiment of following sentence positive or negative?it 's an effort to watch this movie , but it eventually pays off and is effective if you stick with it .
Answer: It is","<s> Is the sentiment of following sentence exist or none?it 's an effort to watch this movie , but it eventually pays off and is effective if you stick with it .
Answer: It is",,5278,2588
718,"<s> Is the sentiment of following sentence positive or negative?re-fried green tomatoes
Answer: It is","<s> Is the sentiment of following sentence exist or none?re-fried green tomatoes
Answer: It is",,7087,2588
719,"<s> Is the sentiment of following sentence positive or negative?did n't talk down to them
Answer: It is","<s> Is the sentiment of following sentence exist or none?did n't talk down to them
Answer: It is",,5278,2588
720,"<s> Is the sentiment of following sentence positive or negative?lack contrast
Answer: It is","<s> Is the sentiment of following sentence exist or none?lack contrast
Answer: It is",,7087,2588
721,"<s> Is the sentiment of following sentence positive or negative?succumbs to sensationalism
Answer: It is","<s> Is the sentiment of following sentence exist or none?succumbs to sensationalism
Answer: It is",,5278,2588
722,"<s> Is the sentiment of following sentence positive or negative?serviceability , but
Answer: It is","<s> Is the sentiment of following sentence exist or none?serviceability , but
Answer: It is",,7087,2588
723,"<s> Is the sentiment of following sentence positive or negative?succeeds primarily with her typical blend of unsettling atmospherics
Answer: It is","<s> Is the sentiment of following sentence exist or none?succeeds primarily with her typical blend of unsettling atmospherics
Answer: It is",,5278,2588
724,"<s> Is the sentiment of following sentence positive or negative?out on video before month 's end
Answer: It is","<s> Is the sentiment of following sentence exist or none?out on video before month 's end
Answer: It is",,7087,2588
725,"<s> Is the sentiment of following sentence positive or negative?of animal house
Answer: It is","<s> Is the sentiment of following sentence exist or none?of animal house
Answer: It is",,5278,2588
726,"<s> Is the sentiment of following sentence positive or negative?a gushy episode of `` m * a * s * h '' only this time from an asian perspective .
Answer: It is","<s> Is the sentiment of following sentence exist or none?a gushy episode of `` m * a * s * h '' only this time from an asian perspective .
Answer: It is",,7087,2588
727,"<s> Is the sentiment of following sentence positive or negative?the road to perdition
Answer: It is","<s> Is the sentiment of following sentence exist or none?the road to perdition
Answer: It is",,5278,2588
728,"<s> Is the sentiment of following sentence positive or negative?'s not wallowing in hormonal melodrama
Answer: It is","<s> Is the sentiment of following sentence exist or none?'s not wallowing in hormonal melodrama
Answer: It is",,7087,2588
729,"<s> Is the sentiment of following sentence positive or negative?, point and purpose
Answer: It is","<s> Is the sentiment of following sentence exist or none?, point and purpose
Answer: It is",,5278,2588
730,"<s> Is the sentiment of following sentence positive or negative?rosenthal ( halloween ii )
Answer: It is","<s> Is the sentiment of following sentence exist or none?rosenthal ( halloween ii )
Answer: It is",,7087,2588
731,"<s> Is the sentiment of following sentence positive or negative?eclipses nearly everything else she 's ever done
Answer: It is","<s> Is the sentiment of following sentence exist or none?eclipses nearly everything else she 's ever done
Answer: It is",,5278,2588
732,"<s> Is the sentiment of following sentence positive or negative?zero
Answer: It is","<s> Is the sentiment of following sentence exist or none?zero
Answer: It is",,7087,2588
733,"<s> Is the sentiment of following sentence positive or negative?morality tale
Answer: It is","<s> Is the sentiment of following sentence exist or none?morality tale
Answer: It is",,5278,2588
734,"<s> Is the sentiment of following sentence positive or negative?is n't scary
Answer: It is","<s> Is the sentiment of following sentence exist or none?is n't scary
Answer: It is",,7087,2588
735,"<s> Is the sentiment of following sentence positive or negative?sharply comic
Answer: It is","<s> Is the sentiment of following sentence exist or none?sharply comic
Answer: It is",,5278,2588
736,"<s> Is the sentiment of following sentence positive or negative?know if it wants to be a retro-refitting exercise in campy recall for older fans or a silly , nickelodeon-esque kiddie flick
Answer: It is","<s> Is the sentiment of following sentence exist or none?know if it wants to be a retro-refitting exercise in campy recall for older fans or a silly , nickelodeon-esque kiddie flick
Answer: It is",,7087,2588
737,"<s> Is the sentiment of following sentence positive or negative?high-profile name
Answer: It is","<s> Is the sentiment of following sentence exist or none?high-profile name
Answer: It is",,5278,2588
738,"<s> Is the sentiment of following sentence positive or negative?, this is likely to cause massive cardiac arrest if taken in large doses .
Answer: It is","<s> Is the sentiment of following sentence exist or none?, this is likely to cause massive cardiac arrest if taken in large doses .
Answer: It is",,7087,2588
739,"<s> Is the sentiment of following sentence positive or negative?upsetting and thought-provoking
Answer: It is","<s> Is the sentiment of following sentence exist or none?upsetting and thought-provoking
Answer: It is",,5278,2588
740,"<s> Is the sentiment of following sentence positive or negative?is oedekerk 's realization of his childhood dream to be in a martial-arts flick , and proves that sometimes the dreams of youth should remain just that
Answer: It is","<s> Is the sentiment of following sentence exist or none?is oedekerk 's realization of his childhood dream to be in a martial-arts flick , and proves that sometimes the dreams of youth should remain just that
Answer: It is",,7087,2588
741,"<s> Is the sentiment of following sentence positive or negative?wiseman is patient and uncompromising , letting his camera observe and record the lives of women torn apart by a legacy of abuse
Answer: It is","<s> Is the sentiment of following sentence exist or none?wiseman is patient and uncompromising , letting his camera observe and record the lives of women torn apart by a legacy of abuse
Answer: It is",,5278,2588
742,"<s> Is the sentiment of following sentence positive or negative?runs 163 minutes
Answer: It is","<s> Is the sentiment of following sentence exist or none?runs 163 minutes
Answer: It is",,7087,2588
743,"<s> Is the sentiment of following sentence positive or negative?wiseman is patient and uncompromising , letting his camera observe and record the lives of women torn apart by a legacy of abuse .
Answer: It is","<s> Is the sentiment of following sentence exist or none?wiseman is patient and uncompromising , letting his camera observe and record the lives of women torn apart by a legacy of abuse .
Answer: It is",,5278,2588
744,"<s> Is the sentiment of following sentence positive or negative?collapse
Answer: It is","<s> Is the sentiment of following sentence exist or none?collapse
Answer: It is",,7087,2588
745,"<s> Is the sentiment of following sentence positive or negative?is just the sort for those moviegoers who complain that ` they do n't make movies like they used to anymore .
Answer: It is","<s> Is the sentiment of following sentence exist or none?is just the sort for those moviegoers who complain that ` they do n't make movies like they used to anymore .
Answer: It is",,5278,2588
746,"<s> Is the sentiment of following sentence positive or negative?what they see in each other also is difficult to fathom .
Answer: It is","<s> Is the sentiment of following sentence exist or none?what they see in each other also is difficult to fathom .
Answer: It is",,7087,2588
747,"<s> Is the sentiment of following sentence positive or negative?to be running on hypertime in reverse as the truly funny bits
Answer: It is","<s> Is the sentiment of following sentence exist or none?to be running on hypertime in reverse as the truly funny bits
Answer: It is",,5278,2588
748,"<s> Is the sentiment of following sentence positive or negative?a better satiric target
Answer: It is","<s> Is the sentiment of following sentence exist or none?a better satiric target
Answer: It is",,7087,2588
749,"<s> Is the sentiment of following sentence positive or negative?sixties-style slickness in which the hero might wind up
Answer: It is","<s> Is the sentiment of following sentence exist or none?sixties-style slickness in which the hero might wind up
Answer: It is",,5278,2588
750,"<s> Is the sentiment of following sentence positive or negative?cletis tout might inspire a trip to the video store -- in search of a better movie experience .
Answer: It is","<s> Is the sentiment of following sentence exist or none?cletis tout might inspire a trip to the video store -- in search of a better movie experience .
Answer: It is",,7087,2588
751,"<s> Is the sentiment of following sentence positive or negative?the upper echelons of the directing world
Answer: It is","<s> Is the sentiment of following sentence exist or none?the upper echelons of the directing world
Answer: It is",,5278,2588
752,"<s> Is the sentiment of following sentence positive or negative?'ve already seen city by the sea under a variety of titles
Answer: It is","<s> Is the sentiment of following sentence exist or none?'ve already seen city by the sea under a variety of titles
Answer: It is",,7087,2588
753,"<s> Is the sentiment of following sentence positive or negative?is greatness here .
Answer: It is","<s> Is the sentiment of following sentence exist or none?is greatness here .
Answer: It is",,5278,2588
754,"<s> Is the sentiment of following sentence positive or negative?the movie wavers between hallmark card sentimentality and goofy , life-affirming moments straight out of a cellular phone commercial .
Answer: It is","<s> Is the sentiment of following sentence exist or none?the movie wavers between hallmark card sentimentality and goofy , life-affirming moments straight out of a cellular phone commercial .
Answer: It is",,7087,2588
755,"<s> Is the sentiment of following sentence positive or negative?giant william randolph hearst
Answer: It is","<s> Is the sentiment of following sentence exist or none?giant william randolph hearst
Answer: It is",,5278,2588
756,"<s> Is the sentiment of following sentence positive or negative?experimental enough to alienate the mainstream audience while ringing cliched to hardened indie-heads
Answer: It is","<s> Is the sentiment of following sentence exist or none?experimental enough to alienate the mainstream audience while ringing cliched to hardened indie-heads
Answer: It is",,7087,2588
757,"<s> Is the sentiment of following sentence positive or negative?you actually buy into
Answer: It is","<s> Is the sentiment of following sentence exist or none?you actually buy into
Answer: It is",,5278,2588
758,"<s> Is the sentiment of following sentence positive or negative?full flush
Answer: It is","<s> Is the sentiment of following sentence exist or none?full flush
Answer: It is",,7087,2588
759,"<s> Is the sentiment of following sentence positive or negative?commanding
Answer: It is","<s> Is the sentiment of following sentence exist or none?commanding
Answer: It is",,5278,2588
760,"<s> Is the sentiment of following sentence positive or negative?obvious .
Answer: It is","<s> Is the sentiment of following sentence exist or none?obvious .
Answer: It is",,7087,2588
761,"<s> Is the sentiment of following sentence positive or negative?cinematic poetry showcases the city 's old-world charm before machines change nearly everything .
Answer: It is","<s> Is the sentiment of following sentence exist or none?cinematic poetry showcases the city 's old-world charm before machines change nearly everything .
Answer: It is",,5278,2588
762,"<s> Is the sentiment of following sentence positive or negative?owen wilson know a movie must have a story and a script ?
Answer: It is","<s> Is the sentiment of following sentence exist or none?owen wilson know a movie must have a story and a script ?
Answer: It is",,7087,2588
763,"<s> Is the sentiment of following sentence positive or negative?to forget that they are actually movie folk
Answer: It is","<s> Is the sentiment of following sentence exist or none?to forget that they are actually movie folk
Answer: It is",,5278,2588
764,"<s> Is the sentiment of following sentence positive or negative?a little too ponderous to work as shallow entertainment , not remotely incisive enough to qualify as drama , monsoon wedding serves mostly to whet one 's appetite for the bollywood films .
Answer: It is","<s> Is the sentiment of following sentence exist or none?a little too ponderous to work as shallow entertainment , not remotely incisive enough to qualify as drama , monsoon wedding serves mostly to whet one 's appetite for the bollywood films .
Answer: It is",,7087,2588
765,"<s> Is the sentiment of following sentence positive or negative?talk to her is not the perfect movie many have made it out to be , but it 's still quite worth seeing
Answer: It is","<s> Is the sentiment of following sentence exist or none?talk to her is not the perfect movie many have made it out to be , but it 's still quite worth seeing
Answer: It is",,5278,2588
766,"<s> Is the sentiment of following sentence positive or negative?i wanted more .
Answer: It is","<s> Is the sentiment of following sentence exist or none?i wanted more .
Answer: It is",,7087,2588
767,"<s> Is the sentiment of following sentence positive or negative?it is ok for a movie to be something of a sitcom apparatus , if the lines work , the humor has point
Answer: It is","<s> Is the sentiment of following sentence exist or none?it is ok for a movie to be something of a sitcom apparatus , if the lines work , the humor has point
Answer: It is",,5278,2588
768,"<s> Is the sentiment of following sentence positive or negative?is negated
Answer: It is","<s> Is the sentiment of following sentence exist or none?is negated
Answer: It is",,7087,2588
769,"<s> Is the sentiment of following sentence positive or negative?boll uses a lot of quick cutting and blurry step-printing to goose things up ,
Answer: It is","<s> Is the sentiment of following sentence exist or none?boll uses a lot of quick cutting and blurry step-printing to goose things up ,
Answer: It is",,5278,2588
770,"<s> Is the sentiment of following sentence positive or negative?summer fluff
Answer: It is","<s> Is the sentiment of following sentence exist or none?summer fluff
Answer: It is",,7087,2588
771,"<s> Is the sentiment of following sentence positive or negative?of motherhood deferred and desire
Answer: It is","<s> Is the sentiment of following sentence exist or none?of motherhood deferred and desire
Answer: It is",,5278,2588
772,"<s> Is the sentiment of following sentence positive or negative?of major acting lessons and maybe a little coffee
Answer: It is","<s> Is the sentiment of following sentence exist or none?of major acting lessons and maybe a little coffee
Answer: It is",,7087,2588
773,"<s> Is the sentiment of following sentence positive or negative?most romantic comedies
Answer: It is","<s> Is the sentiment of following sentence exist or none?most romantic comedies
Answer: It is",,5278,2588
774,"<s> Is the sentiment of following sentence positive or negative?is somehow guessable from the first few minutes ,
Answer: It is","<s> Is the sentiment of following sentence exist or none?is somehow guessable from the first few minutes ,
Answer: It is",,7087,2588
775,"<s> Is the sentiment of following sentence positive or negative?is grand-scale
Answer: It is","<s> Is the sentiment of following sentence exist or none?is grand-scale
Answer: It is",,5278,2588
776,"<s> Is the sentiment of following sentence positive or negative?been there done that
Answer: It is","<s> Is the sentiment of following sentence exist or none?been there done that
Answer: It is",,7087,2588
777,"<s> Is the sentiment of following sentence positive or negative?lamer instincts
Answer: It is","<s> Is the sentiment of following sentence exist or none?lamer instincts
Answer: It is",,5278,2588
778,"<s> Is the sentiment of following sentence positive or negative?actress-producer and writer
Answer: It is","<s> Is the sentiment of following sentence exist or none?actress-producer and writer
Answer: It is",,7087,2588
779,"<s> Is the sentiment of following sentence positive or negative?to ensnare its target audience .
Answer: It is","<s> Is the sentiment of following sentence exist or none?to ensnare its target audience .
Answer: It is",,5278,2588
780,"<s> Is the sentiment of following sentence positive or negative?, a lot of people wasted a lot of their time ( including mine ) on something very inconsequential .
Answer: It is","<s> Is the sentiment of following sentence exist or none?, a lot of people wasted a lot of their time ( including mine ) on something very inconsequential .
Answer: It is",,7087,2588
781,"<s> Is the sentiment of following sentence positive or negative?a compelling french psychological drama examining the encounter of an aloof father and his chilly son after 20 years apart .
Answer: It is","<s> Is the sentiment of following sentence exist or none?a compelling french psychological drama examining the encounter of an aloof father and his chilly son after 20 years apart .
Answer: It is",,5278,2588
782,"<s> Is the sentiment of following sentence positive or negative?stay with the stage versions
Answer: It is","<s> Is the sentiment of following sentence exist or none?stay with the stage versions
Answer: It is",,7087,2588
783,"<s> Is the sentiment of following sentence positive or negative?it is thought-provoking .
Answer: It is","<s> Is the sentiment of following sentence exist or none?it is thought-provoking .
Answer: It is",,5278,2588
784,"<s> Is the sentiment of following sentence positive or negative?drag audience enthusiasm
Answer: It is","<s> Is the sentiment of following sentence exist or none?drag audience enthusiasm
Answer: It is",,7087,2588
785,"<s> Is the sentiment of following sentence positive or negative?power-lunchers
Answer: It is","<s> Is the sentiment of following sentence exist or none?power-lunchers
Answer: It is",,5278,2588
786,"<s> Is the sentiment of following sentence positive or negative?an infomercial for ram dass 's latest book
Answer: It is","<s> Is the sentiment of following sentence exist or none?an infomercial for ram dass 's latest book
Answer: It is",,7087,2588
787,"<s> Is the sentiment of following sentence positive or negative?piercingly affecting ...
Answer: It is","<s> Is the sentiment of following sentence exist or none?piercingly affecting ...
Answer: It is",,5278,2588
788,"<s> Is the sentiment of following sentence positive or negative?, vulgar is , truly and thankfully , a one-of-a-kind work .
Answer: It is","<s> Is the sentiment of following sentence exist or none?, vulgar is , truly and thankfully , a one-of-a-kind work .
Answer: It is",,7087,2588
789,"<s> Is the sentiment of following sentence positive or negative?suitably anonymous chiller
Answer: It is","<s> Is the sentiment of following sentence exist or none?suitably anonymous chiller
Answer: It is",,5278,2588
790,"<s> Is the sentiment of following sentence positive or negative?gooeyness
Answer: It is","<s> Is the sentiment of following sentence exist or none?gooeyness
Answer: It is",,7087,2588
791,"<s> Is the sentiment of following sentence positive or negative?assured of the wrong things
Answer: It is","<s> Is the sentiment of following sentence exist or none?assured of the wrong things
Answer: It is",,5278,2588
792,"<s> Is the sentiment of following sentence positive or negative?imagine having more fun watching a documentary
Answer: It is","<s> Is the sentiment of following sentence exist or none?imagine having more fun watching a documentary
Answer: It is",,7087,2588
793,"<s> Is the sentiment of following sentence positive or negative?chasing who
Answer: It is","<s> Is the sentiment of following sentence exist or none?chasing who
Answer: It is",,5278,2588
794,"<s> Is the sentiment of following sentence positive or negative?it is n't scary .
Answer: It is","<s> Is the sentiment of following sentence exist or none?it is n't scary .
Answer: It is",,7087,2588
795,"<s> Is the sentiment of following sentence positive or negative?believable that you feel what they feel
Answer: It is","<s> Is the sentiment of following sentence exist or none?believable that you feel what they feel
Answer: It is",,5278,2588
796,"<s> Is the sentiment of following sentence positive or negative?a bittersweet contemporary comedy
Answer: It is","<s> Is the sentiment of following sentence exist or none?a bittersweet contemporary comedy
Answer: It is",,7087,2588
797,"<s> Is the sentiment of following sentence positive or negative?a compelling yarn , but not quite a ripping one .
Answer: It is","<s> Is the sentiment of following sentence exist or none?a compelling yarn , but not quite a ripping one .
Answer: It is",,5278,2588
798,"<s> Is the sentiment of following sentence positive or negative?sillier , not scarier
Answer: It is","<s> Is the sentiment of following sentence exist or none?sillier , not scarier
Answer: It is",,7087,2588
799,"<s> Is the sentiment of following sentence positive or negative?revisionist fancy
Answer: It is","<s> Is the sentiment of following sentence exist or none?revisionist fancy
Answer: It is",,5278,2588
800,"<s> Is the sentiment of following sentence positive or negative?farts , boobs ,
Answer: It is","<s> Is the sentiment of following sentence exist or none?farts , boobs ,
Answer: It is",,7087,2588
801,"<s> Is the sentiment of following sentence positive or negative?of a sick and evil woman
Answer: It is","<s> Is the sentiment of following sentence exist or none?of a sick and evil woman
Answer: It is",,5278,2588
802,"<s> Is the sentiment of following sentence positive or negative?the part where nothing 's happening , or the part where something 's happening
Answer: It is","<s> Is the sentiment of following sentence exist or none?the part where nothing 's happening , or the part where something 's happening
Answer: It is",,7087,2588
803,"<s> Is the sentiment of following sentence positive or negative?because of its heightened , well-shaped dramas ,
Answer: It is","<s> Is the sentiment of following sentence exist or none?because of its heightened , well-shaped dramas ,
Answer: It is",,5278,2588
804,"<s> Is the sentiment of following sentence positive or negative?in a standard plot
Answer: It is","<s> Is the sentiment of following sentence exist or none?in a standard plot
Answer: It is",,7087,2588
805,"<s> Is the sentiment of following sentence positive or negative?amused indictment
Answer: It is","<s> Is the sentiment of following sentence exist or none?amused indictment
Answer: It is",,5278,2588
806,"<s> Is the sentiment of following sentence positive or negative?summer-camp talent show
Answer: It is","<s> Is the sentiment of following sentence exist or none?summer-camp talent show
Answer: It is",,7087,2588
807,"<s> Is the sentiment of following sentence positive or negative?intoxicatingly sexy , violent , self-indulgent and maddening
Answer: It is","<s> Is the sentiment of following sentence exist or none?intoxicatingly sexy , violent , self-indulgent and maddening
Answer: It is",,5278,2588
808,"<s> Is the sentiment of following sentence positive or negative?neither as scary-funny as tremors nor demented-funny as starship troopers , the movie is n't tough to take as long as you 've paid a matinee price .
Answer: It is","<s> Is the sentiment of following sentence exist or none?neither as scary-funny as tremors nor demented-funny as starship troopers , the movie is n't tough to take as long as you 've paid a matinee price .
Answer: It is",,7087,2588
809,"<s> Is the sentiment of following sentence positive or negative?does all of this , and more , while remaining one of the most savagely hilarious social critics this side of jonathan swift
Answer: It is","<s> Is the sentiment of following sentence exist or none?does all of this , and more , while remaining one of the most savagely hilarious social critics this side of jonathan swift
Answer: It is",,5278,2588
810,"<s> Is the sentiment of following sentence positive or negative?of a legal thriller
Answer: It is","<s> Is the sentiment of following sentence exist or none?of a legal thriller
Answer: It is",,7087,2588
811,"<s> Is the sentiment of following sentence positive or negative?a satisfyingly unsettling ride
Answer: It is","<s> Is the sentiment of following sentence exist or none?a satisfyingly unsettling ride
Answer: It is",,5278,2588
812,"<s> Is the sentiment of following sentence positive or negative?sophomore effort
Answer: It is","<s> Is the sentiment of following sentence exist or none?sophomore effort
Answer: It is",,7087,2588
813,"<s> Is the sentiment of following sentence positive or negative?thoroughly winning flight of revisionist fancy
Answer: It is","<s> Is the sentiment of following sentence exist or none?thoroughly winning flight of revisionist fancy
Answer: It is",,5278,2588
814,"<s> Is the sentiment of following sentence positive or negative?sit in neutral
Answer: It is","<s> Is the sentiment of following sentence exist or none?sit in neutral
Answer: It is",,7087,2588
815,"<s> Is the sentiment of following sentence positive or negative?an actor this uncharismatically beautiful
Answer: It is","<s> Is the sentiment of following sentence exist or none?an actor this uncharismatically beautiful
Answer: It is",,5278,2588
816,"<s> Is the sentiment of following sentence positive or negative?like a surgeon mends a broken heart ; very meticulously but without any passion
Answer: It is","<s> Is the sentiment of following sentence exist or none?like a surgeon mends a broken heart ; very meticulously but without any passion
Answer: It is",,7087,2588
817,"<s> Is the sentiment of following sentence positive or negative?juliette binoche 's sand is vivacious , but it 's hard to sense that powerhouse of 19th-century prose behind her childlike smile .
Answer: It is","<s> Is the sentiment of following sentence exist or none?juliette binoche 's sand is vivacious , but it 's hard to sense that powerhouse of 19th-century prose behind her childlike smile .
Answer: It is",,5278,2588
818,"<s> Is the sentiment of following sentence positive or negative?is n't scary .
Answer: It is","<s> Is the sentiment of following sentence exist or none?is n't scary .
Answer: It is",,7087,2588
819,"<s> Is the sentiment of following sentence positive or negative?with results that are sometimes bracing , sometimes baffling and quite often , and
Answer: It is","<s> Is the sentiment of following sentence exist or none?with results that are sometimes bracing , sometimes baffling and quite often , and
Answer: It is",,5278,2588
820,"<s> Is the sentiment of following sentence positive or negative?virtually no aftertaste
Answer: It is","<s> Is the sentiment of following sentence exist or none?virtually no aftertaste
Answer: It is",,7087,2588
821,"<s> Is the sentiment of following sentence positive or negative?mentally `` superior '' friends
Answer: It is","<s> Is the sentiment of following sentence exist or none?mentally `` superior '' friends
Answer: It is",,5278,2588
822,"<s> Is the sentiment of following sentence positive or negative?'s rarely as entertaining as it could have been
Answer: It is","<s> Is the sentiment of following sentence exist or none?'s rarely as entertaining as it could have been
Answer: It is",,7087,2588
823,"<s> Is the sentiment of following sentence positive or negative?but kouyate elicits strong performances from his cast , and he delivers a powerful commentary on how governments lie , no matter who runs them .
Answer: It is","<s> Is the sentiment of following sentence exist or none?but kouyate elicits strong performances from his cast , and he delivers a powerful commentary on how governments lie , no matter who runs them .
Answer: It is",,5278,2588
824,"<s> Is the sentiment of following sentence positive or negative?blah
Answer: It is","<s> Is the sentiment of following sentence exist or none?blah
Answer: It is",,7087,2588
825,"<s> Is the sentiment of following sentence positive or negative?of wit or charm
Answer: It is","<s> Is the sentiment of following sentence exist or none?of wit or charm
Answer: It is",,5278,2588
826,"<s> Is the sentiment of following sentence positive or negative?arnold schwarzenegger
Answer: It is","<s> Is the sentiment of following sentence exist or none?arnold schwarzenegger
Answer: It is",,7087,2588
827,"<s> Is the sentiment of following sentence positive or negative?always fairly
Answer: It is","<s> Is the sentiment of following sentence exist or none?always fairly
Answer: It is",,5278,2588
828,"<s> Is the sentiment of following sentence positive or negative?` science fiction ' takes advantage of the fact that its intended audience has n't yet had much science
Answer: It is","<s> Is the sentiment of following sentence exist or none?` science fiction ' takes advantage of the fact that its intended audience has n't yet had much science
Answer: It is",,7087,2588
829,"<s> Is the sentiment of following sentence positive or negative?in the art of impossible disappearing/reappearing acts
Answer: It is","<s> Is the sentiment of following sentence exist or none?in the art of impossible disappearing/reappearing acts
Answer: It is",,5278,2588
830,"<s> Is the sentiment of following sentence positive or negative?instantly know whodunit
Answer: It is","<s> Is the sentiment of following sentence exist or none?instantly know whodunit
Answer: It is",,7087,2588
831,"<s> Is the sentiment of following sentence positive or negative?easily become a cold , calculated exercise in postmodern pastiche winds up a powerful and deeply moving example of melodramatic moviemaking
Answer: It is","<s> Is the sentiment of following sentence exist or none?easily become a cold , calculated exercise in postmodern pastiche winds up a powerful and deeply moving example of melodramatic moviemaking
Answer: It is",,5278,2588
832,"<s> Is the sentiment of following sentence positive or negative?more like a travel-agency video targeted at people who like to ride bikes
Answer: It is","<s> Is the sentiment of following sentence exist or none?more like a travel-agency video targeted at people who like to ride bikes
Answer: It is",,7087,2588
833,"<s> Is the sentiment of following sentence positive or negative?does manage to make a few points about modern man and his problematic quest for human connection
Answer: It is","<s> Is the sentiment of following sentence exist or none?does manage to make a few points about modern man and his problematic quest for human connection
Answer: It is",,5278,2588
834,"<s> Is the sentiment of following sentence positive or negative?with minimal imagination , you could restage the whole thing in your bathtub .
Answer: It is","<s> Is the sentiment of following sentence exist or none?with minimal imagination , you could restage the whole thing in your bathtub .
Answer: It is",,7087,2588
835,"<s> Is the sentiment of following sentence positive or negative?once playful and haunting ,
Answer: It is","<s> Is the sentiment of following sentence exist or none?once playful and haunting ,
Answer: It is",,5278,2588
836,"<s> Is the sentiment of following sentence positive or negative?despite the mild hallucinogenic buzz
Answer: It is","<s> Is the sentiment of following sentence exist or none?despite the mild hallucinogenic buzz
Answer: It is",,7087,2588
837,"<s> Is the sentiment of following sentence positive or negative?establishes its ominous mood and tension
Answer: It is","<s> Is the sentiment of following sentence exist or none?establishes its ominous mood and tension
Answer: It is",,5278,2588
838,"<s> Is the sentiment of following sentence positive or negative?fluffy and disposible .
Answer: It is","<s> Is the sentiment of following sentence exist or none?fluffy and disposible .
Answer: It is",,7087,2588
839,"<s> Is the sentiment of following sentence positive or negative?from a deceptively simple premise , this deeply moving french drama develops a startling story that works both as a detailed personal portrait and as a rather frightening examination of modern times .
Answer: It is","<s> Is the sentiment of following sentence exist or none?from a deceptively simple premise , this deeply moving french drama develops a startling story that works both as a detailed personal portrait and as a rather frightening examination of modern times .
Answer: It is",,5278,2588
840,"<s> Is the sentiment of following sentence positive or negative?tense
Answer: It is","<s> Is the sentiment of following sentence exist or none?tense
Answer: It is",,7087,2588
841,"<s> Is the sentiment of following sentence positive or negative?spend with these people
Answer: It is","<s> Is the sentiment of following sentence exist or none?spend with these people
Answer: It is",,5278,2588
842,"<s> Is the sentiment of following sentence positive or negative?elaborate and twisted characters
Answer: It is","<s> Is the sentiment of following sentence exist or none?elaborate and twisted characters
Answer: It is",,7087,2588
843,"<s> Is the sentiment of following sentence positive or negative?devotees of star trek ii : the wrath of khan will feel a nagging sense of deja vu , and
Answer: It is","<s> Is the sentiment of following sentence exist or none?devotees of star trek ii : the wrath of khan will feel a nagging sense of deja vu , and
Answer: It is",,5278,2588
844,"<s> Is the sentiment of following sentence positive or negative?unstinting
Answer: It is","<s> Is the sentiment of following sentence exist or none?unstinting
Answer: It is",,7087,2588
845,"<s> Is the sentiment of following sentence positive or negative?impresses as a skillfully assembled , highly polished and professional adaptation ... just about as chilling and unsettling as ` manhunter '
Answer: It is","<s> Is the sentiment of following sentence exist or none?impresses as a skillfully assembled , highly polished and professional adaptation ... just about as chilling and unsettling as ` manhunter '
Answer: It is",,5278,2588
846,"<s> Is the sentiment of following sentence positive or negative?glucose sentimentality and
Answer: It is","<s> Is the sentiment of following sentence exist or none?glucose sentimentality and
Answer: It is",,7087,2588
847,"<s> Is the sentiment of following sentence positive or negative?laugh their *** off
Answer: It is","<s> Is the sentiment of following sentence exist or none?laugh their *** off
Answer: It is",,5278,2588
848,"<s> Is the sentiment of following sentence positive or negative?, vaguely silly overkill
Answer: It is","<s> Is the sentiment of following sentence exist or none?, vaguely silly overkill
Answer: It is",,7087,2588
849,"<s> Is the sentiment of following sentence positive or negative?a sense of dramatic urgency
Answer: It is","<s> Is the sentiment of following sentence exist or none?a sense of dramatic urgency
Answer: It is",,5278,2588
850,"<s> Is the sentiment of following sentence positive or negative?if the predictability of bland comfort food appeals to you , then the film is a pleasant enough dish .
Answer: It is","<s> Is the sentiment of following sentence exist or none?if the predictability of bland comfort food appeals to you , then the film is a pleasant enough dish .
Answer: It is",,7087,2588
851,"<s> Is the sentiment of following sentence positive or negative?starts as an intense political and psychological thriller
Answer: It is","<s> Is the sentiment of following sentence exist or none?starts as an intense political and psychological thriller
Answer: It is",,5278,2588
852,"<s> Is the sentiment of following sentence positive or negative?studio hack
Answer: It is","<s> Is the sentiment of following sentence exist or none?studio hack
Answer: It is",,7087,2588
853,"<s> Is the sentiment of following sentence positive or negative?starts promisingly
Answer: It is","<s> Is the sentiment of following sentence exist or none?starts promisingly
Answer: It is",,5278,2588
854,"<s> Is the sentiment of following sentence positive or negative?good to speak about other than the fact that it is relatively short
Answer: It is","<s> Is the sentiment of following sentence exist or none?good to speak about other than the fact that it is relatively short
Answer: It is",,7087,2588
855,"<s> Is the sentiment of following sentence positive or negative?scare the pants
Answer: It is","<s> Is the sentiment of following sentence exist or none?scare the pants
Answer: It is",,5278,2588
856,"<s> Is the sentiment of following sentence positive or negative?a trend
Answer: It is","<s> Is the sentiment of following sentence exist or none?a trend
Answer: It is",,7087,2588
857,"<s> Is the sentiment of following sentence positive or negative?convince almost everyone that it was put on the screen , just for them
Answer: It is","<s> Is the sentiment of following sentence exist or none?convince almost everyone that it was put on the screen , just for them
Answer: It is",,5278,2588
858,"<s> Is the sentiment of following sentence positive or negative?translation : ` we do n't need to try very hard .
Answer: It is","<s> Is the sentiment of following sentence exist or none?translation : ` we do n't need to try very hard .
Answer: It is",,7087,2588
859,"<s> Is the sentiment of following sentence positive or negative?that any art-house moviegoer is likely to find compelling
Answer: It is","<s> Is the sentiment of following sentence exist or none?that any art-house moviegoer is likely to find compelling
Answer: It is",,5278,2588
860,"<s> Is the sentiment of following sentence positive or negative?88-minute highlight reel
Answer: It is","<s> Is the sentiment of following sentence exist or none?88-minute highlight reel
Answer: It is",,7087,2588
861,"<s> Is the sentiment of following sentence positive or negative?shows holmes has the screen presence to become a major-league leading lady , ( but ) the movie itself is an underachiever , a psychological mystery that takes its sweet time building to a climax that 's scarcely a surprise by the time it arrives
Answer: It is","<s> Is the sentiment of following sentence exist or none?shows holmes has the screen presence to become a major-league leading lady , ( but ) the movie itself is an underachiever , a psychological mystery that takes its sweet time building to a climax that 's scarcely a surprise by the time it arrives
Answer: It is",,5278,2588
862,"<s> Is the sentiment of following sentence positive or negative?f
Answer: It is","<s> Is the sentiment of following sentence exist or none?f
Answer: It is",,7087,2588
863,"<s> Is the sentiment of following sentence positive or negative?between flaccid satire and what
Answer: It is","<s> Is the sentiment of following sentence exist or none?between flaccid satire and what
Answer: It is",,5278,2588
864,"<s> Is the sentiment of following sentence positive or negative?plays like clueless does south fork .
Answer: It is","<s> Is the sentiment of following sentence exist or none?plays like clueless does south fork .
Answer: It is",,7087,2588
865,"<s> Is the sentiment of following sentence positive or negative?fulfill its own ambitious goals
Answer: It is","<s> Is the sentiment of following sentence exist or none?fulfill its own ambitious goals
Answer: It is",,5278,2588
866,"<s> Is the sentiment of following sentence positive or negative?is n't
Answer: It is","<s> Is the sentiment of following sentence exist or none?is n't
Answer: It is",,7087,2588
867,"<s> Is the sentiment of following sentence positive or negative?that will stimulate hours of post viewing discussion , if only to be reminded of who did what to whom and why
Answer: It is","<s> Is the sentiment of following sentence exist or none?that will stimulate hours of post viewing discussion , if only to be reminded of who did what to whom and why
Answer: It is",,5278,2588
868,"<s> Is the sentiment of following sentence positive or negative?life , hand gestures , and
Answer: It is","<s> Is the sentiment of following sentence exist or none?life , hand gestures , and
Answer: It is",,7087,2588
869,"<s> Is the sentiment of following sentence positive or negative?enough to make you put away the guitar , sell the amp , and apply to medical school
Answer: It is","<s> Is the sentiment of following sentence exist or none?enough to make you put away the guitar , sell the amp , and apply to medical school
Answer: It is",,5278,2588
870,"<s> Is the sentiment of following sentence positive or negative?in other words , it 's just another sports drama/character study .
Answer: It is","<s> Is the sentiment of following sentence exist or none?in other words , it 's just another sports drama/character study .
Answer: It is",,7087,2588
871,"<s> Is the sentiment of following sentence positive or negative?every moment crackles with tension
Answer: It is","<s> Is the sentiment of following sentence exist or none?every moment crackles with tension
Answer: It is",,5278,2588
872,"<s> Is the sentiment of following sentence positive or negative?instead of using george and lucy 's most obvious differences to ignite sparks , lawrence desperately looks elsewhere , seizing on george 's haplessness and lucy 's personality tics .
Answer: It is","<s> Is the sentiment of following sentence exist or none?instead of using george and lucy 's most obvious differences to ignite sparks , lawrence desperately looks elsewhere , seizing on george 's haplessness and lucy 's personality tics .
Answer: It is",,7087,2588
873,"<s> Is the sentiment of following sentence positive or negative?a terrible strength
Answer: It is","<s> Is the sentiment of following sentence exist or none?a terrible strength
Answer: It is",,5278,2588
874,"<s> Is the sentiment of following sentence positive or negative?if i want a real movie , i 'll buy the criterion dvd .
Answer: It is","<s> Is the sentiment of following sentence exist or none?if i want a real movie , i 'll buy the criterion dvd .
Answer: It is",,7087,2588
875,"<s> Is the sentiment of following sentence positive or negative?whose legacy had begun to bronze
Answer: It is","<s> Is the sentiment of following sentence exist or none?whose legacy had begun to bronze
Answer: It is",,5278,2588
876,"<s> Is the sentiment of following sentence positive or negative?wildly incompetent but brilliantly named half past dead -- or for seagal pessimists :
Answer: It is","<s> Is the sentiment of following sentence exist or none?wildly incompetent but brilliantly named half past dead -- or for seagal pessimists :
Answer: It is",,7087,2588
877,"<s> Is the sentiment of following sentence positive or negative?without placing their parents in a coma-like state
Answer: It is","<s> Is the sentiment of following sentence exist or none?without placing their parents in a coma-like state
Answer: It is",,5278,2588
878,"<s> Is the sentiment of following sentence positive or negative?piccoli
Answer: It is","<s> Is the sentiment of following sentence exist or none?piccoli
Answer: It is",,7087,2588
879,"<s> Is the sentiment of following sentence positive or negative?is a pleasant enough dish
Answer: It is","<s> Is the sentiment of following sentence exist or none?is a pleasant enough dish
Answer: It is",,5278,2588
880,"<s> Is the sentiment of following sentence positive or negative?romantic/comedy asks the question how much souvlaki can you take before indigestion sets in .
Answer: It is","<s> Is the sentiment of following sentence exist or none?romantic/comedy asks the question how much souvlaki can you take before indigestion sets in .
Answer: It is",,7087,2588
881,"<s> Is the sentiment of following sentence positive or negative?this movie has the usual impossible stunts ...
Answer: It is","<s> Is the sentiment of following sentence exist or none?this movie has the usual impossible stunts ...
Answer: It is",,5278,2588
882,"<s> Is the sentiment of following sentence positive or negative?utter mush
Answer: It is","<s> Is the sentiment of following sentence exist or none?utter mush
Answer: It is",,7087,2588
883,"<s> Is the sentiment of following sentence positive or negative?provocative stuff
Answer: It is","<s> Is the sentiment of following sentence exist or none?provocative stuff
Answer: It is",,5278,2588
884,"<s> Is the sentiment of following sentence positive or negative?i think is supposed to be an attempt at hardass american but sometimes just lapses into unhidden british
Answer: It is","<s> Is the sentiment of following sentence exist or none?i think is supposed to be an attempt at hardass american but sometimes just lapses into unhidden british
Answer: It is",,7087,2588
885,"<s> Is the sentiment of following sentence positive or negative?originality in ` life ' to distance it from the pack of paint-by-number romantic comedies
Answer: It is","<s> Is the sentiment of following sentence exist or none?originality in ` life ' to distance it from the pack of paint-by-number romantic comedies
Answer: It is",,5278,2588
886,"<s> Is the sentiment of following sentence positive or negative?wildly incompetent but brilliantly named half past dead -- or for seagal
Answer: It is","<s> Is the sentiment of following sentence exist or none?wildly incompetent but brilliantly named half past dead -- or for seagal
Answer: It is",,7087,2588
887,"<s> Is the sentiment of following sentence positive or negative?great crimes
Answer: It is","<s> Is the sentiment of following sentence exist or none?great crimes
Answer: It is",,5278,2588
888,"<s> Is the sentiment of following sentence positive or negative?viewers are asked so often to suspend belief that were it not for holm 's performance
Answer: It is","<s> Is the sentiment of following sentence exist or none?viewers are asked so often to suspend belief that were it not for holm 's performance
Answer: It is",,7087,2588
889,"<s> Is the sentiment of following sentence positive or negative?perhaps it 's cliche to call the film ` refreshing , ' but it is
Answer: It is","<s> Is the sentiment of following sentence exist or none?perhaps it 's cliche to call the film ` refreshing , ' but it is
Answer: It is",,5278,2588
890,"<s> Is the sentiment of following sentence positive or negative?is left slightly unfulfilled
Answer: It is","<s> Is the sentiment of following sentence exist or none?is left slightly unfulfilled
Answer: It is",,7087,2588
891,"<s> Is the sentiment of following sentence positive or negative?vonnegut
Answer: It is","<s> Is the sentiment of following sentence exist or none?vonnegut
Answer: It is",,5278,2588
892,"<s> Is the sentiment of following sentence positive or negative?guessable from the first few minutes
Answer: It is","<s> Is the sentiment of following sentence exist or none?guessable from the first few minutes
Answer: It is",,7087,2588
893,"<s> Is the sentiment of following sentence positive or negative?these two literary figures , and even the times
Answer: It is","<s> Is the sentiment of following sentence exist or none?these two literary figures , and even the times
Answer: It is",,5278,2588
894,"<s> Is the sentiment of following sentence positive or negative?do n't mind crappy movies as much as adults , provided there 's lots of cute animals and clumsy people
Answer: It is","<s> Is the sentiment of following sentence exist or none?do n't mind crappy movies as much as adults , provided there 's lots of cute animals and clumsy people
Answer: It is",,7087,2588
895,"<s> Is the sentiment of following sentence positive or negative?, sum up the strange horror of life in the new millennium
Answer: It is","<s> Is the sentiment of following sentence exist or none?, sum up the strange horror of life in the new millennium
Answer: It is",,5278,2588
896,"<s> Is the sentiment of following sentence positive or negative?others in its genre in that it is does not rely on dumb gags , anatomical humor , or character cliches
Answer: It is","<s> Is the sentiment of following sentence exist or none?others in its genre in that it is does not rely on dumb gags , anatomical humor , or character cliches
Answer: It is",,7087,2588
897,"<s> Is the sentiment of following sentence positive or negative?it 's tremendously moving
Answer: It is","<s> Is the sentiment of following sentence exist or none?it 's tremendously moving
Answer: It is",,5278,2588
898,"<s> Is the sentiment of following sentence positive or negative?genial-rogue shtick
Answer: It is","<s> Is the sentiment of following sentence exist or none?genial-rogue shtick
Answer: It is",,7087,2588
899,"<s> Is the sentiment of following sentence positive or negative?achingly honest and
Answer: It is","<s> Is the sentiment of following sentence exist or none?achingly honest and
Answer: It is",,5278,2588
900,"<s> Is the sentiment of following sentence positive or negative?an 8-year-old channeling roberto benigni
Answer: It is","<s> Is the sentiment of following sentence exist or none?an 8-year-old channeling roberto benigni
Answer: It is",,7087,2588
901,"<s> Is the sentiment of following sentence positive or negative?treating female follies
Answer: It is","<s> Is the sentiment of following sentence exist or none?treating female follies
Answer: It is",,5278,2588
902,"<s> Is the sentiment of following sentence positive or negative?shanghai ghetto may not be as dramatic as roman polanski 's the pianist , but
Answer: It is","<s> Is the sentiment of following sentence exist or none?shanghai ghetto may not be as dramatic as roman polanski 's the pianist , but
Answer: It is",,7087,2588
903,"<s> Is the sentiment of following sentence positive or negative?more than makes up for in drama , suspense , revenge , and romance .
Answer: It is","<s> Is the sentiment of following sentence exist or none?more than makes up for in drama , suspense , revenge , and romance .
Answer: It is",,5278,2588
904,"<s> Is the sentiment of following sentence positive or negative?the script ?
Answer: It is","<s> Is the sentiment of following sentence exist or none?the script ?
Answer: It is",,7087,2588
905,"<s> Is the sentiment of following sentence positive or negative?unparalleled proportions
Answer: It is","<s> Is the sentiment of following sentence exist or none?unparalleled proportions
Answer: It is",,5278,2588
906,"<s> Is the sentiment of following sentence positive or negative?subtle direction
Answer: It is","<s> Is the sentiment of following sentence exist or none?subtle direction
Answer: It is",,7087,2588
907,"<s> Is the sentiment of following sentence positive or negative?cultural elite
Answer: It is","<s> Is the sentiment of following sentence exist or none?cultural elite
Answer: It is",,5278,2588
908,"<s> Is the sentiment of following sentence positive or negative?had so much fun dissing the film that they did n't mind the ticket cost
Answer: It is","<s> Is the sentiment of following sentence exist or none?had so much fun dissing the film that they did n't mind the ticket cost
Answer: It is",,7087,2588
909,"<s> Is the sentiment of following sentence positive or negative?its objective portrait
Answer: It is","<s> Is the sentiment of following sentence exist or none?its objective portrait
Answer: It is",,5278,2588
910,"<s> Is the sentiment of following sentence positive or negative?inoffensive
Answer: It is","<s> Is the sentiment of following sentence exist or none?inoffensive
Answer: It is",,7087,2588
911,"<s> Is the sentiment of following sentence positive or negative?the condition of art
Answer: It is","<s> Is the sentiment of following sentence exist or none?the condition of art
Answer: It is",,5278,2588
912,"<s> Is the sentiment of following sentence positive or negative?cyndi lauper
Answer: It is","<s> Is the sentiment of following sentence exist or none?cyndi lauper
Answer: It is",,7087,2588
913,"<s> Is the sentiment of following sentence positive or negative?it more than makes up for in drama , suspense , revenge , and romance .
Answer: It is","<s> Is the sentiment of following sentence exist or none?it more than makes up for in drama , suspense , revenge , and romance .
Answer: It is",,5278,2588
914,"<s> Is the sentiment of following sentence positive or negative?sparse
Answer: It is","<s> Is the sentiment of following sentence exist or none?sparse
Answer: It is",,7087,2588
915,"<s> Is the sentiment of following sentence positive or negative?relies on subtle ironies and visual devices to convey point of view .
Answer: It is","<s> Is the sentiment of following sentence exist or none?relies on subtle ironies and visual devices to convey point of view .
Answer: It is",,5278,2588
916,"<s> Is the sentiment of following sentence positive or negative?a script ( by paul pender ) made of wood
Answer: It is","<s> Is the sentiment of following sentence exist or none?a script ( by paul pender ) made of wood
Answer: It is",,7087,2588
917,"<s> Is the sentiment of following sentence positive or negative?shows excess in business and pleasure
Answer: It is","<s> Is the sentiment of following sentence exist or none?shows excess in business and pleasure
Answer: It is",,5278,2588
918,"<s> Is the sentiment of following sentence positive or negative?locales
Answer: It is","<s> Is the sentiment of following sentence exist or none?locales
Answer: It is",,7087,2588
919,"<s> Is the sentiment of following sentence positive or negative?succeeds primarily with her typical blend of unsettling atmospherics , delivering a series of abrasive , stylized sequences that burn themselves upon the viewer 's memory
Answer: It is","<s> Is the sentiment of following sentence exist or none?succeeds primarily with her typical blend of unsettling atmospherics , delivering a series of abrasive , stylized sequences that burn themselves upon the viewer 's memory
Answer: It is",,5278,2588
920,"<s> Is the sentiment of following sentence positive or negative?( or worth rooting against , for that matter )
Answer: It is","<s> Is the sentiment of following sentence exist or none?( or worth rooting against , for that matter )
Answer: It is",,7087,2588
921,"<s> Is the sentiment of following sentence positive or negative?succeeds as a powerful look at a failure of our justice system .
Answer: It is","<s> Is the sentiment of following sentence exist or none?succeeds as a powerful look at a failure of our justice system .
Answer: It is",,5278,2588
922,"<s> Is the sentiment of following sentence positive or negative?marginal
Answer: It is","<s> Is the sentiment of following sentence exist or none?marginal
Answer: It is",,7087,2588
923,"<s> Is the sentiment of following sentence positive or negative?poignant if familiar story of a young person
Answer: It is","<s> Is the sentiment of following sentence exist or none?poignant if familiar story of a young person
Answer: It is",,5278,2588
924,"<s> Is the sentiment of following sentence positive or negative?leavened by a charm that 's conspicuously missing from the girls ' big-screen blowout
Answer: It is","<s> Is the sentiment of following sentence exist or none?leavened by a charm that 's conspicuously missing from the girls ' big-screen blowout
Answer: It is",,7087,2588
925,"<s> Is the sentiment of following sentence positive or negative?keep grown-ups from squirming in their seats
Answer: It is","<s> Is the sentiment of following sentence exist or none?keep grown-ups from squirming in their seats
Answer: It is",,5278,2588
926,"<s> Is the sentiment of following sentence positive or negative?no-surprise series
Answer: It is","<s> Is the sentiment of following sentence exist or none?no-surprise series
Answer: It is",,7087,2588
927,"<s> Is the sentiment of following sentence positive or negative?fairly basic comedic constructs
Answer: It is","<s> Is the sentiment of following sentence exist or none?fairly basic comedic constructs
Answer: It is",,5278,2588
928,"<s> Is the sentiment of following sentence positive or negative?bore most audiences into their own brightly colored dreams .
Answer: It is","<s> Is the sentiment of following sentence exist or none?bore most audiences into their own brightly colored dreams .
Answer: It is",,7087,2588
929,"<s> Is the sentiment of following sentence positive or negative?observations on the human condition
Answer: It is","<s> Is the sentiment of following sentence exist or none?observations on the human condition
Answer: It is",,5278,2588
930,"<s> Is the sentiment of following sentence positive or negative?there 's no conversion effort ,
Answer: It is","<s> Is the sentiment of following sentence exist or none?there 's no conversion effort ,
Answer: It is",,7087,2588
931,"<s> Is the sentiment of following sentence positive or negative?unearth the quaking essence of passion , grief and fear
Answer: It is","<s> Is the sentiment of following sentence exist or none?unearth the quaking essence of passion , grief and fear
Answer: It is",,5278,2588
932,"<s> Is the sentiment of following sentence positive or negative?we started to wonder if ... some unpaid intern had just typed ` chris rock , ' ` anthony hopkins ' and ` terrorists ' into some univac-like script machine
Answer: It is","<s> Is the sentiment of following sentence exist or none?we started to wonder if ... some unpaid intern had just typed ` chris rock , ' ` anthony hopkins ' and ` terrorists ' into some univac-like script machine
Answer: It is",,7087,2588
933,"<s> Is the sentiment of following sentence positive or negative?of this laughable dialogue
Answer: It is","<s> Is the sentiment of following sentence exist or none?of this laughable dialogue
Answer: It is",,5278,2588
934,"<s> Is the sentiment of following sentence positive or negative?gedeck ,
Answer: It is","<s> Is the sentiment of following sentence exist or none?gedeck ,
Answer: It is",,7087,2588
935,"<s> Is the sentiment of following sentence positive or negative?really a true `` us '' versus `` them ''
Answer: It is","<s> Is the sentiment of following sentence exist or none?really a true `` us '' versus `` them ''
Answer: It is",,5278,2588
936,"<s> Is the sentiment of following sentence positive or negative?of a copenhagen neighborhood coping with the befuddling complications life
Answer: It is","<s> Is the sentiment of following sentence exist or none?of a copenhagen neighborhood coping with the befuddling complications life
Answer: It is",,7087,2588
937,"<s> Is the sentiment of following sentence positive or negative?the numerous scenes of gory mayhem are worth the price of admission ... if `` gory mayhem '' is your idea of a good time
Answer: It is","<s> Is the sentiment of following sentence exist or none?the numerous scenes of gory mayhem are worth the price of admission ... if `` gory mayhem '' is your idea of a good time
Answer: It is",,5278,2588
938,"<s> Is the sentiment of following sentence positive or negative?realistically nuanced a robert de niro performance can be when he is not more lucratively engaged in the shameless self-caricature of ` analyze this ' ( 1999 ) and ` analyze that , ' promised ( or threatened ) for later this year
Answer: It is","<s> Is the sentiment of following sentence exist or none?realistically nuanced a robert de niro performance can be when he is not more lucratively engaged in the shameless self-caricature of ` analyze this ' ( 1999 ) and ` analyze that , ' promised ( or threatened ) for later this year
Answer: It is",,7087,2588
939,"<s> Is the sentiment of following sentence positive or negative?its greatest play
Answer: It is","<s> Is the sentiment of following sentence exist or none?its greatest play
Answer: It is",,5278,2588
940,"<s> Is the sentiment of following sentence positive or negative?acted ... but
Answer: It is","<s> Is the sentiment of following sentence exist or none?acted ... but
Answer: It is",,7087,2588
941,"<s> Is the sentiment of following sentence positive or negative?the film itself is about something very interesting and odd that
Answer: It is","<s> Is the sentiment of following sentence exist or none?the film itself is about something very interesting and odd that
Answer: It is",,5278,2588
942,"<s> Is the sentiment of following sentence positive or negative?has all the trappings of an energetic , extreme-sports adventure , but ends up more of a creaky `` pretty woman '' retread , with the emphasis on self-empowering schmaltz and big-wave surfing that gives pic its title an afterthought
Answer: It is","<s> Is the sentiment of following sentence exist or none?has all the trappings of an energetic , extreme-sports adventure , but ends up more of a creaky `` pretty woman '' retread , with the emphasis on self-empowering schmaltz and big-wave surfing that gives pic its title an afterthought
Answer: It is",,7087,2588
943,"<s> Is the sentiment of following sentence positive or negative?the author 's devotees will probably find it fascinating ;
Answer: It is","<s> Is the sentiment of following sentence exist or none?the author 's devotees will probably find it fascinating ;
Answer: It is",,5278,2588
944,"<s> Is the sentiment of following sentence positive or negative?retread , with the emphasis on self-empowering schmaltz and big-wave surfing that gives pic its title an afterthought
Answer: It is","<s> Is the sentiment of following sentence exist or none?retread , with the emphasis on self-empowering schmaltz and big-wave surfing that gives pic its title an afterthought
Answer: It is",,7087,2588
945,"<s> Is the sentiment of following sentence positive or negative?a monster movie
Answer: It is","<s> Is the sentiment of following sentence exist or none?a monster movie
Answer: It is",,5278,2588
946,"<s> Is the sentiment of following sentence positive or negative?in this case zero .
Answer: It is","<s> Is the sentiment of following sentence exist or none?in this case zero .
Answer: It is",,7087,2588
947,"<s> Is the sentiment of following sentence positive or negative?human nature
Answer: It is","<s> Is the sentiment of following sentence exist or none?human nature
Answer: It is",,5278,2588
948,"<s> Is the sentiment of following sentence positive or negative?is n't as weird as it ought to be .
Answer: It is","<s> Is the sentiment of following sentence exist or none?is n't as weird as it ought to be .
Answer: It is",,7087,2588
949,"<s> Is the sentiment of following sentence positive or negative?too goodly ,
Answer: It is","<s> Is the sentiment of following sentence exist or none?too goodly ,
Answer: It is",,5278,2588
950,"<s> Is the sentiment of following sentence positive or negative?scratching your head than hiding under your seat
Answer: It is","<s> Is the sentiment of following sentence exist or none?scratching your head than hiding under your seat
Answer: It is",,7087,2588
951,"<s> Is the sentiment of following sentence positive or negative?this movie loves women at all
Answer: It is","<s> Is the sentiment of following sentence exist or none?this movie loves women at all
Answer: It is",,5278,2588
952,"<s> Is the sentiment of following sentence positive or negative?challenges
Answer: It is","<s> Is the sentiment of following sentence exist or none?challenges
Answer: It is",,7087,2588
953,"<s> Is the sentiment of following sentence positive or negative?much to absorb and even more to think about after the final frame
Answer: It is","<s> Is the sentiment of following sentence exist or none?much to absorb and even more to think about after the final frame
Answer: It is",,5278,2588
954,"<s> Is the sentiment of following sentence positive or negative?throws quirky characters , odd situations , and off-kilter dialogue
Answer: It is","<s> Is the sentiment of following sentence exist or none?throws quirky characters , odd situations , and off-kilter dialogue
Answer: It is",,7087,2588
955,"<s> Is the sentiment of following sentence positive or negative?on a pedestal
Answer: It is","<s> Is the sentiment of following sentence exist or none?on a pedestal
Answer: It is",,5278,2588
956,"<s> Is the sentiment of following sentence positive or negative?emotionally malleable
Answer: It is","<s> Is the sentiment of following sentence exist or none?emotionally malleable
Answer: It is",,7087,2588
957,"<s> Is the sentiment of following sentence positive or negative?takes hold and grips hard
Answer: It is","<s> Is the sentiment of following sentence exist or none?takes hold and grips hard
Answer: It is",,5278,2588
958,"<s> Is the sentiment of following sentence positive or negative?a fat man 's navel
Answer: It is","<s> Is the sentiment of following sentence exist or none?a fat man 's navel
Answer: It is",,7087,2588
959,"<s> Is the sentiment of following sentence positive or negative?wants to break free of her old life
Answer: It is","<s> Is the sentiment of following sentence exist or none?wants to break free of her old life
Answer: It is",,5278,2588
960,"<s> Is the sentiment of following sentence positive or negative?if you can push on through the slow spots
Answer: It is","<s> Is the sentiment of following sentence exist or none?if you can push on through the slow spots
Answer: It is",,7087,2588
961,"<s> Is the sentiment of following sentence positive or negative?an unsettling , memorable cinematic experience that
Answer: It is","<s> Is the sentiment of following sentence exist or none?an unsettling , memorable cinematic experience that
Answer: It is",,5278,2588
962,"<s> Is the sentiment of following sentence positive or negative?like life on the island
Answer: It is","<s> Is the sentiment of following sentence exist or none?like life on the island
Answer: It is",,7087,2588
963,"<s> Is the sentiment of following sentence positive or negative?is somewhat entertaining
Answer: It is","<s> Is the sentiment of following sentence exist or none?is somewhat entertaining
Answer: It is",,5278,2588
964,"<s> Is the sentiment of following sentence positive or negative?starts as a tart little lemon drop of a movie
Answer: It is","<s> Is the sentiment of following sentence exist or none?starts as a tart little lemon drop of a movie
Answer: It is",,7087,2588
965,"<s> Is the sentiment of following sentence positive or negative?curiously stylized
Answer: It is","<s> Is the sentiment of following sentence exist or none?curiously stylized
Answer: It is",,5278,2588
966,"<s> Is the sentiment of following sentence positive or negative?might inspire a trip to the video store -- in search of a better movie experience .
Answer: It is","<s> Is the sentiment of following sentence exist or none?might inspire a trip to the video store -- in search of a better movie experience .
Answer: It is",,7087,2588
967,"<s> Is the sentiment of following sentence positive or negative?if you answered yes , by all means enjoy the new guy .
Answer: It is","<s> Is the sentiment of following sentence exist or none?if you answered yes , by all means enjoy the new guy .
Answer: It is",,5278,2588
968,"<s> Is the sentiment of following sentence positive or negative?, redundant , sloppy
Answer: It is","<s> Is the sentiment of following sentence exist or none?, redundant , sloppy
Answer: It is",,7087,2588
969,"<s> Is the sentiment of following sentence positive or negative?properly intense , claustrophobic tale
Answer: It is","<s> Is the sentiment of following sentence exist or none?properly intense , claustrophobic tale
Answer: It is",,5278,2588
970,"<s> Is the sentiment of following sentence positive or negative?made me realize that we really have n't had a good cheesy b-movie playing in theaters since ... well ... since last week 's reign of fire .
Answer: It is","<s> Is the sentiment of following sentence exist or none?made me realize that we really have n't had a good cheesy b-movie playing in theaters since ... well ... since last week 's reign of fire .
Answer: It is",,7087,2588
971,"<s> Is the sentiment of following sentence positive or negative?still-raw emotions
Answer: It is","<s> Is the sentiment of following sentence exist or none?still-raw emotions
Answer: It is",,5278,2588
972,"<s> Is the sentiment of following sentence positive or negative?hitting all of its assigned marks to take on any life of its own
Answer: It is","<s> Is the sentiment of following sentence exist or none?hitting all of its assigned marks to take on any life of its own
Answer: It is",,7087,2588
973,"<s> Is the sentiment of following sentence positive or negative?a positively thrilling combination of ethnography and all the intrigue , betrayal , deceit and murder
Answer: It is","<s> Is the sentiment of following sentence exist or none?a positively thrilling combination of ethnography and all the intrigue , betrayal , deceit and murder
Answer: It is",,5278,2588
974,"<s> Is the sentiment of following sentence positive or negative?is n't .
Answer: It is","<s> Is the sentiment of following sentence exist or none?is n't .
Answer: It is",,7087,2588
975,"<s> Is the sentiment of following sentence positive or negative?is more accurate than anything
Answer: It is","<s> Is the sentiment of following sentence exist or none?is more accurate than anything
Answer: It is",,5278,2588
976,"<s> Is the sentiment of following sentence positive or negative?a minimalist beauty and the beast
Answer: It is","<s> Is the sentiment of following sentence exist or none?a minimalist beauty and the beast
Answer: It is",,7087,2588
977,"<s> Is the sentiment of following sentence positive or negative?an engrossing and grim portrait of hookers : what they think of themselves and their clients .
Answer: It is","<s> Is the sentiment of following sentence exist or none?an engrossing and grim portrait of hookers : what they think of themselves and their clients .
Answer: It is",,5278,2588
978,"<s> Is the sentiment of following sentence positive or negative?, no-frills ride
Answer: It is","<s> Is the sentiment of following sentence exist or none?, no-frills ride
Answer: It is",,7087,2588
979,"<s> Is the sentiment of following sentence positive or negative?it may be because teens are looking for something to make them laugh .
Answer: It is","<s> Is the sentiment of following sentence exist or none?it may be because teens are looking for something to make them laugh .
Answer: It is",,5278,2588
980,"<s> Is the sentiment of following sentence positive or negative?lightweight meaning
Answer: It is","<s> Is the sentiment of following sentence exist or none?lightweight meaning
Answer: It is",,7087,2588
981,"<s> Is the sentiment of following sentence positive or negative?anonymous chiller
Answer: It is","<s> Is the sentiment of following sentence exist or none?anonymous chiller
Answer: It is",,5278,2588
982,"<s> Is the sentiment of following sentence positive or negative?hack
Answer: It is","<s> Is the sentiment of following sentence exist or none?hack
Answer: It is",,7087,2588
983,"<s> Is the sentiment of following sentence positive or negative?is a clever and cutting , quick and dirty look at modern living and movie life
Answer: It is","<s> Is the sentiment of following sentence exist or none?is a clever and cutting , quick and dirty look at modern living and movie life
Answer: It is",,5278,2588
984,"<s> Is the sentiment of following sentence positive or negative?a cellophane-pop remake of the punk classic ladies and gentlemen , the fabulous stains ...
Answer: It is","<s> Is the sentiment of following sentence exist or none?a cellophane-pop remake of the punk classic ladies and gentlemen , the fabulous stains ...
Answer: It is",,7087,2588
985,"<s> Is the sentiment of following sentence positive or negative?is still good fun
Answer: It is","<s> Is the sentiment of following sentence exist or none?is still good fun
Answer: It is",,5278,2588
986,"<s> Is the sentiment of following sentence positive or negative?may be convinced that he has something significant to say
Answer: It is","<s> Is the sentiment of following sentence exist or none?may be convinced that he has something significant to say
Answer: It is",,7087,2588
987,"<s> Is the sentiment of following sentence positive or negative?becomes a fascinating study of isolation and frustration that successfully recreates both the physical setting and emotional tensions of the papin sisters
Answer: It is","<s> Is the sentiment of following sentence exist or none?becomes a fascinating study of isolation and frustration that successfully recreates both the physical setting and emotional tensions of the papin sisters
Answer: It is",,5278,2588
988,"<s> Is the sentiment of following sentence positive or negative?pique your interest , your imagination , your empathy or anything , really , save your disgust and your indifference
Answer: It is","<s> Is the sentiment of following sentence exist or none?pique your interest , your imagination , your empathy or anything , really , save your disgust and your indifference
Answer: It is",,7087,2588
989,"<s> Is the sentiment of following sentence positive or negative?a funny yet dark and seedy clash of cultures and generations .
Answer: It is","<s> Is the sentiment of following sentence exist or none?a funny yet dark and seedy clash of cultures and generations .
Answer: It is",,5278,2588
990,"<s> Is the sentiment of following sentence positive or negative?for the future , one hopes mr. plympton will find room for one more member of his little band , a professional screenwriter .
Answer: It is","<s> Is the sentiment of following sentence exist or none?for the future , one hopes mr. plympton will find room for one more member of his little band , a professional screenwriter .
Answer: It is",,7087,2588
991,"<s> Is the sentiment of following sentence positive or negative?family film to take everyone to since there 's no new `` a christmas carol '' out in the theaters this year
Answer: It is","<s> Is the sentiment of following sentence exist or none?family film to take everyone to since there 's no new `` a christmas carol '' out in the theaters this year
Answer: It is",,5278,2588
992,"<s> Is the sentiment of following sentence positive or negative?, unaware that it 's the butt of its own joke .
Answer: It is","<s> Is the sentiment of following sentence exist or none?, unaware that it 's the butt of its own joke .
Answer: It is",,7087,2588
993,"<s> Is the sentiment of following sentence positive or negative?i know i should n't have laughed , but
Answer: It is","<s> Is the sentiment of following sentence exist or none?i know i should n't have laughed , but
Answer: It is",,5278,2588
994,"<s> Is the sentiment of following sentence positive or negative?willing to express his convictions
Answer: It is","<s> Is the sentiment of following sentence exist or none?willing to express his convictions
Answer: It is",,7087,2588
995,"<s> Is the sentiment of following sentence positive or negative?kill michael myers for good
Answer: It is","<s> Is the sentiment of following sentence exist or none?kill michael myers for good
Answer: It is",,5278,2588
996,"<s> Is the sentiment of following sentence positive or negative?we really have n't had a good cheesy b-movie playing in theaters since ... well ... since last week 's reign of fire
Answer: It is","<s> Is the sentiment of following sentence exist or none?we really have n't had a good cheesy b-movie playing in theaters since ... well ... since last week 's reign of fire
Answer: It is",,7087,2588
997,"<s> Is the sentiment of following sentence positive or negative?, french director anne fontaine delivers an inspired portrait of male-ridden angst and the emotional blockage that accompanies this human condition
Answer: It is","<s> Is the sentiment of following sentence exist or none?, french director anne fontaine delivers an inspired portrait of male-ridden angst and the emotional blockage that accompanies this human condition
Answer: It is",,5278,2588
998,"<s> Is the sentiment of following sentence positive or negative?stock plot
Answer: It is","<s> Is the sentiment of following sentence exist or none?stock plot
Answer: It is",,7087,2588
999,"<s> Is the sentiment of following sentence positive or negative?that its luckiest viewers will be seated next to one of those ignorant
Answer: It is","<s> Is the sentiment of following sentence exist or none?that its luckiest viewers will be seated next to one of those ignorant
Answer: It is",,5278,2588
1000,"<s> Is the sentiment of following sentence positive or negative?been developed with more care
Answer: It is","<s> Is the sentiment of following sentence exist or none?been developed with more care
Answer: It is",,7087,2588
